student,nominal_supervised_tokens,readout,tau,kind,method,recommended_D_U,recommendation_position,recommended_trajectory_ids,conservative_trajectory_ids,recommendation_meets_loss_constraint,recommended_D_U_seen,conservative_D_U,conservative_D_U_seen,conservative_uses_unverified_ceiling,conservative_meets_loss_constraint,credited_savings_fraction,actual_budget_relative_span,measured_crossing,request_id,log_distance,inside_interval,signed_log_distance,distance_status,interval_width_tokens,interval_log_width,width_status,measured_lower_bound_D_U,measured_upper_bound_D_U,conservative_interval_metrics,log_recommendation_over_conservative
gemma3-1b,50000,code:MBPP,0.0,boundary,boundary_loglinear,,,[],"[""gemma3-1b-above-r1"", ""gemma3-1b-above-r2"", ""gemma3-1b-above-r3""]",,,158391,49943.333333333336,True,False,,0.008470493777599453,"{""status"": ""non_monotone"", ""interval"": null}",gemma3-1b|50000|code:MBPP|0.0,,,,unresolved_interval,,,unresolved,,,"{""log_distance"": null, ""inside_interval"": null, ""signed_log_distance"": null, ""distance_status"": ""unresolved_interval"", ""interval_width_tokens"": null, ""interval_log_width"": null, ""width_status"": ""unresolved"", ""measured_lower_bound_D_U"": null, ""measured_upper_bound_D_U"": null}",
gemma3-1b,50000,code:MBPP,0.0,boundary,fixed_reuse,,,[],"[""gemma3-1b-above-r1"", ""gemma3-1b-above-r2"", ""gemma3-1b-above-r3""]",,,158391,49943.333333333336,True,False,,0.008470493777599453,"{""status"": ""non_monotone"", ""interval"": null}",gemma3-1b|50000|code:MBPP|0.0,,,,unresolved_interval,,,unresolved,,,"{""log_distance"": null, ""inside_interval"": null, ""signed_log_distance"": null, ""distance_status"": ""unresolved_interval"", ""interval_width_tokens"": null, ""interval_log_width"": null, ""width_status"": ""unresolved"", ""measured_lower_bound_D_U"": null, ""measured_upper_bound_D_U"": null}",
gemma3-1b,50000,code:MBPP,0.0,boundary,student_isotonic,,,[],"[""gemma3-1b-above-r1"", ""gemma3-1b-above-r2"", ""gemma3-1b-above-r3""]",,,158391,49943.333333333336,True,False,,0.008470493777599453,"{""status"": ""non_monotone"", ""interval"": null}",gemma3-1b|50000|code:MBPP|0.0,,,,unresolved_interval,,,unresolved,,,"{""log_distance"": null, ""inside_interval"": null, ""signed_log_distance"": null, ""distance_status"": ""unresolved_interval"", ""interval_width_tokens"": null, ""interval_log_width"": null, ""width_status"": ""unresolved"", ""measured_lower_bound_D_U"": null, ""measured_upper_bound_D_U"": null}",
gemma3-1b,50000,code:MBPP,0.0,delta,boundary_loglinear,,,[],"[""gemma3-1b-above-r1"", ""gemma3-1b-above-r2"", ""gemma3-1b-above-r3""]",,,158391,49943.333333333336,True,False,,0.008470493777599453,"{""status"": ""non_monotone"", ""interval"": null}",gemma3-1b|50000|code:MBPP|0.0,,,,unresolved_interval,,,unresolved,,,"{""log_distance"": null, ""inside_interval"": null, ""signed_log_distance"": null, ""distance_status"": ""unresolved_interval"", ""interval_width_tokens"": null, ""interval_log_width"": null, ""width_status"": ""unresolved"", ""measured_lower_bound_D_U"": null, ""measured_upper_bound_D_U"": null}",
gemma3-1b,50000,code:MBPP,0.0,delta,fixed_reuse,,,[],"[""gemma3-1b-above-r1"", ""gemma3-1b-above-r2"", ""gemma3-1b-above-r3""]",,,158391,49943.333333333336,True,False,,0.008470493777599453,"{""status"": ""non_monotone"", ""interval"": null}",gemma3-1b|50000|code:MBPP|0.0,,,,unresolved_interval,,,unresolved,,,"{""log_distance"": null, ""inside_interval"": null, ""signed_log_distance"": null, ""distance_status"": ""unresolved_interval"", ""interval_width_tokens"": null, ""interval_log_width"": null, ""width_status"": ""unresolved"", ""measured_lower_bound_D_U"": null, ""measured_upper_bound_D_U"": null}",
gemma3-1b,50000,code:MBPP,0.0,delta,student_isotonic,,,[],"[""gemma3-1b-above-r1"", ""gemma3-1b-above-r2"", ""gemma3-1b-above-r3""]",,,158391,49943.333333333336,True,False,,0.008470493777599453,"{""status"": ""non_monotone"", ""interval"": null}",gemma3-1b|50000|code:MBPP|0.0,,,,unresolved_interval,,,unresolved,,,"{""log_distance"": null, ""inside_interval"": null, ""signed_log_distance"": null, ""distance_status"": ""unresolved_interval"", ""interval_width_tokens"": null, ""interval_log_width"": null, ""width_status"": ""unresolved"", ""measured_lower_bound_D_U"": null, ""measured_upper_bound_D_U"": null}",
gemma3-1b,50000,code:MBPP,0.1,boundary,boundary_loglinear,32156.666666666668,near,"[""gemma3-1b-near-r1"", ""gemma3-1b-near-r2"", ""gemma3-1b-near-r3""]","[""gemma3-1b-above-r1"", ""gemma3-1b-above-r2"", ""gemma3-1b-above-r3""]",False,32156.666666666668,158391,49943.333333333336,False,False,,0.008470493777599453,"{""status"": ""non_monotone"", ""interval"": null}",gemma3-1b|50000|code:MBPP|0.1,,,,unresolved_interval,,,unresolved,,,"{""log_distance"": null, ""inside_interval"": null, ""signed_log_distance"": null, ""distance_status"": ""unresolved_interval"", ""interval_width_tokens"": null, ""interval_log_width"": null, ""width_status"": ""unresolved"", ""measured_lower_bound_D_U"": null, ""measured_upper_bound_D_U"": null}",-1.5944468690699407
gemma3-1b,50000,code:MBPP,0.1,boundary,fixed_reuse,158391,above,"[""gemma3-1b-above-r1"", ""gemma3-1b-above-r2"", ""gemma3-1b-above-r3""]","[""gemma3-1b-above-r1"", ""gemma3-1b-above-r2"", ""gemma3-1b-above-r3""]",False,49943.333333333336,158391,49943.333333333336,False,False,,0.008470493777599453,"{""status"": ""non_monotone"", ""interval"": null}",gemma3-1b|50000|code:MBPP|0.1,,,,unresolved_interval,,,unresolved,,,"{""log_distance"": null, ""inside_interval"": null, ""signed_log_distance"": null, ""distance_status"": ""unresolved_interval"", ""interval_width_tokens"": null, ""interval_log_width"": null, ""width_status"": ""unresolved"", ""measured_lower_bound_D_U"": null, ""measured_upper_bound_D_U"": null}",0.0
gemma3-1b,50000,code:MBPP,0.1,boundary,student_isotonic,158391,above,"[""gemma3-1b-above-r1"", ""gemma3-1b-above-r2"", ""gemma3-1b-above-r3""]","[""gemma3-1b-above-r1"", ""gemma3-1b-above-r2"", ""gemma3-1b-above-r3""]",False,49943.333333333336,158391,49943.333333333336,False,False,,0.008470493777599453,"{""status"": ""non_monotone"", ""interval"": null}",gemma3-1b|50000|code:MBPP|0.1,,,,unresolved_interval,,,unresolved,,,"{""log_distance"": null, ""inside_interval"": null, ""signed_log_distance"": null, ""distance_status"": ""unresolved_interval"", ""interval_width_tokens"": null, ""interval_log_width"": null, ""width_status"": ""unresolved"", ""measured_lower_bound_D_U"": null, ""measured_upper_bound_D_U"": null}",0.0
gemma3-1b,50000,code:MBPP,0.1,delta,boundary_loglinear,32156.666666666668,near,"[""gemma3-1b-near-r1"", ""gemma3-1b-near-r2"", ""gemma3-1b-near-r3""]","[""gemma3-1b-above-r1"", ""gemma3-1b-above-r2"", ""gemma3-1b-above-r3""]",False,32156.666666666668,158391,49943.333333333336,False,False,,0.008470493777599453,"{""status"": ""non_monotone"", ""interval"": null}",gemma3-1b|50000|code:MBPP|0.1,,,,unresolved_interval,,,unresolved,,,"{""log_distance"": null, ""inside_interval"": null, ""signed_log_distance"": null, ""distance_status"": ""unresolved_interval"", ""interval_width_tokens"": null, ""interval_log_width"": null, ""width_status"": ""unresolved"", ""measured_lower_bound_D_U"": null, ""measured_upper_bound_D_U"": null}",-1.5944468690699407
gemma3-1b,50000,code:MBPP,0.1,delta,fixed_reuse,158391,above,"[""gemma3-1b-above-r1"", ""gemma3-1b-above-r2"", ""gemma3-1b-above-r3""]","[""gemma3-1b-above-r1"", ""gemma3-1b-above-r2"", ""gemma3-1b-above-r3""]",False,49943.333333333336,158391,49943.333333333336,False,False,,0.008470493777599453,"{""status"": ""non_monotone"", ""interval"": null}",gemma3-1b|50000|code:MBPP|0.1,,,,unresolved_interval,,,unresolved,,,"{""log_distance"": null, ""inside_interval"": null, ""signed_log_distance"": null, ""distance_status"": ""unresolved_interval"", ""interval_width_tokens"": null, ""interval_log_width"": null, ""width_status"": ""unresolved"", ""measured_lower_bound_D_U"": null, ""measured_upper_bound_D_U"": null}",0.0
gemma3-1b,50000,code:MBPP,0.1,delta,student_isotonic,158391,above,"[""gemma3-1b-above-r1"", ""gemma3-1b-above-r2"", ""gemma3-1b-above-r3""]","[""gemma3-1b-above-r1"", ""gemma3-1b-above-r2"", ""gemma3-1b-above-r3""]",False,49943.333333333336,158391,49943.333333333336,False,False,,0.008470493777599453,"{""status"": ""non_monotone"", ""interval"": null}",gemma3-1b|50000|code:MBPP|0.1,,,,unresolved_interval,,,unresolved,,,"{""log_distance"": null, ""inside_interval"": null, ""signed_log_distance"": null, ""distance_status"": ""unresolved_interval"", ""interval_width_tokens"": null, ""interval_log_width"": null, ""width_status"": ""unresolved"", ""measured_lower_bound_D_U"": null, ""measured_upper_bound_D_U"": null}",0.0
gemma3-1b,50000,code:MBPP,0.25,boundary,boundary_loglinear,32156.666666666668,near,"[""gemma3-1b-near-r1"", ""gemma3-1b-near-r2"", ""gemma3-1b-near-r3""]","[""gemma3-1b-above-r1"", ""gemma3-1b-above-r2"", ""gemma3-1b-above-r3""]",True,32156.666666666668,158391,49943.333333333336,False,True,0.7969792054683241,0.008470493777599453,"{""status"": ""non_monotone"", ""interval"": null}",gemma3-1b|50000|code:MBPP|0.25,,,,unresolved_interval,,,unresolved,,,"{""log_distance"": null, ""inside_interval"": null, ""signed_log_distance"": null, ""distance_status"": ""unresolved_interval"", ""interval_width_tokens"": null, ""interval_log_width"": null, ""width_status"": ""unresolved"", ""measured_lower_bound_D_U"": null, ""measured_upper_bound_D_U"": null}",-1.5944468690699407
gemma3-1b,50000,code:MBPP,0.25,boundary,fixed_reuse,9049.666666666666,below,"[""gemma3-1b-below-r1"", ""gemma3-1b-below-r2"", ""gemma3-1b-below-r3""]","[""gemma3-1b-above-r1"", ""gemma3-1b-above-r2"", ""gemma3-1b-above-r3""]",True,9049.666666666666,158391,49943.333333333336,False,True,0.9428650196875664,0.008470493777599453,"{""status"": ""non_monotone"", ""interval"": null}",gemma3-1b|50000|code:MBPP|0.25,,,,unresolved_interval,,,unresolved,,,"{""log_distance"": null, ""inside_interval"": null, ""signed_log_distance"": null, ""distance_status"": ""unresolved_interval"", ""interval_width_tokens"": null, ""interval_log_width"": null, ""width_status"": ""unresolved"", ""measured_lower_bound_D_U"": null, ""measured_upper_bound_D_U"": null}",-2.8623387349633114
gemma3-1b,50000,code:MBPP,0.25,boundary,student_isotonic,158391,above,"[""gemma3-1b-above-r1"", ""gemma3-1b-above-r2"", ""gemma3-1b-above-r3""]","[""gemma3-1b-above-r1"", ""gemma3-1b-above-r2"", ""gemma3-1b-above-r3""]",True,49943.333333333336,158391,49943.333333333336,False,True,0.0,0.008470493777599453,"{""status"": ""non_monotone"", ""interval"": null}",gemma3-1b|50000|code:MBPP|0.25,,,,unresolved_interval,,,unresolved,,,"{""log_distance"": null, ""inside_interval"": null, ""signed_log_distance"": null, ""distance_status"": ""unresolved_interval"", ""interval_width_tokens"": null, ""interval_log_width"": null, ""width_status"": ""unresolved"", ""measured_lower_bound_D_U"": null, ""measured_upper_bound_D_U"": null}",0.0
gemma3-1b,50000,code:MBPP,0.25,delta,boundary_loglinear,9049.666666666666,below,"[""gemma3-1b-below-r1"", ""gemma3-1b-below-r2"", ""gemma3-1b-below-r3""]","[""gemma3-1b-below-r1"", ""gemma3-1b-below-r2"", ""gemma3-1b-below-r3""]",True,9049.666666666666,9049.666666666666,9049.666666666666,False,True,0.0,0.008470493777599453,"{""status"": ""non_monotone"", ""interval"": null}",gemma3-1b|50000|code:MBPP|0.25,,,,unresolved_interval,,,unresolved,,,"{""log_distance"": null, ""inside_interval"": null, ""signed_log_distance"": null, ""distance_status"": ""unresolved_interval"", ""interval_width_tokens"": null, ""interval_log_width"": null, ""width_status"": ""unresolved"", ""measured_lower_bound_D_U"": null, ""measured_upper_bound_D_U"": null}",0.0
gemma3-1b,50000,code:MBPP,0.25,delta,fixed_reuse,9049.666666666666,below,"[""gemma3-1b-below-r1"", ""gemma3-1b-below-r2"", ""gemma3-1b-below-r3""]","[""gemma3-1b-below-r1"", ""gemma3-1b-below-r2"", ""gemma3-1b-below-r3""]",True,9049.666666666666,9049.666666666666,9049.666666666666,False,True,0.0,0.008470493777599453,"{""status"": ""non_monotone"", ""interval"": null}",gemma3-1b|50000|code:MBPP|0.25,,,,unresolved_interval,,,unresolved,,,"{""log_distance"": null, ""inside_interval"": null, ""signed_log_distance"": null, ""distance_status"": ""unresolved_interval"", ""interval_width_tokens"": null, ""interval_log_width"": null, ""width_status"": ""unresolved"", ""measured_lower_bound_D_U"": null, ""measured_upper_bound_D_U"": null}",0.0
gemma3-1b,50000,code:MBPP,0.25,delta,student_isotonic,9049.666666666666,below,"[""gemma3-1b-below-r1"", ""gemma3-1b-below-r2"", ""gemma3-1b-below-r3""]","[""gemma3-1b-below-r1"", ""gemma3-1b-below-r2"", ""gemma3-1b-below-r3""]",True,9049.666666666666,9049.666666666666,9049.666666666666,False,True,0.0,0.008470493777599453,"{""status"": ""non_monotone"", ""interval"": null}",gemma3-1b|50000|code:MBPP|0.25,,,,unresolved_interval,,,unresolved,,,"{""log_distance"": null, ""inside_interval"": null, ""signed_log_distance"": null, ""distance_status"": ""unresolved_interval"", ""interval_width_tokens"": null, ""interval_log_width"": null, ""width_status"": ""unresolved"", ""measured_lower_bound_D_U"": null, ""measured_upper_bound_D_U"": null}",0.0
gemma3-1b,50000,code:MBPP,0.5,boundary,boundary_loglinear,,,[],"[""gemma3-1b-above-r1"", ""gemma3-1b-above-r2"", ""gemma3-1b-above-r3""]",,,158391,49943.333333333336,True,True,,0.008470493777599453,"{""status"": ""non_monotone"", ""interval"": null}",gemma3-1b|50000|code:MBPP|0.5,,,,unresolved_interval,,,unresolved,,,"{""log_distance"": null, ""inside_interval"": null, ""signed_log_distance"": null, ""distance_status"": ""unresolved_interval"", ""interval_width_tokens"": null, ""interval_log_width"": null, ""width_status"": ""unresolved"", ""measured_lower_bound_D_U"": null, ""measured_upper_bound_D_U"": null}",
gemma3-1b,50000,code:MBPP,0.5,boundary,fixed_reuse,,,[],"[""gemma3-1b-above-r1"", ""gemma3-1b-above-r2"", ""gemma3-1b-above-r3""]",,,158391,49943.333333333336,True,True,,0.008470493777599453,"{""status"": ""non_monotone"", ""interval"": null}",gemma3-1b|50000|code:MBPP|0.5,,,,unresolved_interval,,,unresolved,,,"{""log_distance"": null, ""inside_interval"": null, ""signed_log_distance"": null, ""distance_status"": ""unresolved_interval"", ""interval_width_tokens"": null, ""interval_log_width"": null, ""width_status"": ""unresolved"", ""measured_lower_bound_D_U"": null, ""measured_upper_bound_D_U"": null}",
gemma3-1b,50000,code:MBPP,0.5,boundary,student_isotonic,158391,above,"[""gemma3-1b-above-r1"", ""gemma3-1b-above-r2"", ""gemma3-1b-above-r3""]","[""gemma3-1b-above-r1"", ""gemma3-1b-above-r2"", ""gemma3-1b-above-r3""]",True,49943.333333333336,158391,49943.333333333336,True,True,0.0,0.008470493777599453,"{""status"": ""non_monotone"", ""interval"": null}",gemma3-1b|50000|code:MBPP|0.5,,,,unresolved_interval,,,unresolved,,,"{""log_distance"": null, ""inside_interval"": null, ""signed_log_distance"": null, ""distance_status"": ""unresolved_interval"", ""interval_width_tokens"": null, ""interval_log_width"": null, ""width_status"": ""unresolved"", ""measured_lower_bound_D_U"": null, ""measured_upper_bound_D_U"": null}",0.0
gemma3-1b,50000,code:MBPP,0.5,delta,boundary_loglinear,9049.666666666666,below,"[""gemma3-1b-below-r1"", ""gemma3-1b-below-r2"", ""gemma3-1b-below-r3""]","[""gemma3-1b-below-r1"", ""gemma3-1b-below-r2"", ""gemma3-1b-below-r3""]",True,9049.666666666666,9049.666666666666,9049.666666666666,False,True,0.0,0.008470493777599453,"{""status"": ""non_monotone"", ""interval"": null}",gemma3-1b|50000|code:MBPP|0.5,,,,unresolved_interval,,,unresolved,,,"{""log_distance"": null, ""inside_interval"": null, ""signed_log_distance"": null, ""distance_status"": ""unresolved_interval"", ""interval_width_tokens"": null, ""interval_log_width"": null, ""width_status"": ""unresolved"", ""measured_lower_bound_D_U"": null, ""measured_upper_bound_D_U"": null}",0.0
gemma3-1b,50000,code:MBPP,0.5,delta,fixed_reuse,9049.666666666666,below,"[""gemma3-1b-below-r1"", ""gemma3-1b-below-r2"", ""gemma3-1b-below-r3""]","[""gemma3-1b-below-r1"", ""gemma3-1b-below-r2"", ""gemma3-1b-below-r3""]",True,9049.666666666666,9049.666666666666,9049.666666666666,False,True,0.0,0.008470493777599453,"{""status"": ""non_monotone"", ""interval"": null}",gemma3-1b|50000|code:MBPP|0.5,,,,unresolved_interval,,,unresolved,,,"{""log_distance"": null, ""inside_interval"": null, ""signed_log_distance"": null, ""distance_status"": ""unresolved_interval"", ""interval_width_tokens"": null, ""interval_log_width"": null, ""width_status"": ""unresolved"", ""measured_lower_bound_D_U"": null, ""measured_upper_bound_D_U"": null}",0.0
gemma3-1b,50000,code:MBPP,0.5,delta,student_isotonic,9049.666666666666,below,"[""gemma3-1b-below-r1"", ""gemma3-1b-below-r2"", ""gemma3-1b-below-r3""]","[""gemma3-1b-below-r1"", ""gemma3-1b-below-r2"", ""gemma3-1b-below-r3""]",True,9049.666666666666,9049.666666666666,9049.666666666666,False,True,0.0,0.008470493777599453,"{""status"": ""non_monotone"", ""interval"": null}",gemma3-1b|50000|code:MBPP|0.5,,,,unresolved_interval,,,unresolved,,,"{""log_distance"": null, ""inside_interval"": null, ""signed_log_distance"": null, ""distance_status"": ""unresolved_interval"", ""interval_width_tokens"": null, ""interval_log_width"": null, ""width_status"": ""unresolved"", ""measured_lower_bound_D_U"": null, ""measured_upper_bound_D_U"": null}",0.0
gemma3-1b,50000,math:MATH-500,0.0,boundary,boundary_loglinear,,,[],"[""gemma3-1b-above-r1"", ""gemma3-1b-above-r2"", ""gemma3-1b-above-r3""]",,,158391,49943.333333333336,True,False,,0.008470493777599453,"{""status"": ""non_monotone"", ""interval"": null}",gemma3-1b|50000|math:MATH-500|0.0,,,,unresolved_interval,,,unresolved,,,"{""log_distance"": null, ""inside_interval"": null, ""signed_log_distance"": null, ""distance_status"": ""unresolved_interval"", ""interval_width_tokens"": null, ""interval_log_width"": null, ""width_status"": ""unresolved"", ""measured_lower_bound_D_U"": null, ""measured_upper_bound_D_U"": null}",
gemma3-1b,50000,math:MATH-500,0.0,boundary,fixed_reuse,,,[],"[""gemma3-1b-above-r1"", ""gemma3-1b-above-r2"", ""gemma3-1b-above-r3""]",,,158391,49943.333333333336,True,False,,0.008470493777599453,"{""status"": ""non_monotone"", ""interval"": null}",gemma3-1b|50000|math:MATH-500|0.0,,,,unresolved_interval,,,unresolved,,,"{""log_distance"": null, ""inside_interval"": null, ""signed_log_distance"": null, ""distance_status"": ""unresolved_interval"", ""interval_width_tokens"": null, ""interval_log_width"": null, ""width_status"": ""unresolved"", ""measured_lower_bound_D_U"": null, ""measured_upper_bound_D_U"": null}",
gemma3-1b,50000,math:MATH-500,0.0,boundary,student_isotonic,,,[],"[""gemma3-1b-above-r1"", ""gemma3-1b-above-r2"", ""gemma3-1b-above-r3""]",,,158391,49943.333333333336,True,False,,0.008470493777599453,"{""status"": ""non_monotone"", ""interval"": null}",gemma3-1b|50000|math:MATH-500|0.0,,,,unresolved_interval,,,unresolved,,,"{""log_distance"": null, ""inside_interval"": null, ""signed_log_distance"": null, ""distance_status"": ""unresolved_interval"", ""interval_width_tokens"": null, ""interval_log_width"": null, ""width_status"": ""unresolved"", ""measured_lower_bound_D_U"": null, ""measured_upper_bound_D_U"": null}",
gemma3-1b,50000,math:MATH-500,0.0,delta,boundary_loglinear,,,[],"[""gemma3-1b-above-r1"", ""gemma3-1b-above-r2"", ""gemma3-1b-above-r3""]",,,158391,49943.333333333336,True,False,,0.008470493777599453,"{""status"": ""non_monotone"", ""interval"": null}",gemma3-1b|50000|math:MATH-500|0.0,,,,unresolved_interval,,,unresolved,,,"{""log_distance"": null, ""inside_interval"": null, ""signed_log_distance"": null, ""distance_status"": ""unresolved_interval"", ""interval_width_tokens"": null, ""interval_log_width"": null, ""width_status"": ""unresolved"", ""measured_lower_bound_D_U"": null, ""measured_upper_bound_D_U"": null}",
gemma3-1b,50000,math:MATH-500,0.0,delta,fixed_reuse,,,[],"[""gemma3-1b-above-r1"", ""gemma3-1b-above-r2"", ""gemma3-1b-above-r3""]",,,158391,49943.333333333336,True,False,,0.008470493777599453,"{""status"": ""non_monotone"", ""interval"": null}",gemma3-1b|50000|math:MATH-500|0.0,,,,unresolved_interval,,,unresolved,,,"{""log_distance"": null, ""inside_interval"": null, ""signed_log_distance"": null, ""distance_status"": ""unresolved_interval"", ""interval_width_tokens"": null, ""interval_log_width"": null, ""width_status"": ""unresolved"", ""measured_lower_bound_D_U"": null, ""measured_upper_bound_D_U"": null}",
gemma3-1b,50000,math:MATH-500,0.0,delta,student_isotonic,,,[],"[""gemma3-1b-above-r1"", ""gemma3-1b-above-r2"", ""gemma3-1b-above-r3""]",,,158391,49943.333333333336,True,False,,0.008470493777599453,"{""status"": ""non_monotone"", ""interval"": null}",gemma3-1b|50000|math:MATH-500|0.0,,,,unresolved_interval,,,unresolved,,,"{""log_distance"": null, ""inside_interval"": null, ""signed_log_distance"": null, ""distance_status"": ""unresolved_interval"", ""interval_width_tokens"": null, ""interval_log_width"": null, ""width_status"": ""unresolved"", ""measured_lower_bound_D_U"": null, ""measured_upper_bound_D_U"": null}",
gemma3-1b,50000,math:MATH-500,0.1,boundary,boundary_loglinear,32156.666666666668,near,"[""gemma3-1b-near-r1"", ""gemma3-1b-near-r2"", ""gemma3-1b-near-r3""]","[""gemma3-1b-above-r1"", ""gemma3-1b-above-r2"", ""gemma3-1b-above-r3""]",False,32156.666666666668,158391,49943.333333333336,False,True,,0.008470493777599453,"{""status"": ""non_monotone"", ""interval"": null}",gemma3-1b|50000|math:MATH-500|0.1,,,,unresolved_interval,,,unresolved,,,"{""log_distance"": null, ""inside_interval"": null, ""signed_log_distance"": null, ""distance_status"": ""unresolved_interval"", ""interval_width_tokens"": null, ""interval_log_width"": null, ""width_status"": ""unresolved"", ""measured_lower_bound_D_U"": null, ""measured_upper_bound_D_U"": null}",-1.5944468690699407
gemma3-1b,50000,math:MATH-500,0.1,boundary,fixed_reuse,32156.666666666668,near,"[""gemma3-1b-near-r1"", ""gemma3-1b-near-r2"", ""gemma3-1b-near-r3""]","[""gemma3-1b-above-r1"", ""gemma3-1b-above-r2"", ""gemma3-1b-above-r3""]",False,32156.666666666668,158391,49943.333333333336,False,True,,0.008470493777599453,"{""status"": ""non_monotone"", ""interval"": null}",gemma3-1b|50000|math:MATH-500|0.1,,,,unresolved_interval,,,unresolved,,,"{""log_distance"": null, ""inside_interval"": null, ""signed_log_distance"": null, ""distance_status"": ""unresolved_interval"", ""interval_width_tokens"": null, ""interval_log_width"": null, ""width_status"": ""unresolved"", ""measured_lower_bound_D_U"": null, ""measured_upper_bound_D_U"": null}",-1.5944468690699407
gemma3-1b,50000,math:MATH-500,0.1,boundary,student_isotonic,158391,above,"[""gemma3-1b-above-r1"", ""gemma3-1b-above-r2"", ""gemma3-1b-above-r3""]","[""gemma3-1b-above-r1"", ""gemma3-1b-above-r2"", ""gemma3-1b-above-r3""]",True,49943.333333333336,158391,49943.333333333336,False,True,0.0,0.008470493777599453,"{""status"": ""non_monotone"", ""interval"": null}",gemma3-1b|50000|math:MATH-500|0.1,,,,unresolved_interval,,,unresolved,,,"{""log_distance"": null, ""inside_interval"": null, ""signed_log_distance"": null, ""distance_status"": ""unresolved_interval"", ""interval_width_tokens"": null, ""interval_log_width"": null, ""width_status"": ""unresolved"", ""measured_lower_bound_D_U"": null, ""measured_upper_bound_D_U"": null}",0.0
gemma3-1b,50000,math:MATH-500,0.1,delta,boundary_loglinear,32156.666666666668,near,"[""gemma3-1b-near-r1"", ""gemma3-1b-near-r2"", ""gemma3-1b-near-r3""]","[""gemma3-1b-above-r1"", ""gemma3-1b-above-r2"", ""gemma3-1b-above-r3""]",False,32156.666666666668,158391,49943.333333333336,False,True,,0.008470493777599453,"{""status"": ""non_monotone"", ""interval"": null}",gemma3-1b|50000|math:MATH-500|0.1,,,,unresolved_interval,,,unresolved,,,"{""log_distance"": null, ""inside_interval"": null, ""signed_log_distance"": null, ""distance_status"": ""unresolved_interval"", ""interval_width_tokens"": null, ""interval_log_width"": null, ""width_status"": ""unresolved"", ""measured_lower_bound_D_U"": null, ""measured_upper_bound_D_U"": null}",-1.5944468690699407
gemma3-1b,50000,math:MATH-500,0.1,delta,fixed_reuse,158391,above,"[""gemma3-1b-above-r1"", ""gemma3-1b-above-r2"", ""gemma3-1b-above-r3""]","[""gemma3-1b-above-r1"", ""gemma3-1b-above-r2"", ""gemma3-1b-above-r3""]",True,49943.333333333336,158391,49943.333333333336,False,True,0.0,0.008470493777599453,"{""status"": ""non_monotone"", ""interval"": null}",gemma3-1b|50000|math:MATH-500|0.1,,,,unresolved_interval,,,unresolved,,,"{""log_distance"": null, ""inside_interval"": null, ""signed_log_distance"": null, ""distance_status"": ""unresolved_interval"", ""interval_width_tokens"": null, ""interval_log_width"": null, ""width_status"": ""unresolved"", ""measured_lower_bound_D_U"": null, ""measured_upper_bound_D_U"": null}",0.0
gemma3-1b,50000,math:MATH-500,0.1,delta,student_isotonic,9049.666666666666,below,"[""gemma3-1b-below-r1"", ""gemma3-1b-below-r2"", ""gemma3-1b-below-r3""]","[""gemma3-1b-above-r1"", ""gemma3-1b-above-r2"", ""gemma3-1b-above-r3""]",False,9049.666666666666,158391,49943.333333333336,False,True,,0.008470493777599453,"{""status"": ""non_monotone"", ""interval"": null}",gemma3-1b|50000|math:MATH-500|0.1,,,,unresolved_interval,,,unresolved,,,"{""log_distance"": null, ""inside_interval"": null, ""signed_log_distance"": null, ""distance_status"": ""unresolved_interval"", ""interval_width_tokens"": null, ""interval_log_width"": null, ""width_status"": ""unresolved"", ""measured_lower_bound_D_U"": null, ""measured_upper_bound_D_U"": null}",-2.8623387349633114
gemma3-1b,50000,math:MATH-500,0.25,boundary,boundary_loglinear,32156.666666666668,near,"[""gemma3-1b-near-r1"", ""gemma3-1b-near-r2"", ""gemma3-1b-near-r3""]","[""gemma3-1b-above-r1"", ""gemma3-1b-above-r2"", ""gemma3-1b-above-r3""]",True,32156.666666666668,158391,49943.333333333336,False,True,0.7969792054683241,0.008470493777599453,"{""status"": ""non_monotone"", ""interval"": null}",gemma3-1b|50000|math:MATH-500|0.25,,,,unresolved_interval,,,unresolved,,,"{""log_distance"": null, ""inside_interval"": null, ""signed_log_distance"": null, ""distance_status"": ""unresolved_interval"", ""interval_width_tokens"": null, ""interval_log_width"": null, ""width_status"": ""unresolved"", ""measured_lower_bound_D_U"": null, ""measured_upper_bound_D_U"": null}",-1.5944468690699407
gemma3-1b,50000,math:MATH-500,0.25,boundary,fixed_reuse,9049.666666666666,below,"[""gemma3-1b-below-r1"", ""gemma3-1b-below-r2"", ""gemma3-1b-below-r3""]","[""gemma3-1b-above-r1"", ""gemma3-1b-above-r2"", ""gemma3-1b-above-r3""]",True,9049.666666666666,158391,49943.333333333336,False,True,0.9428650196875664,0.008470493777599453,"{""status"": ""non_monotone"", ""interval"": null}",gemma3-1b|50000|math:MATH-500|0.25,,,,unresolved_interval,,,unresolved,,,"{""log_distance"": null, ""inside_interval"": null, ""signed_log_distance"": null, ""distance_status"": ""unresolved_interval"", ""interval_width_tokens"": null, ""interval_log_width"": null, ""width_status"": ""unresolved"", ""measured_lower_bound_D_U"": null, ""measured_upper_bound_D_U"": null}",-2.8623387349633114
gemma3-1b,50000,math:MATH-500,0.25,boundary,student_isotonic,158391,above,"[""gemma3-1b-above-r1"", ""gemma3-1b-above-r2"", ""gemma3-1b-above-r3""]","[""gemma3-1b-above-r1"", ""gemma3-1b-above-r2"", ""gemma3-1b-above-r3""]",True,49943.333333333336,158391,49943.333333333336,False,True,0.0,0.008470493777599453,"{""status"": ""non_monotone"", ""interval"": null}",gemma3-1b|50000|math:MATH-500|0.25,,,,unresolved_interval,,,unresolved,,,"{""log_distance"": null, ""inside_interval"": null, ""signed_log_distance"": null, ""distance_status"": ""unresolved_interval"", ""interval_width_tokens"": null, ""interval_log_width"": null, ""width_status"": ""unresolved"", ""measured_lower_bound_D_U"": null, ""measured_upper_bound_D_U"": null}",0.0
gemma3-1b,50000,math:MATH-500,0.25,delta,boundary_loglinear,9049.666666666666,below,"[""gemma3-1b-below-r1"", ""gemma3-1b-below-r2"", ""gemma3-1b-below-r3""]","[""gemma3-1b-below-r1"", ""gemma3-1b-below-r2"", ""gemma3-1b-below-r3""]",True,9049.666666666666,9049.666666666666,9049.666666666666,False,True,0.0,0.008470493777599453,"{""status"": ""non_monotone"", ""interval"": null}",gemma3-1b|50000|math:MATH-500|0.25,,,,unresolved_interval,,,unresolved,,,"{""log_distance"": null, ""inside_interval"": null, ""signed_log_distance"": null, ""distance_status"": ""unresolved_interval"", ""interval_width_tokens"": null, ""interval_log_width"": null, ""width_status"": ""unresolved"", ""measured_lower_bound_D_U"": null, ""measured_upper_bound_D_U"": null}",0.0
gemma3-1b,50000,math:MATH-500,0.25,delta,fixed_reuse,9049.666666666666,below,"[""gemma3-1b-below-r1"", ""gemma3-1b-below-r2"", ""gemma3-1b-below-r3""]","[""gemma3-1b-below-r1"", ""gemma3-1b-below-r2"", ""gemma3-1b-below-r3""]",True,9049.666666666666,9049.666666666666,9049.666666666666,False,True,0.0,0.008470493777599453,"{""status"": ""non_monotone"", ""interval"": null}",gemma3-1b|50000|math:MATH-500|0.25,,,,unresolved_interval,,,unresolved,,,"{""log_distance"": null, ""inside_interval"": null, ""signed_log_distance"": null, ""distance_status"": ""unresolved_interval"", ""interval_width_tokens"": null, ""interval_log_width"": null, ""width_status"": ""unresolved"", ""measured_lower_bound_D_U"": null, ""measured_upper_bound_D_U"": null}",0.0
gemma3-1b,50000,math:MATH-500,0.25,delta,student_isotonic,9049.666666666666,below,"[""gemma3-1b-below-r1"", ""gemma3-1b-below-r2"", ""gemma3-1b-below-r3""]","[""gemma3-1b-below-r1"", ""gemma3-1b-below-r2"", ""gemma3-1b-below-r3""]",True,9049.666666666666,9049.666666666666,9049.666666666666,False,True,0.0,0.008470493777599453,"{""status"": ""non_monotone"", ""interval"": null}",gemma3-1b|50000|math:MATH-500|0.25,,,,unresolved_interval,,,unresolved,,,"{""log_distance"": null, ""inside_interval"": null, ""signed_log_distance"": null, ""distance_status"": ""unresolved_interval"", ""interval_width_tokens"": null, ""interval_log_width"": null, ""width_status"": ""unresolved"", ""measured_lower_bound_D_U"": null, ""measured_upper_bound_D_U"": null}",0.0
gemma3-1b,50000,math:MATH-500,0.5,boundary,boundary_loglinear,,,[],"[""gemma3-1b-above-r1"", ""gemma3-1b-above-r2"", ""gemma3-1b-above-r3""]",,,158391,49943.333333333336,True,True,,0.008470493777599453,"{""status"": ""non_monotone"", ""interval"": null}",gemma3-1b|50000|math:MATH-500|0.5,,,,unresolved_interval,,,unresolved,,,"{""log_distance"": null, ""inside_interval"": null, ""signed_log_distance"": null, ""distance_status"": ""unresolved_interval"", ""interval_width_tokens"": null, ""interval_log_width"": null, ""width_status"": ""unresolved"", ""measured_lower_bound_D_U"": null, ""measured_upper_bound_D_U"": null}",
gemma3-1b,50000,math:MATH-500,0.5,boundary,fixed_reuse,,,[],"[""gemma3-1b-above-r1"", ""gemma3-1b-above-r2"", ""gemma3-1b-above-r3""]",,,158391,49943.333333333336,True,True,,0.008470493777599453,"{""status"": ""non_monotone"", ""interval"": null}",gemma3-1b|50000|math:MATH-500|0.5,,,,unresolved_interval,,,unresolved,,,"{""log_distance"": null, ""inside_interval"": null, ""signed_log_distance"": null, ""distance_status"": ""unresolved_interval"", ""interval_width_tokens"": null, ""interval_log_width"": null, ""width_status"": ""unresolved"", ""measured_lower_bound_D_U"": null, ""measured_upper_bound_D_U"": null}",
gemma3-1b,50000,math:MATH-500,0.5,boundary,student_isotonic,158391,above,"[""gemma3-1b-above-r1"", ""gemma3-1b-above-r2"", ""gemma3-1b-above-r3""]","[""gemma3-1b-above-r1"", ""gemma3-1b-above-r2"", ""gemma3-1b-above-r3""]",True,49943.333333333336,158391,49943.333333333336,True,True,0.0,0.008470493777599453,"{""status"": ""non_monotone"", ""interval"": null}",gemma3-1b|50000|math:MATH-500|0.5,,,,unresolved_interval,,,unresolved,,,"{""log_distance"": null, ""inside_interval"": null, ""signed_log_distance"": null, ""distance_status"": ""unresolved_interval"", ""interval_width_tokens"": null, ""interval_log_width"": null, ""width_status"": ""unresolved"", ""measured_lower_bound_D_U"": null, ""measured_upper_bound_D_U"": null}",0.0
gemma3-1b,50000,math:MATH-500,0.5,delta,boundary_loglinear,9049.666666666666,below,"[""gemma3-1b-below-r1"", ""gemma3-1b-below-r2"", ""gemma3-1b-below-r3""]","[""gemma3-1b-below-r1"", ""gemma3-1b-below-r2"", ""gemma3-1b-below-r3""]",True,9049.666666666666,9049.666666666666,9049.666666666666,False,True,0.0,0.008470493777599453,"{""status"": ""non_monotone"", ""interval"": null}",gemma3-1b|50000|math:MATH-500|0.5,,,,unresolved_interval,,,unresolved,,,"{""log_distance"": null, ""inside_interval"": null, ""signed_log_distance"": null, ""distance_status"": ""unresolved_interval"", ""interval_width_tokens"": null, ""interval_log_width"": null, ""width_status"": ""unresolved"", ""measured_lower_bound_D_U"": null, ""measured_upper_bound_D_U"": null}",0.0
gemma3-1b,50000,math:MATH-500,0.5,delta,fixed_reuse,9049.666666666666,below,"[""gemma3-1b-below-r1"", ""gemma3-1b-below-r2"", ""gemma3-1b-below-r3""]","[""gemma3-1b-below-r1"", ""gemma3-1b-below-r2"", ""gemma3-1b-below-r3""]",True,9049.666666666666,9049.666666666666,9049.666666666666,False,True,0.0,0.008470493777599453,"{""status"": ""non_monotone"", ""interval"": null}",gemma3-1b|50000|math:MATH-500|0.5,,,,unresolved_interval,,,unresolved,,,"{""log_distance"": null, ""inside_interval"": null, ""signed_log_distance"": null, ""distance_status"": ""unresolved_interval"", ""interval_width_tokens"": null, ""interval_log_width"": null, ""width_status"": ""unresolved"", ""measured_lower_bound_D_U"": null, ""measured_upper_bound_D_U"": null}",0.0
gemma3-1b,50000,math:MATH-500,0.5,delta,student_isotonic,9049.666666666666,below,"[""gemma3-1b-below-r1"", ""gemma3-1b-below-r2"", ""gemma3-1b-below-r3""]","[""gemma3-1b-below-r1"", ""gemma3-1b-below-r2"", ""gemma3-1b-below-r3""]",True,9049.666666666666,9049.666666666666,9049.666666666666,False,True,0.0,0.008470493777599453,"{""status"": ""non_monotone"", ""interval"": null}",gemma3-1b|50000|math:MATH-500|0.5,,,,unresolved_interval,,,unresolved,,,"{""log_distance"": null, ""inside_interval"": null, ""signed_log_distance"": null, ""distance_status"": ""unresolved_interval"", ""interval_width_tokens"": null, ""interval_log_width"": null, ""width_status"": ""unresolved"", ""measured_lower_bound_D_U"": null, ""measured_upper_bound_D_U"": null}",0.0
gemma3-1b,50000,qa:2Wiki-fresh,0.0,boundary,boundary_loglinear,32156.666666666668,near,"[""gemma3-1b-near-r1"", ""gemma3-1b-near-r2"", ""gemma3-1b-near-r3""]","[""gemma3-1b-near-r1"", ""gemma3-1b-near-r2"", ""gemma3-1b-near-r3""]",True,32156.666666666668,32156.666666666668,32156.666666666668,False,True,0.0,0.008470493777599453,"{""status"": ""upper_bound"", ""interval"": [0, 9106]}",gemma3-1b|50000|qa:2Wiki-fresh|0.0,1.2616862536017621,False,1.2616862536017621,censored_distance_lower_bound,9106,,unbounded_log_interval,,9106,"{""log_distance"": 1.2616862536017621, ""inside_interval"": false, ""signed_log_distance"": 1.2616862536017621, ""distance_status"": ""censored_distance_lower_bound"", ""interval_width_tokens"": 9106, ""interval_log_width"": null, ""width_status"": ""unbounded_log_interval"", ""measured_lower_bound_D_U"": null, ""measured_upper_bound_D_U"": 9106}",0.0
gemma3-1b,50000,qa:2Wiki-fresh,0.0,boundary,fixed_reuse,9049.666666666666,below,"[""gemma3-1b-below-r1"", ""gemma3-1b-below-r2"", ""gemma3-1b-below-r3""]","[""gemma3-1b-near-r1"", ""gemma3-1b-near-r2"", ""gemma3-1b-near-r3""]",True,9049.666666666666,32156.666666666668,32156.666666666668,False,True,0.7185757230227015,0.008470493777599453,"{""status"": ""upper_bound"", ""interval"": [0, 9106]}",gemma3-1b|50000|qa:2Wiki-fresh|0.0,0.0,True,0.0,censored_distance_lower_bound,9106,,unbounded_log_interval,,9106,"{""log_distance"": 1.2616862536017621, ""inside_interval"": false, ""signed_log_distance"": 1.2616862536017621, ""distance_status"": ""censored_distance_lower_bound"", ""interval_width_tokens"": 9106, ""interval_log_width"": null, ""width_status"": ""unbounded_log_interval"", ""measured_lower_bound_D_U"": null, ""measured_upper_bound_D_U"": 9106}",-1.2678918658933709
gemma3-1b,50000,qa:2Wiki-fresh,0.0,boundary,student_isotonic,32156.666666666668,near,"[""gemma3-1b-near-r1"", ""gemma3-1b-near-r2"", ""gemma3-1b-near-r3""]","[""gemma3-1b-near-r1"", ""gemma3-1b-near-r2"", ""gemma3-1b-near-r3""]",True,32156.666666666668,32156.666666666668,32156.666666666668,False,True,0.0,0.008470493777599453,"{""status"": ""upper_bound"", ""interval"": [0, 9106]}",gemma3-1b|50000|qa:2Wiki-fresh|0.0,1.2616862536017621,False,1.2616862536017621,censored_distance_lower_bound,9106,,unbounded_log_interval,,9106,"{""log_distance"": 1.2616862536017621, ""inside_interval"": false, ""signed_log_distance"": 1.2616862536017621, ""distance_status"": ""censored_distance_lower_bound"", ""interval_width_tokens"": 9106, ""interval_log_width"": null, ""width_status"": ""unbounded_log_interval"", ""measured_lower_bound_D_U"": null, ""measured_upper_bound_D_U"": 9106}",0.0
gemma3-1b,50000,qa:2Wiki-fresh,0.0,delta,boundary_loglinear,9049.666666666666,below,"[""gemma3-1b-below-r1"", ""gemma3-1b-below-r2"", ""gemma3-1b-below-r3""]","[""gemma3-1b-above-r1"", ""gemma3-1b-above-r2"", ""gemma3-1b-above-r3""]",True,9049.666666666666,158391,49943.333333333336,True,True,0.9428650196875664,0.008470493777599453,"{""status"": ""upper_bound"", ""interval"": [0, 9106]}",gemma3-1b|50000|qa:2Wiki-fresh|0.0,0.0,True,0.0,censored_distance_lower_bound,9106,,unbounded_log_interval,,9106,"{""log_distance"": 2.856133122671703, ""inside_interval"": false, ""signed_log_distance"": 2.856133122671703, ""distance_status"": ""censored_distance_lower_bound"", ""interval_width_tokens"": 9106, ""interval_log_width"": null, ""width_status"": ""unbounded_log_interval"", ""measured_lower_bound_D_U"": null, ""measured_upper_bound_D_U"": 9106}",-2.8623387349633114
gemma3-1b,50000,qa:2Wiki-fresh,0.0,delta,fixed_reuse,,,[],"[""gemma3-1b-above-r1"", ""gemma3-1b-above-r2"", ""gemma3-1b-above-r3""]",,,158391,49943.333333333336,True,True,,0.008470493777599453,"{""status"": ""upper_bound"", ""interval"": [0, 9106]}",gemma3-1b|50000|qa:2Wiki-fresh|0.0,,,,no_recommendation,9106,,unbounded_log_interval,,9106,"{""log_distance"": 2.856133122671703, ""inside_interval"": false, ""signed_log_distance"": 2.856133122671703, ""distance_status"": ""censored_distance_lower_bound"", ""interval_width_tokens"": 9106, ""interval_log_width"": null, ""width_status"": ""unbounded_log_interval"", ""measured_lower_bound_D_U"": null, ""measured_upper_bound_D_U"": 9106}",
gemma3-1b,50000,qa:2Wiki-fresh,0.0,delta,student_isotonic,9049.666666666666,below,"[""gemma3-1b-below-r1"", ""gemma3-1b-below-r2"", ""gemma3-1b-below-r3""]","[""gemma3-1b-above-r1"", ""gemma3-1b-above-r2"", ""gemma3-1b-above-r3""]",True,9049.666666666666,158391,49943.333333333336,True,True,0.9428650196875664,0.008470493777599453,"{""status"": ""upper_bound"", ""interval"": [0, 9106]}",gemma3-1b|50000|qa:2Wiki-fresh|0.0,0.0,True,0.0,censored_distance_lower_bound,9106,,unbounded_log_interval,,9106,"{""log_distance"": 2.856133122671703, ""inside_interval"": false, ""signed_log_distance"": 2.856133122671703, ""distance_status"": ""censored_distance_lower_bound"", ""interval_width_tokens"": 9106, ""interval_log_width"": null, ""width_status"": ""unbounded_log_interval"", ""measured_lower_bound_D_U"": null, ""measured_upper_bound_D_U"": 9106}",-2.8623387349633114
gemma3-1b,50000,qa:2Wiki-fresh,0.1,boundary,boundary_loglinear,32156.666666666668,near,"[""gemma3-1b-near-r1"", ""gemma3-1b-near-r2"", ""gemma3-1b-near-r3""]","[""gemma3-1b-near-r1"", ""gemma3-1b-near-r2"", ""gemma3-1b-near-r3""]",True,32156.666666666668,32156.666666666668,32156.666666666668,False,True,0.0,0.008470493777599453,"{""status"": ""upper_bound"", ""interval"": [0, 9106]}",gemma3-1b|50000|qa:2Wiki-fresh|0.1,1.2616862536017621,False,1.2616862536017621,censored_distance_lower_bound,9106,,unbounded_log_interval,,9106,"{""log_distance"": 1.2616862536017621, ""inside_interval"": false, ""signed_log_distance"": 1.2616862536017621, ""distance_status"": ""censored_distance_lower_bound"", ""interval_width_tokens"": 9106, ""interval_log_width"": null, ""width_status"": ""unbounded_log_interval"", ""measured_lower_bound_D_U"": null, ""measured_upper_bound_D_U"": 9106}",0.0
gemma3-1b,50000,qa:2Wiki-fresh,0.1,boundary,fixed_reuse,9049.666666666666,below,"[""gemma3-1b-below-r1"", ""gemma3-1b-below-r2"", ""gemma3-1b-below-r3""]","[""gemma3-1b-near-r1"", ""gemma3-1b-near-r2"", ""gemma3-1b-near-r3""]",True,9049.666666666666,32156.666666666668,32156.666666666668,False,True,0.7185757230227015,0.008470493777599453,"{""status"": ""upper_bound"", ""interval"": [0, 9106]}",gemma3-1b|50000|qa:2Wiki-fresh|0.1,0.0,True,0.0,censored_distance_lower_bound,9106,,unbounded_log_interval,,9106,"{""log_distance"": 1.2616862536017621, ""inside_interval"": false, ""signed_log_distance"": 1.2616862536017621, ""distance_status"": ""censored_distance_lower_bound"", ""interval_width_tokens"": 9106, ""interval_log_width"": null, ""width_status"": ""unbounded_log_interval"", ""measured_lower_bound_D_U"": null, ""measured_upper_bound_D_U"": 9106}",-1.2678918658933709
gemma3-1b,50000,qa:2Wiki-fresh,0.1,boundary,student_isotonic,32156.666666666668,near,"[""gemma3-1b-near-r1"", ""gemma3-1b-near-r2"", ""gemma3-1b-near-r3""]","[""gemma3-1b-near-r1"", ""gemma3-1b-near-r2"", ""gemma3-1b-near-r3""]",True,32156.666666666668,32156.666666666668,32156.666666666668,False,True,0.0,0.008470493777599453,"{""status"": ""upper_bound"", ""interval"": [0, 9106]}",gemma3-1b|50000|qa:2Wiki-fresh|0.1,1.2616862536017621,False,1.2616862536017621,censored_distance_lower_bound,9106,,unbounded_log_interval,,9106,"{""log_distance"": 1.2616862536017621, ""inside_interval"": false, ""signed_log_distance"": 1.2616862536017621, ""distance_status"": ""censored_distance_lower_bound"", ""interval_width_tokens"": 9106, ""interval_log_width"": null, ""width_status"": ""unbounded_log_interval"", ""measured_lower_bound_D_U"": null, ""measured_upper_bound_D_U"": 9106}",0.0
gemma3-1b,50000,qa:2Wiki-fresh,0.1,delta,boundary_loglinear,9049.666666666666,below,"[""gemma3-1b-below-r1"", ""gemma3-1b-below-r2"", ""gemma3-1b-below-r3""]","[""gemma3-1b-above-r1"", ""gemma3-1b-above-r2"", ""gemma3-1b-above-r3""]",True,9049.666666666666,158391,49943.333333333336,True,True,0.9428650196875664,0.008470493777599453,"{""status"": ""upper_bound"", ""interval"": [0, 9106]}",gemma3-1b|50000|qa:2Wiki-fresh|0.1,0.0,True,0.0,censored_distance_lower_bound,9106,,unbounded_log_interval,,9106,"{""log_distance"": 2.856133122671703, ""inside_interval"": false, ""signed_log_distance"": 2.856133122671703, ""distance_status"": ""censored_distance_lower_bound"", ""interval_width_tokens"": 9106, ""interval_log_width"": null, ""width_status"": ""unbounded_log_interval"", ""measured_lower_bound_D_U"": null, ""measured_upper_bound_D_U"": 9106}",-2.8623387349633114
gemma3-1b,50000,qa:2Wiki-fresh,0.1,delta,fixed_reuse,,,[],"[""gemma3-1b-above-r1"", ""gemma3-1b-above-r2"", ""gemma3-1b-above-r3""]",,,158391,49943.333333333336,True,True,,0.008470493777599453,"{""status"": ""upper_bound"", ""interval"": [0, 9106]}",gemma3-1b|50000|qa:2Wiki-fresh|0.1,,,,no_recommendation,9106,,unbounded_log_interval,,9106,"{""log_distance"": 2.856133122671703, ""inside_interval"": false, ""signed_log_distance"": 2.856133122671703, ""distance_status"": ""censored_distance_lower_bound"", ""interval_width_tokens"": 9106, ""interval_log_width"": null, ""width_status"": ""unbounded_log_interval"", ""measured_lower_bound_D_U"": null, ""measured_upper_bound_D_U"": 9106}",
gemma3-1b,50000,qa:2Wiki-fresh,0.1,delta,student_isotonic,9049.666666666666,below,"[""gemma3-1b-below-r1"", ""gemma3-1b-below-r2"", ""gemma3-1b-below-r3""]","[""gemma3-1b-above-r1"", ""gemma3-1b-above-r2"", ""gemma3-1b-above-r3""]",True,9049.666666666666,158391,49943.333333333336,True,True,0.9428650196875664,0.008470493777599453,"{""status"": ""upper_bound"", ""interval"": [0, 9106]}",gemma3-1b|50000|qa:2Wiki-fresh|0.1,0.0,True,0.0,censored_distance_lower_bound,9106,,unbounded_log_interval,,9106,"{""log_distance"": 2.856133122671703, ""inside_interval"": false, ""signed_log_distance"": 2.856133122671703, ""distance_status"": ""censored_distance_lower_bound"", ""interval_width_tokens"": 9106, ""interval_log_width"": null, ""width_status"": ""unbounded_log_interval"", ""measured_lower_bound_D_U"": null, ""measured_upper_bound_D_U"": 9106}",-2.8623387349633114
gemma3-1b,50000,qa:2Wiki-fresh,0.25,boundary,boundary_loglinear,32156.666666666668,near,"[""gemma3-1b-near-r1"", ""gemma3-1b-near-r2"", ""gemma3-1b-near-r3""]","[""gemma3-1b-near-r1"", ""gemma3-1b-near-r2"", ""gemma3-1b-near-r3""]",True,32156.666666666668,32156.666666666668,32156.666666666668,False,True,0.0,0.008470493777599453,"{""status"": ""upper_bound"", ""interval"": [0, 9106]}",gemma3-1b|50000|qa:2Wiki-fresh|0.25,1.2616862536017621,False,1.2616862536017621,censored_distance_lower_bound,9106,,unbounded_log_interval,,9106,"{""log_distance"": 1.2616862536017621, ""inside_interval"": false, ""signed_log_distance"": 1.2616862536017621, ""distance_status"": ""censored_distance_lower_bound"", ""interval_width_tokens"": 9106, ""interval_log_width"": null, ""width_status"": ""unbounded_log_interval"", ""measured_lower_bound_D_U"": null, ""measured_upper_bound_D_U"": 9106}",0.0
gemma3-1b,50000,qa:2Wiki-fresh,0.25,boundary,fixed_reuse,9049.666666666666,below,"[""gemma3-1b-below-r1"", ""gemma3-1b-below-r2"", ""gemma3-1b-below-r3""]","[""gemma3-1b-near-r1"", ""gemma3-1b-near-r2"", ""gemma3-1b-near-r3""]",True,9049.666666666666,32156.666666666668,32156.666666666668,False,True,0.7185757230227015,0.008470493777599453,"{""status"": ""upper_bound"", ""interval"": [0, 9106]}",gemma3-1b|50000|qa:2Wiki-fresh|0.25,0.0,True,0.0,censored_distance_lower_bound,9106,,unbounded_log_interval,,9106,"{""log_distance"": 1.2616862536017621, ""inside_interval"": false, ""signed_log_distance"": 1.2616862536017621, ""distance_status"": ""censored_distance_lower_bound"", ""interval_width_tokens"": 9106, ""interval_log_width"": null, ""width_status"": ""unbounded_log_interval"", ""measured_lower_bound_D_U"": null, ""measured_upper_bound_D_U"": 9106}",-1.2678918658933709
gemma3-1b,50000,qa:2Wiki-fresh,0.25,boundary,student_isotonic,32156.666666666668,near,"[""gemma3-1b-near-r1"", ""gemma3-1b-near-r2"", ""gemma3-1b-near-r3""]","[""gemma3-1b-near-r1"", ""gemma3-1b-near-r2"", ""gemma3-1b-near-r3""]",True,32156.666666666668,32156.666666666668,32156.666666666668,False,True,0.0,0.008470493777599453,"{""status"": ""upper_bound"", ""interval"": [0, 9106]}",gemma3-1b|50000|qa:2Wiki-fresh|0.25,1.2616862536017621,False,1.2616862536017621,censored_distance_lower_bound,9106,,unbounded_log_interval,,9106,"{""log_distance"": 1.2616862536017621, ""inside_interval"": false, ""signed_log_distance"": 1.2616862536017621, ""distance_status"": ""censored_distance_lower_bound"", ""interval_width_tokens"": 9106, ""interval_log_width"": null, ""width_status"": ""unbounded_log_interval"", ""measured_lower_bound_D_U"": null, ""measured_upper_bound_D_U"": 9106}",0.0
gemma3-1b,50000,qa:2Wiki-fresh,0.25,delta,boundary_loglinear,9049.666666666666,below,"[""gemma3-1b-below-r1"", ""gemma3-1b-below-r2"", ""gemma3-1b-below-r3""]","[""gemma3-1b-above-r1"", ""gemma3-1b-above-r2"", ""gemma3-1b-above-r3""]",True,9049.666666666666,158391,49943.333333333336,False,True,0.9428650196875664,0.008470493777599453,"{""status"": ""upper_bound"", ""interval"": [0, 9106]}",gemma3-1b|50000|qa:2Wiki-fresh|0.25,0.0,True,0.0,censored_distance_lower_bound,9106,,unbounded_log_interval,,9106,"{""log_distance"": 2.856133122671703, ""inside_interval"": false, ""signed_log_distance"": 2.856133122671703, ""distance_status"": ""censored_distance_lower_bound"", ""interval_width_tokens"": 9106, ""interval_log_width"": null, ""width_status"": ""unbounded_log_interval"", ""measured_lower_bound_D_U"": null, ""measured_upper_bound_D_U"": 9106}",-2.8623387349633114
gemma3-1b,50000,qa:2Wiki-fresh,0.25,delta,fixed_reuse,158391,above,"[""gemma3-1b-above-r1"", ""gemma3-1b-above-r2"", ""gemma3-1b-above-r3""]","[""gemma3-1b-above-r1"", ""gemma3-1b-above-r2"", ""gemma3-1b-above-r3""]",True,49943.333333333336,158391,49943.333333333336,False,True,0.0,0.008470493777599453,"{""status"": ""upper_bound"", ""interval"": [0, 9106]}",gemma3-1b|50000|qa:2Wiki-fresh|0.25,2.856133122671703,False,2.856133122671703,censored_distance_lower_bound,9106,,unbounded_log_interval,,9106,"{""log_distance"": 2.856133122671703, ""inside_interval"": false, ""signed_log_distance"": 2.856133122671703, ""distance_status"": ""censored_distance_lower_bound"", ""interval_width_tokens"": 9106, ""interval_log_width"": null, ""width_status"": ""unbounded_log_interval"", ""measured_lower_bound_D_U"": null, ""measured_upper_bound_D_U"": 9106}",0.0
gemma3-1b,50000,qa:2Wiki-fresh,0.25,delta,student_isotonic,9049.666666666666,below,"[""gemma3-1b-below-r1"", ""gemma3-1b-below-r2"", ""gemma3-1b-below-r3""]","[""gemma3-1b-above-r1"", ""gemma3-1b-above-r2"", ""gemma3-1b-above-r3""]",True,9049.666666666666,158391,49943.333333333336,False,True,0.9428650196875664,0.008470493777599453,"{""status"": ""upper_bound"", ""interval"": [0, 9106]}",gemma3-1b|50000|qa:2Wiki-fresh|0.25,0.0,True,0.0,censored_distance_lower_bound,9106,,unbounded_log_interval,,9106,"{""log_distance"": 2.856133122671703, ""inside_interval"": false, ""signed_log_distance"": 2.856133122671703, ""distance_status"": ""censored_distance_lower_bound"", ""interval_width_tokens"": 9106, ""interval_log_width"": null, ""width_status"": ""unbounded_log_interval"", ""measured_lower_bound_D_U"": null, ""measured_upper_bound_D_U"": 9106}",-2.8623387349633114
gemma3-1b,50000,qa:2Wiki-fresh,0.5,boundary,boundary_loglinear,32156.666666666668,near,"[""gemma3-1b-near-r1"", ""gemma3-1b-near-r2"", ""gemma3-1b-near-r3""]","[""gemma3-1b-near-r1"", ""gemma3-1b-near-r2"", ""gemma3-1b-near-r3""]",True,32156.666666666668,32156.666666666668,32156.666666666668,False,True,0.0,0.008470493777599453,"{""status"": ""upper_bound"", ""interval"": [0, 9106]}",gemma3-1b|50000|qa:2Wiki-fresh|0.5,1.2616862536017621,False,1.2616862536017621,censored_distance_lower_bound,9106,,unbounded_log_interval,,9106,"{""log_distance"": 1.2616862536017621, ""inside_interval"": false, ""signed_log_distance"": 1.2616862536017621, ""distance_status"": ""censored_distance_lower_bound"", ""interval_width_tokens"": 9106, ""interval_log_width"": null, ""width_status"": ""unbounded_log_interval"", ""measured_lower_bound_D_U"": null, ""measured_upper_bound_D_U"": 9106}",0.0
gemma3-1b,50000,qa:2Wiki-fresh,0.5,boundary,fixed_reuse,9049.666666666666,below,"[""gemma3-1b-below-r1"", ""gemma3-1b-below-r2"", ""gemma3-1b-below-r3""]","[""gemma3-1b-near-r1"", ""gemma3-1b-near-r2"", ""gemma3-1b-near-r3""]",True,9049.666666666666,32156.666666666668,32156.666666666668,False,True,0.7185757230227015,0.008470493777599453,"{""status"": ""upper_bound"", ""interval"": [0, 9106]}",gemma3-1b|50000|qa:2Wiki-fresh|0.5,0.0,True,0.0,censored_distance_lower_bound,9106,,unbounded_log_interval,,9106,"{""log_distance"": 1.2616862536017621, ""inside_interval"": false, ""signed_log_distance"": 1.2616862536017621, ""distance_status"": ""censored_distance_lower_bound"", ""interval_width_tokens"": 9106, ""interval_log_width"": null, ""width_status"": ""unbounded_log_interval"", ""measured_lower_bound_D_U"": null, ""measured_upper_bound_D_U"": 9106}",-1.2678918658933709
gemma3-1b,50000,qa:2Wiki-fresh,0.5,boundary,student_isotonic,32156.666666666668,near,"[""gemma3-1b-near-r1"", ""gemma3-1b-near-r2"", ""gemma3-1b-near-r3""]","[""gemma3-1b-near-r1"", ""gemma3-1b-near-r2"", ""gemma3-1b-near-r3""]",True,32156.666666666668,32156.666666666668,32156.666666666668,False,True,0.0,0.008470493777599453,"{""status"": ""upper_bound"", ""interval"": [0, 9106]}",gemma3-1b|50000|qa:2Wiki-fresh|0.5,1.2616862536017621,False,1.2616862536017621,censored_distance_lower_bound,9106,,unbounded_log_interval,,9106,"{""log_distance"": 1.2616862536017621, ""inside_interval"": false, ""signed_log_distance"": 1.2616862536017621, ""distance_status"": ""censored_distance_lower_bound"", ""interval_width_tokens"": 9106, ""interval_log_width"": null, ""width_status"": ""unbounded_log_interval"", ""measured_lower_bound_D_U"": null, ""measured_upper_bound_D_U"": 9106}",0.0
gemma3-1b,50000,qa:2Wiki-fresh,0.5,delta,boundary_loglinear,9049.666666666666,below,"[""gemma3-1b-below-r1"", ""gemma3-1b-below-r2"", ""gemma3-1b-below-r3""]","[""gemma3-1b-near-r1"", ""gemma3-1b-near-r2"", ""gemma3-1b-near-r3""]",True,9049.666666666666,32156.666666666668,32156.666666666668,False,True,0.7185757230227015,0.008470493777599453,"{""status"": ""upper_bound"", ""interval"": [0, 9106]}",gemma3-1b|50000|qa:2Wiki-fresh|0.5,0.0,True,0.0,censored_distance_lower_bound,9106,,unbounded_log_interval,,9106,"{""log_distance"": 1.2616862536017621, ""inside_interval"": false, ""signed_log_distance"": 1.2616862536017621, ""distance_status"": ""censored_distance_lower_bound"", ""interval_width_tokens"": 9106, ""interval_log_width"": null, ""width_status"": ""unbounded_log_interval"", ""measured_lower_bound_D_U"": null, ""measured_upper_bound_D_U"": 9106}",-1.2678918658933709
gemma3-1b,50000,qa:2Wiki-fresh,0.5,delta,fixed_reuse,32156.666666666668,near,"[""gemma3-1b-near-r1"", ""gemma3-1b-near-r2"", ""gemma3-1b-near-r3""]","[""gemma3-1b-near-r1"", ""gemma3-1b-near-r2"", ""gemma3-1b-near-r3""]",True,32156.666666666668,32156.666666666668,32156.666666666668,False,True,0.0,0.008470493777599453,"{""status"": ""upper_bound"", ""interval"": [0, 9106]}",gemma3-1b|50000|qa:2Wiki-fresh|0.5,1.2616862536017621,False,1.2616862536017621,censored_distance_lower_bound,9106,,unbounded_log_interval,,9106,"{""log_distance"": 1.2616862536017621, ""inside_interval"": false, ""signed_log_distance"": 1.2616862536017621, ""distance_status"": ""censored_distance_lower_bound"", ""interval_width_tokens"": 9106, ""interval_log_width"": null, ""width_status"": ""unbounded_log_interval"", ""measured_lower_bound_D_U"": null, ""measured_upper_bound_D_U"": 9106}",0.0
gemma3-1b,50000,qa:2Wiki-fresh,0.5,delta,student_isotonic,9049.666666666666,below,"[""gemma3-1b-below-r1"", ""gemma3-1b-below-r2"", ""gemma3-1b-below-r3""]","[""gemma3-1b-near-r1"", ""gemma3-1b-near-r2"", ""gemma3-1b-near-r3""]",True,9049.666666666666,32156.666666666668,32156.666666666668,False,True,0.7185757230227015,0.008470493777599453,"{""status"": ""upper_bound"", ""interval"": [0, 9106]}",gemma3-1b|50000|qa:2Wiki-fresh|0.5,0.0,True,0.0,censored_distance_lower_bound,9106,,unbounded_log_interval,,9106,"{""log_distance"": 1.2616862536017621, ""inside_interval"": false, ""signed_log_distance"": 1.2616862536017621, ""distance_status"": ""censored_distance_lower_bound"", ""interval_width_tokens"": 9106, ""interval_log_width"": null, ""width_status"": ""unbounded_log_interval"", ""measured_lower_bound_D_U"": null, ""measured_upper_bound_D_U"": 9106}",-1.2678918658933709
gemma3-1b,50000,qa:2Wiki-probe,0.0,boundary,boundary_loglinear,32156.666666666668,near,"[""gemma3-1b-near-r1"", ""gemma3-1b-near-r2"", ""gemma3-1b-near-r3""]","[""gemma3-1b-above-r1"", ""gemma3-1b-above-r2"", ""gemma3-1b-above-r3""]",True,32156.666666666668,158391,49943.333333333336,False,True,0.7969792054683241,0.008470493777599453,"{""status"": ""upper_bound"", ""interval"": [0, 9106]}",gemma3-1b|50000|qa:2Wiki-probe|0.0,1.2616862536017621,False,1.2616862536017621,censored_distance_lower_bound,9106,,unbounded_log_interval,,9106,"{""log_distance"": 2.856133122671703, ""inside_interval"": false, ""signed_log_distance"": 2.856133122671703, ""distance_status"": ""censored_distance_lower_bound"", ""interval_width_tokens"": 9106, ""interval_log_width"": null, ""width_status"": ""unbounded_log_interval"", ""measured_lower_bound_D_U"": null, ""measured_upper_bound_D_U"": 9106}",-1.5944468690699407
gemma3-1b,50000,qa:2Wiki-probe,0.0,boundary,fixed_reuse,9049.666666666666,below,"[""gemma3-1b-below-r1"", ""gemma3-1b-below-r2"", ""gemma3-1b-below-r3""]","[""gemma3-1b-above-r1"", ""gemma3-1b-above-r2"", ""gemma3-1b-above-r3""]",True,9049.666666666666,158391,49943.333333333336,False,True,0.9428650196875664,0.008470493777599453,"{""status"": ""upper_bound"", ""interval"": [0, 9106]}",gemma3-1b|50000|qa:2Wiki-probe|0.0,0.0,True,0.0,censored_distance_lower_bound,9106,,unbounded_log_interval,,9106,"{""log_distance"": 2.856133122671703, ""inside_interval"": false, ""signed_log_distance"": 2.856133122671703, ""distance_status"": ""censored_distance_lower_bound"", ""interval_width_tokens"": 9106, ""interval_log_width"": null, ""width_status"": ""unbounded_log_interval"", ""measured_lower_bound_D_U"": null, ""measured_upper_bound_D_U"": 9106}",-2.8623387349633114
gemma3-1b,50000,qa:2Wiki-probe,0.0,boundary,student_isotonic,158391,above,"[""gemma3-1b-above-r1"", ""gemma3-1b-above-r2"", ""gemma3-1b-above-r3""]","[""gemma3-1b-above-r1"", ""gemma3-1b-above-r2"", ""gemma3-1b-above-r3""]",True,49943.333333333336,158391,49943.333333333336,False,True,0.0,0.008470493777599453,"{""status"": ""upper_bound"", ""interval"": [0, 9106]}",gemma3-1b|50000|qa:2Wiki-probe|0.0,2.856133122671703,False,2.856133122671703,censored_distance_lower_bound,9106,,unbounded_log_interval,,9106,"{""log_distance"": 2.856133122671703, ""inside_interval"": false, ""signed_log_distance"": 2.856133122671703, ""distance_status"": ""censored_distance_lower_bound"", ""interval_width_tokens"": 9106, ""interval_log_width"": null, ""width_status"": ""unbounded_log_interval"", ""measured_lower_bound_D_U"": null, ""measured_upper_bound_D_U"": 9106}",0.0
gemma3-1b,50000,qa:2Wiki-probe,0.0,delta,boundary_loglinear,9049.666666666666,below,"[""gemma3-1b-below-r1"", ""gemma3-1b-below-r2"", ""gemma3-1b-below-r3""]","[""gemma3-1b-below-r1"", ""gemma3-1b-below-r2"", ""gemma3-1b-below-r3""]",True,9049.666666666666,9049.666666666666,9049.666666666666,False,True,0.0,0.008470493777599453,"{""status"": ""upper_bound"", ""interval"": [0, 9106]}",gemma3-1b|50000|qa:2Wiki-probe|0.0,0.0,True,0.0,censored_distance_lower_bound,9106,,unbounded_log_interval,,9106,"{""log_distance"": 0.0, ""inside_interval"": true, ""signed_log_distance"": 0.0, ""distance_status"": ""censored_distance_lower_bound"", ""interval_width_tokens"": 9106, ""interval_log_width"": null, ""width_status"": ""unbounded_log_interval"", ""measured_lower_bound_D_U"": null, ""measured_upper_bound_D_U"": 9106}",0.0
gemma3-1b,50000,qa:2Wiki-probe,0.0,delta,fixed_reuse,9049.666666666666,below,"[""gemma3-1b-below-r1"", ""gemma3-1b-below-r2"", ""gemma3-1b-below-r3""]","[""gemma3-1b-below-r1"", ""gemma3-1b-below-r2"", ""gemma3-1b-below-r3""]",True,9049.666666666666,9049.666666666666,9049.666666666666,False,True,0.0,0.008470493777599453,"{""status"": ""upper_bound"", ""interval"": [0, 9106]}",gemma3-1b|50000|qa:2Wiki-probe|0.0,0.0,True,0.0,censored_distance_lower_bound,9106,,unbounded_log_interval,,9106,"{""log_distance"": 0.0, ""inside_interval"": true, ""signed_log_distance"": 0.0, ""distance_status"": ""censored_distance_lower_bound"", ""interval_width_tokens"": 9106, ""interval_log_width"": null, ""width_status"": ""unbounded_log_interval"", ""measured_lower_bound_D_U"": null, ""measured_upper_bound_D_U"": 9106}",0.0
gemma3-1b,50000,qa:2Wiki-probe,0.0,delta,student_isotonic,9049.666666666666,below,"[""gemma3-1b-below-r1"", ""gemma3-1b-below-r2"", ""gemma3-1b-below-r3""]","[""gemma3-1b-below-r1"", ""gemma3-1b-below-r2"", ""gemma3-1b-below-r3""]",True,9049.666666666666,9049.666666666666,9049.666666666666,False,True,0.0,0.008470493777599453,"{""status"": ""upper_bound"", ""interval"": [0, 9106]}",gemma3-1b|50000|qa:2Wiki-probe|0.0,0.0,True,0.0,censored_distance_lower_bound,9106,,unbounded_log_interval,,9106,"{""log_distance"": 0.0, ""inside_interval"": true, ""signed_log_distance"": 0.0, ""distance_status"": ""censored_distance_lower_bound"", ""interval_width_tokens"": 9106, ""interval_log_width"": null, ""width_status"": ""unbounded_log_interval"", ""measured_lower_bound_D_U"": null, ""measured_upper_bound_D_U"": 9106}",0.0
gemma3-1b,50000,qa:2Wiki-probe,0.1,boundary,boundary_loglinear,32156.666666666668,near,"[""gemma3-1b-near-r1"", ""gemma3-1b-near-r2"", ""gemma3-1b-near-r3""]","[""gemma3-1b-above-r1"", ""gemma3-1b-above-r2"", ""gemma3-1b-above-r3""]",True,32156.666666666668,158391,49943.333333333336,False,True,0.7969792054683241,0.008470493777599453,"{""status"": ""upper_bound"", ""interval"": [0, 9106]}",gemma3-1b|50000|qa:2Wiki-probe|0.1,1.2616862536017621,False,1.2616862536017621,censored_distance_lower_bound,9106,,unbounded_log_interval,,9106,"{""log_distance"": 2.856133122671703, ""inside_interval"": false, ""signed_log_distance"": 2.856133122671703, ""distance_status"": ""censored_distance_lower_bound"", ""interval_width_tokens"": 9106, ""interval_log_width"": null, ""width_status"": ""unbounded_log_interval"", ""measured_lower_bound_D_U"": null, ""measured_upper_bound_D_U"": 9106}",-1.5944468690699407
gemma3-1b,50000,qa:2Wiki-probe,0.1,boundary,fixed_reuse,9049.666666666666,below,"[""gemma3-1b-below-r1"", ""gemma3-1b-below-r2"", ""gemma3-1b-below-r3""]","[""gemma3-1b-above-r1"", ""gemma3-1b-above-r2"", ""gemma3-1b-above-r3""]",True,9049.666666666666,158391,49943.333333333336,False,True,0.9428650196875664,0.008470493777599453,"{""status"": ""upper_bound"", ""interval"": [0, 9106]}",gemma3-1b|50000|qa:2Wiki-probe|0.1,0.0,True,0.0,censored_distance_lower_bound,9106,,unbounded_log_interval,,9106,"{""log_distance"": 2.856133122671703, ""inside_interval"": false, ""signed_log_distance"": 2.856133122671703, ""distance_status"": ""censored_distance_lower_bound"", ""interval_width_tokens"": 9106, ""interval_log_width"": null, ""width_status"": ""unbounded_log_interval"", ""measured_lower_bound_D_U"": null, ""measured_upper_bound_D_U"": 9106}",-2.8623387349633114
gemma3-1b,50000,qa:2Wiki-probe,0.1,boundary,student_isotonic,158391,above,"[""gemma3-1b-above-r1"", ""gemma3-1b-above-r2"", ""gemma3-1b-above-r3""]","[""gemma3-1b-above-r1"", ""gemma3-1b-above-r2"", ""gemma3-1b-above-r3""]",True,49943.333333333336,158391,49943.333333333336,False,True,0.0,0.008470493777599453,"{""status"": ""upper_bound"", ""interval"": [0, 9106]}",gemma3-1b|50000|qa:2Wiki-probe|0.1,2.856133122671703,False,2.856133122671703,censored_distance_lower_bound,9106,,unbounded_log_interval,,9106,"{""log_distance"": 2.856133122671703, ""inside_interval"": false, ""signed_log_distance"": 2.856133122671703, ""distance_status"": ""censored_distance_lower_bound"", ""interval_width_tokens"": 9106, ""interval_log_width"": null, ""width_status"": ""unbounded_log_interval"", ""measured_lower_bound_D_U"": null, ""measured_upper_bound_D_U"": 9106}",0.0
gemma3-1b,50000,qa:2Wiki-probe,0.1,delta,boundary_loglinear,9049.666666666666,below,"[""gemma3-1b-below-r1"", ""gemma3-1b-below-r2"", ""gemma3-1b-below-r3""]","[""gemma3-1b-below-r1"", ""gemma3-1b-below-r2"", ""gemma3-1b-below-r3""]",True,9049.666666666666,9049.666666666666,9049.666666666666,False,True,0.0,0.008470493777599453,"{""status"": ""upper_bound"", ""interval"": [0, 9106]}",gemma3-1b|50000|qa:2Wiki-probe|0.1,0.0,True,0.0,censored_distance_lower_bound,9106,,unbounded_log_interval,,9106,"{""log_distance"": 0.0, ""inside_interval"": true, ""signed_log_distance"": 0.0, ""distance_status"": ""censored_distance_lower_bound"", ""interval_width_tokens"": 9106, ""interval_log_width"": null, ""width_status"": ""unbounded_log_interval"", ""measured_lower_bound_D_U"": null, ""measured_upper_bound_D_U"": 9106}",0.0
gemma3-1b,50000,qa:2Wiki-probe,0.1,delta,fixed_reuse,9049.666666666666,below,"[""gemma3-1b-below-r1"", ""gemma3-1b-below-r2"", ""gemma3-1b-below-r3""]","[""gemma3-1b-below-r1"", ""gemma3-1b-below-r2"", ""gemma3-1b-below-r3""]",True,9049.666666666666,9049.666666666666,9049.666666666666,False,True,0.0,0.008470493777599453,"{""status"": ""upper_bound"", ""interval"": [0, 9106]}",gemma3-1b|50000|qa:2Wiki-probe|0.1,0.0,True,0.0,censored_distance_lower_bound,9106,,unbounded_log_interval,,9106,"{""log_distance"": 0.0, ""inside_interval"": true, ""signed_log_distance"": 0.0, ""distance_status"": ""censored_distance_lower_bound"", ""interval_width_tokens"": 9106, ""interval_log_width"": null, ""width_status"": ""unbounded_log_interval"", ""measured_lower_bound_D_U"": null, ""measured_upper_bound_D_U"": 9106}",0.0
gemma3-1b,50000,qa:2Wiki-probe,0.1,delta,student_isotonic,9049.666666666666,below,"[""gemma3-1b-below-r1"", ""gemma3-1b-below-r2"", ""gemma3-1b-below-r3""]","[""gemma3-1b-below-r1"", ""gemma3-1b-below-r2"", ""gemma3-1b-below-r3""]",True,9049.666666666666,9049.666666666666,9049.666666666666,False,True,0.0,0.008470493777599453,"{""status"": ""upper_bound"", ""interval"": [0, 9106]}",gemma3-1b|50000|qa:2Wiki-probe|0.1,0.0,True,0.0,censored_distance_lower_bound,9106,,unbounded_log_interval,,9106,"{""log_distance"": 0.0, ""inside_interval"": true, ""signed_log_distance"": 0.0, ""distance_status"": ""censored_distance_lower_bound"", ""interval_width_tokens"": 9106, ""interval_log_width"": null, ""width_status"": ""unbounded_log_interval"", ""measured_lower_bound_D_U"": null, ""measured_upper_bound_D_U"": 9106}",0.0
gemma3-1b,50000,qa:2Wiki-probe,0.25,boundary,boundary_loglinear,32156.666666666668,near,"[""gemma3-1b-near-r1"", ""gemma3-1b-near-r2"", ""gemma3-1b-near-r3""]","[""gemma3-1b-above-r1"", ""gemma3-1b-above-r2"", ""gemma3-1b-above-r3""]",True,32156.666666666668,158391,49943.333333333336,False,True,0.7969792054683241,0.008470493777599453,"{""status"": ""upper_bound"", ""interval"": [0, 9106]}",gemma3-1b|50000|qa:2Wiki-probe|0.25,1.2616862536017621,False,1.2616862536017621,censored_distance_lower_bound,9106,,unbounded_log_interval,,9106,"{""log_distance"": 2.856133122671703, ""inside_interval"": false, ""signed_log_distance"": 2.856133122671703, ""distance_status"": ""censored_distance_lower_bound"", ""interval_width_tokens"": 9106, ""interval_log_width"": null, ""width_status"": ""unbounded_log_interval"", ""measured_lower_bound_D_U"": null, ""measured_upper_bound_D_U"": 9106}",-1.5944468690699407
gemma3-1b,50000,qa:2Wiki-probe,0.25,boundary,fixed_reuse,32156.666666666668,near,"[""gemma3-1b-near-r1"", ""gemma3-1b-near-r2"", ""gemma3-1b-near-r3""]","[""gemma3-1b-above-r1"", ""gemma3-1b-above-r2"", ""gemma3-1b-above-r3""]",True,32156.666666666668,158391,49943.333333333336,False,True,0.7969792054683241,0.008470493777599453,"{""status"": ""upper_bound"", ""interval"": [0, 9106]}",gemma3-1b|50000|qa:2Wiki-probe|0.25,1.2616862536017621,False,1.2616862536017621,censored_distance_lower_bound,9106,,unbounded_log_interval,,9106,"{""log_distance"": 2.856133122671703, ""inside_interval"": false, ""signed_log_distance"": 2.856133122671703, ""distance_status"": ""censored_distance_lower_bound"", ""interval_width_tokens"": 9106, ""interval_log_width"": null, ""width_status"": ""unbounded_log_interval"", ""measured_lower_bound_D_U"": null, ""measured_upper_bound_D_U"": 9106}",-1.5944468690699407
gemma3-1b,50000,qa:2Wiki-probe,0.25,boundary,student_isotonic,158391,above,"[""gemma3-1b-above-r1"", ""gemma3-1b-above-r2"", ""gemma3-1b-above-r3""]","[""gemma3-1b-above-r1"", ""gemma3-1b-above-r2"", ""gemma3-1b-above-r3""]",True,49943.333333333336,158391,49943.333333333336,False,True,0.0,0.008470493777599453,"{""status"": ""upper_bound"", ""interval"": [0, 9106]}",gemma3-1b|50000|qa:2Wiki-probe|0.25,2.856133122671703,False,2.856133122671703,censored_distance_lower_bound,9106,,unbounded_log_interval,,9106,"{""log_distance"": 2.856133122671703, ""inside_interval"": false, ""signed_log_distance"": 2.856133122671703, ""distance_status"": ""censored_distance_lower_bound"", ""interval_width_tokens"": 9106, ""interval_log_width"": null, ""width_status"": ""unbounded_log_interval"", ""measured_lower_bound_D_U"": null, ""measured_upper_bound_D_U"": 9106}",0.0
gemma3-1b,50000,qa:2Wiki-probe,0.25,delta,boundary_loglinear,9049.666666666666,below,"[""gemma3-1b-below-r1"", ""gemma3-1b-below-r2"", ""gemma3-1b-below-r3""]","[""gemma3-1b-below-r1"", ""gemma3-1b-below-r2"", ""gemma3-1b-below-r3""]",True,9049.666666666666,9049.666666666666,9049.666666666666,False,True,0.0,0.008470493777599453,"{""status"": ""upper_bound"", ""interval"": [0, 9106]}",gemma3-1b|50000|qa:2Wiki-probe|0.25,0.0,True,0.0,censored_distance_lower_bound,9106,,unbounded_log_interval,,9106,"{""log_distance"": 0.0, ""inside_interval"": true, ""signed_log_distance"": 0.0, ""distance_status"": ""censored_distance_lower_bound"", ""interval_width_tokens"": 9106, ""interval_log_width"": null, ""width_status"": ""unbounded_log_interval"", ""measured_lower_bound_D_U"": null, ""measured_upper_bound_D_U"": 9106}",0.0
gemma3-1b,50000,qa:2Wiki-probe,0.25,delta,fixed_reuse,9049.666666666666,below,"[""gemma3-1b-below-r1"", ""gemma3-1b-below-r2"", ""gemma3-1b-below-r3""]","[""gemma3-1b-below-r1"", ""gemma3-1b-below-r2"", ""gemma3-1b-below-r3""]",True,9049.666666666666,9049.666666666666,9049.666666666666,False,True,0.0,0.008470493777599453,"{""status"": ""upper_bound"", ""interval"": [0, 9106]}",gemma3-1b|50000|qa:2Wiki-probe|0.25,0.0,True,0.0,censored_distance_lower_bound,9106,,unbounded_log_interval,,9106,"{""log_distance"": 0.0, ""inside_interval"": true, ""signed_log_distance"": 0.0, ""distance_status"": ""censored_distance_lower_bound"", ""interval_width_tokens"": 9106, ""interval_log_width"": null, ""width_status"": ""unbounded_log_interval"", ""measured_lower_bound_D_U"": null, ""measured_upper_bound_D_U"": 9106}",0.0
gemma3-1b,50000,qa:2Wiki-probe,0.25,delta,student_isotonic,9049.666666666666,below,"[""gemma3-1b-below-r1"", ""gemma3-1b-below-r2"", ""gemma3-1b-below-r3""]","[""gemma3-1b-below-r1"", ""gemma3-1b-below-r2"", ""gemma3-1b-below-r3""]",True,9049.666666666666,9049.666666666666,9049.666666666666,False,True,0.0,0.008470493777599453,"{""status"": ""upper_bound"", ""interval"": [0, 9106]}",gemma3-1b|50000|qa:2Wiki-probe|0.25,0.0,True,0.0,censored_distance_lower_bound,9106,,unbounded_log_interval,,9106,"{""log_distance"": 0.0, ""inside_interval"": true, ""signed_log_distance"": 0.0, ""distance_status"": ""censored_distance_lower_bound"", ""interval_width_tokens"": 9106, ""interval_log_width"": null, ""width_status"": ""unbounded_log_interval"", ""measured_lower_bound_D_U"": null, ""measured_upper_bound_D_U"": 9106}",0.0
gemma3-1b,50000,qa:2Wiki-probe,0.5,boundary,boundary_loglinear,32156.666666666668,near,"[""gemma3-1b-near-r1"", ""gemma3-1b-near-r2"", ""gemma3-1b-near-r3""]","[""gemma3-1b-above-r1"", ""gemma3-1b-above-r2"", ""gemma3-1b-above-r3""]",True,32156.666666666668,158391,49943.333333333336,False,True,0.7969792054683241,0.008470493777599453,"{""status"": ""upper_bound"", ""interval"": [0, 9106]}",gemma3-1b|50000|qa:2Wiki-probe|0.5,1.2616862536017621,False,1.2616862536017621,censored_distance_lower_bound,9106,,unbounded_log_interval,,9106,"{""log_distance"": 2.856133122671703, ""inside_interval"": false, ""signed_log_distance"": 2.856133122671703, ""distance_status"": ""censored_distance_lower_bound"", ""interval_width_tokens"": 9106, ""interval_log_width"": null, ""width_status"": ""unbounded_log_interval"", ""measured_lower_bound_D_U"": null, ""measured_upper_bound_D_U"": 9106}",-1.5944468690699407
gemma3-1b,50000,qa:2Wiki-probe,0.5,boundary,fixed_reuse,32156.666666666668,near,"[""gemma3-1b-near-r1"", ""gemma3-1b-near-r2"", ""gemma3-1b-near-r3""]","[""gemma3-1b-above-r1"", ""gemma3-1b-above-r2"", ""gemma3-1b-above-r3""]",True,32156.666666666668,158391,49943.333333333336,False,True,0.7969792054683241,0.008470493777599453,"{""status"": ""upper_bound"", ""interval"": [0, 9106]}",gemma3-1b|50000|qa:2Wiki-probe|0.5,1.2616862536017621,False,1.2616862536017621,censored_distance_lower_bound,9106,,unbounded_log_interval,,9106,"{""log_distance"": 2.856133122671703, ""inside_interval"": false, ""signed_log_distance"": 2.856133122671703, ""distance_status"": ""censored_distance_lower_bound"", ""interval_width_tokens"": 9106, ""interval_log_width"": null, ""width_status"": ""unbounded_log_interval"", ""measured_lower_bound_D_U"": null, ""measured_upper_bound_D_U"": 9106}",-1.5944468690699407
gemma3-1b,50000,qa:2Wiki-probe,0.5,boundary,student_isotonic,158391,above,"[""gemma3-1b-above-r1"", ""gemma3-1b-above-r2"", ""gemma3-1b-above-r3""]","[""gemma3-1b-above-r1"", ""gemma3-1b-above-r2"", ""gemma3-1b-above-r3""]",True,49943.333333333336,158391,49943.333333333336,False,True,0.0,0.008470493777599453,"{""status"": ""upper_bound"", ""interval"": [0, 9106]}",gemma3-1b|50000|qa:2Wiki-probe|0.5,2.856133122671703,False,2.856133122671703,censored_distance_lower_bound,9106,,unbounded_log_interval,,9106,"{""log_distance"": 2.856133122671703, ""inside_interval"": false, ""signed_log_distance"": 2.856133122671703, ""distance_status"": ""censored_distance_lower_bound"", ""interval_width_tokens"": 9106, ""interval_log_width"": null, ""width_status"": ""unbounded_log_interval"", ""measured_lower_bound_D_U"": null, ""measured_upper_bound_D_U"": 9106}",0.0
gemma3-1b,50000,qa:2Wiki-probe,0.5,delta,boundary_loglinear,9049.666666666666,below,"[""gemma3-1b-below-r1"", ""gemma3-1b-below-r2"", ""gemma3-1b-below-r3""]","[""gemma3-1b-below-r1"", ""gemma3-1b-below-r2"", ""gemma3-1b-below-r3""]",True,9049.666666666666,9049.666666666666,9049.666666666666,False,True,0.0,0.008470493777599453,"{""status"": ""upper_bound"", ""interval"": [0, 9106]}",gemma3-1b|50000|qa:2Wiki-probe|0.5,0.0,True,0.0,censored_distance_lower_bound,9106,,unbounded_log_interval,,9106,"{""log_distance"": 0.0, ""inside_interval"": true, ""signed_log_distance"": 0.0, ""distance_status"": ""censored_distance_lower_bound"", ""interval_width_tokens"": 9106, ""interval_log_width"": null, ""width_status"": ""unbounded_log_interval"", ""measured_lower_bound_D_U"": null, ""measured_upper_bound_D_U"": 9106}",0.0
gemma3-1b,50000,qa:2Wiki-probe,0.5,delta,fixed_reuse,9049.666666666666,below,"[""gemma3-1b-below-r1"", ""gemma3-1b-below-r2"", ""gemma3-1b-below-r3""]","[""gemma3-1b-below-r1"", ""gemma3-1b-below-r2"", ""gemma3-1b-below-r3""]",True,9049.666666666666,9049.666666666666,9049.666666666666,False,True,0.0,0.008470493777599453,"{""status"": ""upper_bound"", ""interval"": [0, 9106]}",gemma3-1b|50000|qa:2Wiki-probe|0.5,0.0,True,0.0,censored_distance_lower_bound,9106,,unbounded_log_interval,,9106,"{""log_distance"": 0.0, ""inside_interval"": true, ""signed_log_distance"": 0.0, ""distance_status"": ""censored_distance_lower_bound"", ""interval_width_tokens"": 9106, ""interval_log_width"": null, ""width_status"": ""unbounded_log_interval"", ""measured_lower_bound_D_U"": null, ""measured_upper_bound_D_U"": 9106}",0.0
gemma3-1b,50000,qa:2Wiki-probe,0.5,delta,student_isotonic,9049.666666666666,below,"[""gemma3-1b-below-r1"", ""gemma3-1b-below-r2"", ""gemma3-1b-below-r3""]","[""gemma3-1b-below-r1"", ""gemma3-1b-below-r2"", ""gemma3-1b-below-r3""]",True,9049.666666666666,9049.666666666666,9049.666666666666,False,True,0.0,0.008470493777599453,"{""status"": ""upper_bound"", ""interval"": [0, 9106]}",gemma3-1b|50000|qa:2Wiki-probe|0.5,0.0,True,0.0,censored_distance_lower_bound,9106,,unbounded_log_interval,,9106,"{""log_distance"": 0.0, ""inside_interval"": true, ""signed_log_distance"": 0.0, ""distance_status"": ""censored_distance_lower_bound"", ""interval_width_tokens"": 9106, ""interval_log_width"": null, ""width_status"": ""unbounded_log_interval"", ""measured_lower_bound_D_U"": null, ""measured_upper_bound_D_U"": 9106}",0.0
gemma3-1b,50000,qa:MuSiQue,0.0,boundary,boundary_loglinear,158391,above,"[""gemma3-1b-above-r1"", ""gemma3-1b-above-r2"", ""gemma3-1b-above-r3""]","[""gemma3-1b-above-r1"", ""gemma3-1b-above-r2"", ""gemma3-1b-above-r3""]",False,49943.333333333336,158391,49943.333333333336,False,False,,0.008470493777599453,"{""status"": ""replicate_ambiguous"", ""interval"": null}",gemma3-1b|50000|qa:MuSiQue|0.0,,,,unresolved_interval,,,unresolved,,,"{""log_distance"": null, ""inside_interval"": null, ""signed_log_distance"": null, ""distance_status"": ""unresolved_interval"", ""interval_width_tokens"": null, ""interval_log_width"": null, ""width_status"": ""unresolved"", ""measured_lower_bound_D_U"": null, ""measured_upper_bound_D_U"": null}",0.0
gemma3-1b,50000,qa:MuSiQue,0.0,boundary,fixed_reuse,32156.666666666668,near,"[""gemma3-1b-near-r1"", ""gemma3-1b-near-r2"", ""gemma3-1b-near-r3""]","[""gemma3-1b-above-r1"", ""gemma3-1b-above-r2"", ""gemma3-1b-above-r3""]",False,32156.666666666668,158391,49943.333333333336,False,False,,0.008470493777599453,"{""status"": ""replicate_ambiguous"", ""interval"": null}",gemma3-1b|50000|qa:MuSiQue|0.0,,,,unresolved_interval,,,unresolved,,,"{""log_distance"": null, ""inside_interval"": null, ""signed_log_distance"": null, ""distance_status"": ""unresolved_interval"", ""interval_width_tokens"": null, ""interval_log_width"": null, ""width_status"": ""unresolved"", ""measured_lower_bound_D_U"": null, ""measured_upper_bound_D_U"": null}",-1.5944468690699407
gemma3-1b,50000,qa:MuSiQue,0.0,boundary,student_isotonic,158391,above,"[""gemma3-1b-above-r1"", ""gemma3-1b-above-r2"", ""gemma3-1b-above-r3""]","[""gemma3-1b-above-r1"", ""gemma3-1b-above-r2"", ""gemma3-1b-above-r3""]",False,49943.333333333336,158391,49943.333333333336,False,False,,0.008470493777599453,"{""status"": ""replicate_ambiguous"", ""interval"": null}",gemma3-1b|50000|qa:MuSiQue|0.0,,,,unresolved_interval,,,unresolved,,,"{""log_distance"": null, ""inside_interval"": null, ""signed_log_distance"": null, ""distance_status"": ""unresolved_interval"", ""interval_width_tokens"": null, ""interval_log_width"": null, ""width_status"": ""unresolved"", ""measured_lower_bound_D_U"": null, ""measured_upper_bound_D_U"": null}",0.0
gemma3-1b,50000,qa:MuSiQue,0.0,delta,boundary_loglinear,32156.666666666668,near,"[""gemma3-1b-near-r1"", ""gemma3-1b-near-r2"", ""gemma3-1b-near-r3""]","[""gemma3-1b-above-r1"", ""gemma3-1b-above-r2"", ""gemma3-1b-above-r3""]",False,32156.666666666668,158391,49943.333333333336,True,False,,0.008470493777599453,"{""status"": ""replicate_ambiguous"", ""interval"": null}",gemma3-1b|50000|qa:MuSiQue|0.0,,,,unresolved_interval,,,unresolved,,,"{""log_distance"": null, ""inside_interval"": null, ""signed_log_distance"": null, ""distance_status"": ""unresolved_interval"", ""interval_width_tokens"": null, ""interval_log_width"": null, ""width_status"": ""unresolved"", ""measured_lower_bound_D_U"": null, ""measured_upper_bound_D_U"": null}",-1.5944468690699407
gemma3-1b,50000,qa:MuSiQue,0.0,delta,fixed_reuse,,,[],"[""gemma3-1b-above-r1"", ""gemma3-1b-above-r2"", ""gemma3-1b-above-r3""]",,,158391,49943.333333333336,True,False,,0.008470493777599453,"{""status"": ""replicate_ambiguous"", ""interval"": null}",gemma3-1b|50000|qa:MuSiQue|0.0,,,,unresolved_interval,,,unresolved,,,"{""log_distance"": null, ""inside_interval"": null, ""signed_log_distance"": null, ""distance_status"": ""unresolved_interval"", ""interval_width_tokens"": null, ""interval_log_width"": null, ""width_status"": ""unresolved"", ""measured_lower_bound_D_U"": null, ""measured_upper_bound_D_U"": null}",
gemma3-1b,50000,qa:MuSiQue,0.0,delta,student_isotonic,158391,above,"[""gemma3-1b-above-r1"", ""gemma3-1b-above-r2"", ""gemma3-1b-above-r3""]","[""gemma3-1b-above-r1"", ""gemma3-1b-above-r2"", ""gemma3-1b-above-r3""]",False,49943.333333333336,158391,49943.333333333336,True,False,,0.008470493777599453,"{""status"": ""replicate_ambiguous"", ""interval"": null}",gemma3-1b|50000|qa:MuSiQue|0.0,,,,unresolved_interval,,,unresolved,,,"{""log_distance"": null, ""inside_interval"": null, ""signed_log_distance"": null, ""distance_status"": ""unresolved_interval"", ""interval_width_tokens"": null, ""interval_log_width"": null, ""width_status"": ""unresolved"", ""measured_lower_bound_D_U"": null, ""measured_upper_bound_D_U"": null}",0.0
gemma3-1b,50000,qa:MuSiQue,0.1,boundary,boundary_loglinear,158391,above,"[""gemma3-1b-above-r1"", ""gemma3-1b-above-r2"", ""gemma3-1b-above-r3""]","[""gemma3-1b-near-r1"", ""gemma3-1b-near-r2"", ""gemma3-1b-near-r3""]",True,49943.333333333336,32156.666666666668,32156.666666666668,False,False,,0.008470493777599453,"{""status"": ""replicate_ambiguous"", ""interval"": null}",gemma3-1b|50000|qa:MuSiQue|0.1,,,,unresolved_interval,,,unresolved,,,"{""log_distance"": null, ""inside_interval"": null, ""signed_log_distance"": null, ""distance_status"": ""unresolved_interval"", ""interval_width_tokens"": null, ""interval_log_width"": null, ""width_status"": ""unresolved"", ""measured_lower_bound_D_U"": null, ""measured_upper_bound_D_U"": null}",1.5944468690699407
gemma3-1b,50000,qa:MuSiQue,0.1,boundary,fixed_reuse,32156.666666666668,near,"[""gemma3-1b-near-r1"", ""gemma3-1b-near-r2"", ""gemma3-1b-near-r3""]","[""gemma3-1b-near-r1"", ""gemma3-1b-near-r2"", ""gemma3-1b-near-r3""]",False,32156.666666666668,32156.666666666668,32156.666666666668,False,False,,0.008470493777599453,"{""status"": ""replicate_ambiguous"", ""interval"": null}",gemma3-1b|50000|qa:MuSiQue|0.1,,,,unresolved_interval,,,unresolved,,,"{""log_distance"": null, ""inside_interval"": null, ""signed_log_distance"": null, ""distance_status"": ""unresolved_interval"", ""interval_width_tokens"": null, ""interval_log_width"": null, ""width_status"": ""unresolved"", ""measured_lower_bound_D_U"": null, ""measured_upper_bound_D_U"": null}",0.0
gemma3-1b,50000,qa:MuSiQue,0.1,boundary,student_isotonic,32156.666666666668,near,"[""gemma3-1b-near-r1"", ""gemma3-1b-near-r2"", ""gemma3-1b-near-r3""]","[""gemma3-1b-near-r1"", ""gemma3-1b-near-r2"", ""gemma3-1b-near-r3""]",False,32156.666666666668,32156.666666666668,32156.666666666668,False,False,,0.008470493777599453,"{""status"": ""replicate_ambiguous"", ""interval"": null}",gemma3-1b|50000|qa:MuSiQue|0.1,,,,unresolved_interval,,,unresolved,,,"{""log_distance"": null, ""inside_interval"": null, ""signed_log_distance"": null, ""distance_status"": ""unresolved_interval"", ""interval_width_tokens"": null, ""interval_log_width"": null, ""width_status"": ""unresolved"", ""measured_lower_bound_D_U"": null, ""measured_upper_bound_D_U"": null}",0.0
gemma3-1b,50000,qa:MuSiQue,0.1,delta,boundary_loglinear,32156.666666666668,near,"[""gemma3-1b-near-r1"", ""gemma3-1b-near-r2"", ""gemma3-1b-near-r3""]","[""gemma3-1b-above-r1"", ""gemma3-1b-above-r2"", ""gemma3-1b-above-r3""]",False,32156.666666666668,158391,49943.333333333336,True,True,,0.008470493777599453,"{""status"": ""replicate_ambiguous"", ""interval"": null}",gemma3-1b|50000|qa:MuSiQue|0.1,,,,unresolved_interval,,,unresolved,,,"{""log_distance"": null, ""inside_interval"": null, ""signed_log_distance"": null, ""distance_status"": ""unresolved_interval"", ""interval_width_tokens"": null, ""interval_log_width"": null, ""width_status"": ""unresolved"", ""measured_lower_bound_D_U"": null, ""measured_upper_bound_D_U"": null}",-1.5944468690699407
gemma3-1b,50000,qa:MuSiQue,0.1,delta,fixed_reuse,,,[],"[""gemma3-1b-above-r1"", ""gemma3-1b-above-r2"", ""gemma3-1b-above-r3""]",,,158391,49943.333333333336,True,True,,0.008470493777599453,"{""status"": ""replicate_ambiguous"", ""interval"": null}",gemma3-1b|50000|qa:MuSiQue|0.1,,,,unresolved_interval,,,unresolved,,,"{""log_distance"": null, ""inside_interval"": null, ""signed_log_distance"": null, ""distance_status"": ""unresolved_interval"", ""interval_width_tokens"": null, ""interval_log_width"": null, ""width_status"": ""unresolved"", ""measured_lower_bound_D_U"": null, ""measured_upper_bound_D_U"": null}",
gemma3-1b,50000,qa:MuSiQue,0.1,delta,student_isotonic,32156.666666666668,near,"[""gemma3-1b-near-r1"", ""gemma3-1b-near-r2"", ""gemma3-1b-near-r3""]","[""gemma3-1b-above-r1"", ""gemma3-1b-above-r2"", ""gemma3-1b-above-r3""]",False,32156.666666666668,158391,49943.333333333336,True,True,,0.008470493777599453,"{""status"": ""replicate_ambiguous"", ""interval"": null}",gemma3-1b|50000|qa:MuSiQue|0.1,,,,unresolved_interval,,,unresolved,,,"{""log_distance"": null, ""inside_interval"": null, ""signed_log_distance"": null, ""distance_status"": ""unresolved_interval"", ""interval_width_tokens"": null, ""interval_log_width"": null, ""width_status"": ""unresolved"", ""measured_lower_bound_D_U"": null, ""measured_upper_bound_D_U"": null}",-1.5944468690699407
gemma3-1b,50000,qa:MuSiQue,0.25,boundary,boundary_loglinear,32156.666666666668,near,"[""gemma3-1b-near-r1"", ""gemma3-1b-near-r2"", ""gemma3-1b-near-r3""]","[""gemma3-1b-near-r1"", ""gemma3-1b-near-r2"", ""gemma3-1b-near-r3""]",True,32156.666666666668,32156.666666666668,32156.666666666668,False,True,0.0,0.008470493777599453,"{""status"": ""replicate_ambiguous"", ""interval"": null}",gemma3-1b|50000|qa:MuSiQue|0.25,,,,unresolved_interval,,,unresolved,,,"{""log_distance"": null, ""inside_interval"": null, ""signed_log_distance"": null, ""distance_status"": ""unresolved_interval"", ""interval_width_tokens"": null, ""interval_log_width"": null, ""width_status"": ""unresolved"", ""measured_lower_bound_D_U"": null, ""measured_upper_bound_D_U"": null}",0.0
gemma3-1b,50000,qa:MuSiQue,0.25,boundary,fixed_reuse,32156.666666666668,near,"[""gemma3-1b-near-r1"", ""gemma3-1b-near-r2"", ""gemma3-1b-near-r3""]","[""gemma3-1b-near-r1"", ""gemma3-1b-near-r2"", ""gemma3-1b-near-r3""]",True,32156.666666666668,32156.666666666668,32156.666666666668,False,True,0.0,0.008470493777599453,"{""status"": ""replicate_ambiguous"", ""interval"": null}",gemma3-1b|50000|qa:MuSiQue|0.25,,,,unresolved_interval,,,unresolved,,,"{""log_distance"": null, ""inside_interval"": null, ""signed_log_distance"": null, ""distance_status"": ""unresolved_interval"", ""interval_width_tokens"": null, ""interval_log_width"": null, ""width_status"": ""unresolved"", ""measured_lower_bound_D_U"": null, ""measured_upper_bound_D_U"": null}",0.0
gemma3-1b,50000,qa:MuSiQue,0.25,boundary,student_isotonic,32156.666666666668,near,"[""gemma3-1b-near-r1"", ""gemma3-1b-near-r2"", ""gemma3-1b-near-r3""]","[""gemma3-1b-near-r1"", ""gemma3-1b-near-r2"", ""gemma3-1b-near-r3""]",True,32156.666666666668,32156.666666666668,32156.666666666668,False,True,0.0,0.008470493777599453,"{""status"": ""replicate_ambiguous"", ""interval"": null}",gemma3-1b|50000|qa:MuSiQue|0.25,,,,unresolved_interval,,,unresolved,,,"{""log_distance"": null, ""inside_interval"": null, ""signed_log_distance"": null, ""distance_status"": ""unresolved_interval"", ""interval_width_tokens"": null, ""interval_log_width"": null, ""width_status"": ""unresolved"", ""measured_lower_bound_D_U"": null, ""measured_upper_bound_D_U"": null}",0.0
gemma3-1b,50000,qa:MuSiQue,0.25,delta,boundary_loglinear,32156.666666666668,near,"[""gemma3-1b-near-r1"", ""gemma3-1b-near-r2"", ""gemma3-1b-near-r3""]","[""gemma3-1b-above-r1"", ""gemma3-1b-above-r2"", ""gemma3-1b-above-r3""]",True,32156.666666666668,158391,49943.333333333336,False,True,0.7969792054683241,0.008470493777599453,"{""status"": ""replicate_ambiguous"", ""interval"": null}",gemma3-1b|50000|qa:MuSiQue|0.25,,,,unresolved_interval,,,unresolved,,,"{""log_distance"": null, ""inside_interval"": null, ""signed_log_distance"": null, ""distance_status"": ""unresolved_interval"", ""interval_width_tokens"": null, ""interval_log_width"": null, ""width_status"": ""unresolved"", ""measured_lower_bound_D_U"": null, ""measured_upper_bound_D_U"": null}",-1.5944468690699407
gemma3-1b,50000,qa:MuSiQue,0.25,delta,fixed_reuse,158391,above,"[""gemma3-1b-above-r1"", ""gemma3-1b-above-r2"", ""gemma3-1b-above-r3""]","[""gemma3-1b-above-r1"", ""gemma3-1b-above-r2"", ""gemma3-1b-above-r3""]",True,49943.333333333336,158391,49943.333333333336,False,True,0.0,0.008470493777599453,"{""status"": ""replicate_ambiguous"", ""interval"": null}",gemma3-1b|50000|qa:MuSiQue|0.25,,,,unresolved_interval,,,unresolved,,,"{""log_distance"": null, ""inside_interval"": null, ""signed_log_distance"": null, ""distance_status"": ""unresolved_interval"", ""interval_width_tokens"": null, ""interval_log_width"": null, ""width_status"": ""unresolved"", ""measured_lower_bound_D_U"": null, ""measured_upper_bound_D_U"": null}",0.0
gemma3-1b,50000,qa:MuSiQue,0.25,delta,student_isotonic,9049.666666666666,below,"[""gemma3-1b-below-r1"", ""gemma3-1b-below-r2"", ""gemma3-1b-below-r3""]","[""gemma3-1b-above-r1"", ""gemma3-1b-above-r2"", ""gemma3-1b-above-r3""]",False,9049.666666666666,158391,49943.333333333336,False,True,,0.008470493777599453,"{""status"": ""replicate_ambiguous"", ""interval"": null}",gemma3-1b|50000|qa:MuSiQue|0.25,,,,unresolved_interval,,,unresolved,,,"{""log_distance"": null, ""inside_interval"": null, ""signed_log_distance"": null, ""distance_status"": ""unresolved_interval"", ""interval_width_tokens"": null, ""interval_log_width"": null, ""width_status"": ""unresolved"", ""measured_lower_bound_D_U"": null, ""measured_upper_bound_D_U"": null}",-2.8623387349633114
gemma3-1b,50000,qa:MuSiQue,0.5,boundary,boundary_loglinear,32156.666666666668,near,"[""gemma3-1b-near-r1"", ""gemma3-1b-near-r2"", ""gemma3-1b-near-r3""]","[""gemma3-1b-near-r1"", ""gemma3-1b-near-r2"", ""gemma3-1b-near-r3""]",True,32156.666666666668,32156.666666666668,32156.666666666668,False,True,0.0,0.008470493777599453,"{""status"": ""upper_bound"", ""interval"": [0, 9106]}",gemma3-1b|50000|qa:MuSiQue|0.5,1.2616862536017621,False,1.2616862536017621,censored_distance_lower_bound,9106,,unbounded_log_interval,,9106,"{""log_distance"": 1.2616862536017621, ""inside_interval"": false, ""signed_log_distance"": 1.2616862536017621, ""distance_status"": ""censored_distance_lower_bound"", ""interval_width_tokens"": 9106, ""interval_log_width"": null, ""width_status"": ""unbounded_log_interval"", ""measured_lower_bound_D_U"": null, ""measured_upper_bound_D_U"": 9106}",0.0
gemma3-1b,50000,qa:MuSiQue,0.5,boundary,fixed_reuse,32156.666666666668,near,"[""gemma3-1b-near-r1"", ""gemma3-1b-near-r2"", ""gemma3-1b-near-r3""]","[""gemma3-1b-near-r1"", ""gemma3-1b-near-r2"", ""gemma3-1b-near-r3""]",True,32156.666666666668,32156.666666666668,32156.666666666668,False,True,0.0,0.008470493777599453,"{""status"": ""upper_bound"", ""interval"": [0, 9106]}",gemma3-1b|50000|qa:MuSiQue|0.5,1.2616862536017621,False,1.2616862536017621,censored_distance_lower_bound,9106,,unbounded_log_interval,,9106,"{""log_distance"": 1.2616862536017621, ""inside_interval"": false, ""signed_log_distance"": 1.2616862536017621, ""distance_status"": ""censored_distance_lower_bound"", ""interval_width_tokens"": 9106, ""interval_log_width"": null, ""width_status"": ""unbounded_log_interval"", ""measured_lower_bound_D_U"": null, ""measured_upper_bound_D_U"": 9106}",0.0
gemma3-1b,50000,qa:MuSiQue,0.5,boundary,student_isotonic,32156.666666666668,near,"[""gemma3-1b-near-r1"", ""gemma3-1b-near-r2"", ""gemma3-1b-near-r3""]","[""gemma3-1b-near-r1"", ""gemma3-1b-near-r2"", ""gemma3-1b-near-r3""]",True,32156.666666666668,32156.666666666668,32156.666666666668,False,True,0.0,0.008470493777599453,"{""status"": ""upper_bound"", ""interval"": [0, 9106]}",gemma3-1b|50000|qa:MuSiQue|0.5,1.2616862536017621,False,1.2616862536017621,censored_distance_lower_bound,9106,,unbounded_log_interval,,9106,"{""log_distance"": 1.2616862536017621, ""inside_interval"": false, ""signed_log_distance"": 1.2616862536017621, ""distance_status"": ""censored_distance_lower_bound"", ""interval_width_tokens"": 9106, ""interval_log_width"": null, ""width_status"": ""unbounded_log_interval"", ""measured_lower_bound_D_U"": null, ""measured_upper_bound_D_U"": 9106}",0.0
gemma3-1b,50000,qa:MuSiQue,0.5,delta,boundary_loglinear,32156.666666666668,near,"[""gemma3-1b-near-r1"", ""gemma3-1b-near-r2"", ""gemma3-1b-near-r3""]","[""gemma3-1b-near-r1"", ""gemma3-1b-near-r2"", ""gemma3-1b-near-r3""]",True,32156.666666666668,32156.666666666668,32156.666666666668,False,True,0.0,0.008470493777599453,"{""status"": ""upper_bound"", ""interval"": [0, 9106]}",gemma3-1b|50000|qa:MuSiQue|0.5,1.2616862536017621,False,1.2616862536017621,censored_distance_lower_bound,9106,,unbounded_log_interval,,9106,"{""log_distance"": 1.2616862536017621, ""inside_interval"": false, ""signed_log_distance"": 1.2616862536017621, ""distance_status"": ""censored_distance_lower_bound"", ""interval_width_tokens"": 9106, ""interval_log_width"": null, ""width_status"": ""unbounded_log_interval"", ""measured_lower_bound_D_U"": null, ""measured_upper_bound_D_U"": 9106}",0.0
gemma3-1b,50000,qa:MuSiQue,0.5,delta,fixed_reuse,32156.666666666668,near,"[""gemma3-1b-near-r1"", ""gemma3-1b-near-r2"", ""gemma3-1b-near-r3""]","[""gemma3-1b-near-r1"", ""gemma3-1b-near-r2"", ""gemma3-1b-near-r3""]",True,32156.666666666668,32156.666666666668,32156.666666666668,False,True,0.0,0.008470493777599453,"{""status"": ""upper_bound"", ""interval"": [0, 9106]}",gemma3-1b|50000|qa:MuSiQue|0.5,1.2616862536017621,False,1.2616862536017621,censored_distance_lower_bound,9106,,unbounded_log_interval,,9106,"{""log_distance"": 1.2616862536017621, ""inside_interval"": false, ""signed_log_distance"": 1.2616862536017621, ""distance_status"": ""censored_distance_lower_bound"", ""interval_width_tokens"": 9106, ""interval_log_width"": null, ""width_status"": ""unbounded_log_interval"", ""measured_lower_bound_D_U"": null, ""measured_upper_bound_D_U"": 9106}",0.0
gemma3-1b,50000,qa:MuSiQue,0.5,delta,student_isotonic,9049.666666666666,below,"[""gemma3-1b-below-r1"", ""gemma3-1b-below-r2"", ""gemma3-1b-below-r3""]","[""gemma3-1b-near-r1"", ""gemma3-1b-near-r2"", ""gemma3-1b-near-r3""]",True,9049.666666666666,32156.666666666668,32156.666666666668,False,True,0.7185757230227015,0.008470493777599453,"{""status"": ""upper_bound"", ""interval"": [0, 9106]}",gemma3-1b|50000|qa:MuSiQue|0.5,0.0,True,0.0,censored_distance_lower_bound,9106,,unbounded_log_interval,,9106,"{""log_distance"": 1.2616862536017621, ""inside_interval"": false, ""signed_log_distance"": 1.2616862536017621, ""distance_status"": ""censored_distance_lower_bound"", ""interval_width_tokens"": 9106, ""interval_log_width"": null, ""width_status"": ""unbounded_log_interval"", ""measured_lower_bound_D_U"": null, ""measured_upper_bound_D_U"": 9106}",-1.2678918658933709
gemma3-1b,50000,qa:TriviaQA,0.0,boundary,boundary_loglinear,,,[],"[""gemma3-1b-above-r1"", ""gemma3-1b-above-r2"", ""gemma3-1b-above-r3""]",,,158391,49943.333333333336,True,False,,0.008470493777599453,"{""status"": ""non_monotone"", ""interval"": null}",gemma3-1b|50000|qa:TriviaQA|0.0,,,,unresolved_interval,,,unresolved,,,"{""log_distance"": null, ""inside_interval"": null, ""signed_log_distance"": null, ""distance_status"": ""unresolved_interval"", ""interval_width_tokens"": null, ""interval_log_width"": null, ""width_status"": ""unresolved"", ""measured_lower_bound_D_U"": null, ""measured_upper_bound_D_U"": null}",
gemma3-1b,50000,qa:TriviaQA,0.0,boundary,fixed_reuse,,,[],"[""gemma3-1b-above-r1"", ""gemma3-1b-above-r2"", ""gemma3-1b-above-r3""]",,,158391,49943.333333333336,True,False,,0.008470493777599453,"{""status"": ""non_monotone"", ""interval"": null}",gemma3-1b|50000|qa:TriviaQA|0.0,,,,unresolved_interval,,,unresolved,,,"{""log_distance"": null, ""inside_interval"": null, ""signed_log_distance"": null, ""distance_status"": ""unresolved_interval"", ""interval_width_tokens"": null, ""interval_log_width"": null, ""width_status"": ""unresolved"", ""measured_lower_bound_D_U"": null, ""measured_upper_bound_D_U"": null}",
gemma3-1b,50000,qa:TriviaQA,0.0,boundary,student_isotonic,,,[],"[""gemma3-1b-above-r1"", ""gemma3-1b-above-r2"", ""gemma3-1b-above-r3""]",,,158391,49943.333333333336,True,False,,0.008470493777599453,"{""status"": ""non_monotone"", ""interval"": null}",gemma3-1b|50000|qa:TriviaQA|0.0,,,,unresolved_interval,,,unresolved,,,"{""log_distance"": null, ""inside_interval"": null, ""signed_log_distance"": null, ""distance_status"": ""unresolved_interval"", ""interval_width_tokens"": null, ""interval_log_width"": null, ""width_status"": ""unresolved"", ""measured_lower_bound_D_U"": null, ""measured_upper_bound_D_U"": null}",
gemma3-1b,50000,qa:TriviaQA,0.0,delta,boundary_loglinear,32156.666666666668,near,"[""gemma3-1b-near-r1"", ""gemma3-1b-near-r2"", ""gemma3-1b-near-r3""]","[""gemma3-1b-above-r1"", ""gemma3-1b-above-r2"", ""gemma3-1b-above-r3""]",False,32156.666666666668,158391,49943.333333333336,True,False,,0.008470493777599453,"{""status"": ""non_monotone"", ""interval"": null}",gemma3-1b|50000|qa:TriviaQA|0.0,,,,unresolved_interval,,,unresolved,,,"{""log_distance"": null, ""inside_interval"": null, ""signed_log_distance"": null, ""distance_status"": ""unresolved_interval"", ""interval_width_tokens"": null, ""interval_log_width"": null, ""width_status"": ""unresolved"", ""measured_lower_bound_D_U"": null, ""measured_upper_bound_D_U"": null}",-1.5944468690699407
gemma3-1b,50000,qa:TriviaQA,0.0,delta,fixed_reuse,,,[],"[""gemma3-1b-above-r1"", ""gemma3-1b-above-r2"", ""gemma3-1b-above-r3""]",,,158391,49943.333333333336,True,False,,0.008470493777599453,"{""status"": ""non_monotone"", ""interval"": null}",gemma3-1b|50000|qa:TriviaQA|0.0,,,,unresolved_interval,,,unresolved,,,"{""log_distance"": null, ""inside_interval"": null, ""signed_log_distance"": null, ""distance_status"": ""unresolved_interval"", ""interval_width_tokens"": null, ""interval_log_width"": null, ""width_status"": ""unresolved"", ""measured_lower_bound_D_U"": null, ""measured_upper_bound_D_U"": null}",
gemma3-1b,50000,qa:TriviaQA,0.0,delta,student_isotonic,,,[],"[""gemma3-1b-above-r1"", ""gemma3-1b-above-r2"", ""gemma3-1b-above-r3""]",,,158391,49943.333333333336,True,False,,0.008470493777599453,"{""status"": ""non_monotone"", ""interval"": null}",gemma3-1b|50000|qa:TriviaQA|0.0,,,,unresolved_interval,,,unresolved,,,"{""log_distance"": null, ""inside_interval"": null, ""signed_log_distance"": null, ""distance_status"": ""unresolved_interval"", ""interval_width_tokens"": null, ""interval_log_width"": null, ""width_status"": ""unresolved"", ""measured_lower_bound_D_U"": null, ""measured_upper_bound_D_U"": null}",
gemma3-1b,50000,qa:TriviaQA,0.1,boundary,boundary_loglinear,,,[],"[""gemma3-1b-above-r1"", ""gemma3-1b-above-r2"", ""gemma3-1b-above-r3""]",,,158391,49943.333333333336,True,False,,0.008470493777599453,"{""status"": ""non_monotone"", ""interval"": null}",gemma3-1b|50000|qa:TriviaQA|0.1,,,,unresolved_interval,,,unresolved,,,"{""log_distance"": null, ""inside_interval"": null, ""signed_log_distance"": null, ""distance_status"": ""unresolved_interval"", ""interval_width_tokens"": null, ""interval_log_width"": null, ""width_status"": ""unresolved"", ""measured_lower_bound_D_U"": null, ""measured_upper_bound_D_U"": null}",
gemma3-1b,50000,qa:TriviaQA,0.1,boundary,fixed_reuse,,,[],"[""gemma3-1b-above-r1"", ""gemma3-1b-above-r2"", ""gemma3-1b-above-r3""]",,,158391,49943.333333333336,True,False,,0.008470493777599453,"{""status"": ""non_monotone"", ""interval"": null}",gemma3-1b|50000|qa:TriviaQA|0.1,,,,unresolved_interval,,,unresolved,,,"{""log_distance"": null, ""inside_interval"": null, ""signed_log_distance"": null, ""distance_status"": ""unresolved_interval"", ""interval_width_tokens"": null, ""interval_log_width"": null, ""width_status"": ""unresolved"", ""measured_lower_bound_D_U"": null, ""measured_upper_bound_D_U"": null}",
gemma3-1b,50000,qa:TriviaQA,0.1,boundary,student_isotonic,,,[],"[""gemma3-1b-above-r1"", ""gemma3-1b-above-r2"", ""gemma3-1b-above-r3""]",,,158391,49943.333333333336,True,False,,0.008470493777599453,"{""status"": ""non_monotone"", ""interval"": null}",gemma3-1b|50000|qa:TriviaQA|0.1,,,,unresolved_interval,,,unresolved,,,"{""log_distance"": null, ""inside_interval"": null, ""signed_log_distance"": null, ""distance_status"": ""unresolved_interval"", ""interval_width_tokens"": null, ""interval_log_width"": null, ""width_status"": ""unresolved"", ""measured_lower_bound_D_U"": null, ""measured_upper_bound_D_U"": null}",
gemma3-1b,50000,qa:TriviaQA,0.1,delta,boundary_loglinear,32156.666666666668,near,"[""gemma3-1b-near-r1"", ""gemma3-1b-near-r2"", ""gemma3-1b-near-r3""]","[""gemma3-1b-above-r1"", ""gemma3-1b-above-r2"", ""gemma3-1b-above-r3""]",False,32156.666666666668,158391,49943.333333333336,True,False,,0.008470493777599453,"{""status"": ""non_monotone"", ""interval"": null}",gemma3-1b|50000|qa:TriviaQA|0.1,,,,unresolved_interval,,,unresolved,,,"{""log_distance"": null, ""inside_interval"": null, ""signed_log_distance"": null, ""distance_status"": ""unresolved_interval"", ""interval_width_tokens"": null, ""interval_log_width"": null, ""width_status"": ""unresolved"", ""measured_lower_bound_D_U"": null, ""measured_upper_bound_D_U"": null}",-1.5944468690699407
gemma3-1b,50000,qa:TriviaQA,0.1,delta,fixed_reuse,,,[],"[""gemma3-1b-above-r1"", ""gemma3-1b-above-r2"", ""gemma3-1b-above-r3""]",,,158391,49943.333333333336,True,False,,0.008470493777599453,"{""status"": ""non_monotone"", ""interval"": null}",gemma3-1b|50000|qa:TriviaQA|0.1,,,,unresolved_interval,,,unresolved,,,"{""log_distance"": null, ""inside_interval"": null, ""signed_log_distance"": null, ""distance_status"": ""unresolved_interval"", ""interval_width_tokens"": null, ""interval_log_width"": null, ""width_status"": ""unresolved"", ""measured_lower_bound_D_U"": null, ""measured_upper_bound_D_U"": null}",
gemma3-1b,50000,qa:TriviaQA,0.1,delta,student_isotonic,,,[],"[""gemma3-1b-above-r1"", ""gemma3-1b-above-r2"", ""gemma3-1b-above-r3""]",,,158391,49943.333333333336,True,False,,0.008470493777599453,"{""status"": ""non_monotone"", ""interval"": null}",gemma3-1b|50000|qa:TriviaQA|0.1,,,,unresolved_interval,,,unresolved,,,"{""log_distance"": null, ""inside_interval"": null, ""signed_log_distance"": null, ""distance_status"": ""unresolved_interval"", ""interval_width_tokens"": null, ""interval_log_width"": null, ""width_status"": ""unresolved"", ""measured_lower_bound_D_U"": null, ""measured_upper_bound_D_U"": null}",
gemma3-1b,50000,qa:TriviaQA,0.25,boundary,boundary_loglinear,158391,above,"[""gemma3-1b-above-r1"", ""gemma3-1b-above-r2"", ""gemma3-1b-above-r3""]","[""gemma3-1b-near-r1"", ""gemma3-1b-near-r2"", ""gemma3-1b-near-r3""]",False,49943.333333333336,32156.666666666668,32156.666666666668,False,False,,0.008470493777599453,"{""status"": ""non_monotone"", ""interval"": null}",gemma3-1b|50000|qa:TriviaQA|0.25,,,,unresolved_interval,,,unresolved,,,"{""log_distance"": null, ""inside_interval"": null, ""signed_log_distance"": null, ""distance_status"": ""unresolved_interval"", ""interval_width_tokens"": null, ""interval_log_width"": null, ""width_status"": ""unresolved"", ""measured_lower_bound_D_U"": null, ""measured_upper_bound_D_U"": null}",1.5944468690699407
gemma3-1b,50000,qa:TriviaQA,0.25,boundary,fixed_reuse,32156.666666666668,near,"[""gemma3-1b-near-r1"", ""gemma3-1b-near-r2"", ""gemma3-1b-near-r3""]","[""gemma3-1b-near-r1"", ""gemma3-1b-near-r2"", ""gemma3-1b-near-r3""]",False,32156.666666666668,32156.666666666668,32156.666666666668,False,False,,0.008470493777599453,"{""status"": ""non_monotone"", ""interval"": null}",gemma3-1b|50000|qa:TriviaQA|0.25,,,,unresolved_interval,,,unresolved,,,"{""log_distance"": null, ""inside_interval"": null, ""signed_log_distance"": null, ""distance_status"": ""unresolved_interval"", ""interval_width_tokens"": null, ""interval_log_width"": null, ""width_status"": ""unresolved"", ""measured_lower_bound_D_U"": null, ""measured_upper_bound_D_U"": null}",0.0
gemma3-1b,50000,qa:TriviaQA,0.25,boundary,student_isotonic,32156.666666666668,near,"[""gemma3-1b-near-r1"", ""gemma3-1b-near-r2"", ""gemma3-1b-near-r3""]","[""gemma3-1b-near-r1"", ""gemma3-1b-near-r2"", ""gemma3-1b-near-r3""]",False,32156.666666666668,32156.666666666668,32156.666666666668,False,False,,0.008470493777599453,"{""status"": ""non_monotone"", ""interval"": null}",gemma3-1b|50000|qa:TriviaQA|0.25,,,,unresolved_interval,,,unresolved,,,"{""log_distance"": null, ""inside_interval"": null, ""signed_log_distance"": null, ""distance_status"": ""unresolved_interval"", ""interval_width_tokens"": null, ""interval_log_width"": null, ""width_status"": ""unresolved"", ""measured_lower_bound_D_U"": null, ""measured_upper_bound_D_U"": null}",0.0
gemma3-1b,50000,qa:TriviaQA,0.25,delta,boundary_loglinear,32156.666666666668,near,"[""gemma3-1b-near-r1"", ""gemma3-1b-near-r2"", ""gemma3-1b-near-r3""]","[""gemma3-1b-above-r1"", ""gemma3-1b-above-r2"", ""gemma3-1b-above-r3""]",False,32156.666666666668,158391,49943.333333333336,False,False,,0.008470493777599453,"{""status"": ""non_monotone"", ""interval"": null}",gemma3-1b|50000|qa:TriviaQA|0.25,,,,unresolved_interval,,,unresolved,,,"{""log_distance"": null, ""inside_interval"": null, ""signed_log_distance"": null, ""distance_status"": ""unresolved_interval"", ""interval_width_tokens"": null, ""interval_log_width"": null, ""width_status"": ""unresolved"", ""measured_lower_bound_D_U"": null, ""measured_upper_bound_D_U"": null}",-1.5944468690699407
gemma3-1b,50000,qa:TriviaQA,0.25,delta,fixed_reuse,158391,above,"[""gemma3-1b-above-r1"", ""gemma3-1b-above-r2"", ""gemma3-1b-above-r3""]","[""gemma3-1b-above-r1"", ""gemma3-1b-above-r2"", ""gemma3-1b-above-r3""]",False,49943.333333333336,158391,49943.333333333336,False,False,,0.008470493777599453,"{""status"": ""non_monotone"", ""interval"": null}",gemma3-1b|50000|qa:TriviaQA|0.25,,,,unresolved_interval,,,unresolved,,,"{""log_distance"": null, ""inside_interval"": null, ""signed_log_distance"": null, ""distance_status"": ""unresolved_interval"", ""interval_width_tokens"": null, ""interval_log_width"": null, ""width_status"": ""unresolved"", ""measured_lower_bound_D_U"": null, ""measured_upper_bound_D_U"": null}",0.0
gemma3-1b,50000,qa:TriviaQA,0.25,delta,student_isotonic,9049.666666666666,below,"[""gemma3-1b-below-r1"", ""gemma3-1b-below-r2"", ""gemma3-1b-below-r3""]","[""gemma3-1b-above-r1"", ""gemma3-1b-above-r2"", ""gemma3-1b-above-r3""]",False,9049.666666666666,158391,49943.333333333336,False,False,,0.008470493777599453,"{""status"": ""non_monotone"", ""interval"": null}",gemma3-1b|50000|qa:TriviaQA|0.25,,,,unresolved_interval,,,unresolved,,,"{""log_distance"": null, ""inside_interval"": null, ""signed_log_distance"": null, ""distance_status"": ""unresolved_interval"", ""interval_width_tokens"": null, ""interval_log_width"": null, ""width_status"": ""unresolved"", ""measured_lower_bound_D_U"": null, ""measured_upper_bound_D_U"": null}",-2.8623387349633114
gemma3-1b,50000,qa:TriviaQA,0.5,boundary,boundary_loglinear,158391,above,"[""gemma3-1b-above-r1"", ""gemma3-1b-above-r2"", ""gemma3-1b-above-r3""]","[""gemma3-1b-near-r1"", ""gemma3-1b-near-r2"", ""gemma3-1b-near-r3""]",True,49943.333333333336,32156.666666666668,32156.666666666668,False,True,-3.925603814657406,0.008470493777599453,"{""status"": ""non_monotone"", ""interval"": null}",gemma3-1b|50000|qa:TriviaQA|0.5,,,,unresolved_interval,,,unresolved,,,"{""log_distance"": null, ""inside_interval"": null, ""signed_log_distance"": null, ""distance_status"": ""unresolved_interval"", ""interval_width_tokens"": null, ""interval_log_width"": null, ""width_status"": ""unresolved"", ""measured_lower_bound_D_U"": null, ""measured_upper_bound_D_U"": null}",1.5944468690699407
gemma3-1b,50000,qa:TriviaQA,0.5,boundary,fixed_reuse,32156.666666666668,near,"[""gemma3-1b-near-r1"", ""gemma3-1b-near-r2"", ""gemma3-1b-near-r3""]","[""gemma3-1b-near-r1"", ""gemma3-1b-near-r2"", ""gemma3-1b-near-r3""]",True,32156.666666666668,32156.666666666668,32156.666666666668,False,True,0.0,0.008470493777599453,"{""status"": ""non_monotone"", ""interval"": null}",gemma3-1b|50000|qa:TriviaQA|0.5,,,,unresolved_interval,,,unresolved,,,"{""log_distance"": null, ""inside_interval"": null, ""signed_log_distance"": null, ""distance_status"": ""unresolved_interval"", ""interval_width_tokens"": null, ""interval_log_width"": null, ""width_status"": ""unresolved"", ""measured_lower_bound_D_U"": null, ""measured_upper_bound_D_U"": null}",0.0
gemma3-1b,50000,qa:TriviaQA,0.5,boundary,student_isotonic,32156.666666666668,near,"[""gemma3-1b-near-r1"", ""gemma3-1b-near-r2"", ""gemma3-1b-near-r3""]","[""gemma3-1b-near-r1"", ""gemma3-1b-near-r2"", ""gemma3-1b-near-r3""]",True,32156.666666666668,32156.666666666668,32156.666666666668,False,True,0.0,0.008470493777599453,"{""status"": ""non_monotone"", ""interval"": null}",gemma3-1b|50000|qa:TriviaQA|0.5,,,,unresolved_interval,,,unresolved,,,"{""log_distance"": null, ""inside_interval"": null, ""signed_log_distance"": null, ""distance_status"": ""unresolved_interval"", ""interval_width_tokens"": null, ""interval_log_width"": null, ""width_status"": ""unresolved"", ""measured_lower_bound_D_U"": null, ""measured_upper_bound_D_U"": null}",0.0
gemma3-1b,50000,qa:TriviaQA,0.5,delta,boundary_loglinear,9049.666666666666,below,"[""gemma3-1b-below-r1"", ""gemma3-1b-below-r2"", ""gemma3-1b-below-r3""]","[""gemma3-1b-near-r1"", ""gemma3-1b-near-r2"", ""gemma3-1b-near-r3""]",True,9049.666666666666,32156.666666666668,32156.666666666668,False,True,0.7185757230227015,0.008470493777599453,"{""status"": ""non_monotone"", ""interval"": null}",gemma3-1b|50000|qa:TriviaQA|0.5,,,,unresolved_interval,,,unresolved,,,"{""log_distance"": null, ""inside_interval"": null, ""signed_log_distance"": null, ""distance_status"": ""unresolved_interval"", ""interval_width_tokens"": null, ""interval_log_width"": null, ""width_status"": ""unresolved"", ""measured_lower_bound_D_U"": null, ""measured_upper_bound_D_U"": null}",-1.2678918658933709
gemma3-1b,50000,qa:TriviaQA,0.5,delta,fixed_reuse,32156.666666666668,near,"[""gemma3-1b-near-r1"", ""gemma3-1b-near-r2"", ""gemma3-1b-near-r3""]","[""gemma3-1b-near-r1"", ""gemma3-1b-near-r2"", ""gemma3-1b-near-r3""]",True,32156.666666666668,32156.666666666668,32156.666666666668,False,True,0.0,0.008470493777599453,"{""status"": ""non_monotone"", ""interval"": null}",gemma3-1b|50000|qa:TriviaQA|0.5,,,,unresolved_interval,,,unresolved,,,"{""log_distance"": null, ""inside_interval"": null, ""signed_log_distance"": null, ""distance_status"": ""unresolved_interval"", ""interval_width_tokens"": null, ""interval_log_width"": null, ""width_status"": ""unresolved"", ""measured_lower_bound_D_U"": null, ""measured_upper_bound_D_U"": null}",0.0
gemma3-1b,50000,qa:TriviaQA,0.5,delta,student_isotonic,9049.666666666666,below,"[""gemma3-1b-below-r1"", ""gemma3-1b-below-r2"", ""gemma3-1b-below-r3""]","[""gemma3-1b-near-r1"", ""gemma3-1b-near-r2"", ""gemma3-1b-near-r3""]",True,9049.666666666666,32156.666666666668,32156.666666666668,False,True,0.7185757230227015,0.008470493777599453,"{""status"": ""non_monotone"", ""interval"": null}",gemma3-1b|50000|qa:TriviaQA|0.5,,,,unresolved_interval,,,unresolved,,,"{""log_distance"": null, ""inside_interval"": null, ""signed_log_distance"": null, ""distance_status"": ""unresolved_interval"", ""interval_width_tokens"": null, ""interval_log_width"": null, ""width_status"": ""unresolved"", ""measured_lower_bound_D_U"": null, ""measured_upper_bound_D_U"": null}",-1.2678918658933709
gemma3-1b,100000,code:MBPP,0.0,boundary,boundary_loglinear,,,[],"[""gemma3-1b-above-r1"", ""gemma3-1b-above-r2"", ""gemma3-1b-above-r3""]",,,158391,100108,True,False,,0.008930724101904763,"{""status"": ""lower_bound"", ""interval"": [158391, null]}",gemma3-1b|100000|code:MBPP|0.0,,,,no_recommendation,,,unbounded_log_interval,158391,,"{""log_distance"": 0.0, ""inside_interval"": true, ""signed_log_distance"": 0.0, ""distance_status"": ""censored_distance_lower_bound"", ""interval_width_tokens"": null, ""interval_log_width"": null, ""width_status"": ""unbounded_log_interval"", ""measured_lower_bound_D_U"": 158391, ""measured_upper_bound_D_U"": null}",
gemma3-1b,100000,code:MBPP,0.0,boundary,fixed_reuse,,,[],"[""gemma3-1b-above-r1"", ""gemma3-1b-above-r2"", ""gemma3-1b-above-r3""]",,,158391,100108,True,False,,0.008930724101904763,"{""status"": ""lower_bound"", ""interval"": [158391, null]}",gemma3-1b|100000|code:MBPP|0.0,,,,no_recommendation,,,unbounded_log_interval,158391,,"{""log_distance"": 0.0, ""inside_interval"": true, ""signed_log_distance"": 0.0, ""distance_status"": ""censored_distance_lower_bound"", ""interval_width_tokens"": null, ""interval_log_width"": null, ""width_status"": ""unbounded_log_interval"", ""measured_lower_bound_D_U"": 158391, ""measured_upper_bound_D_U"": null}",
gemma3-1b,100000,code:MBPP,0.0,boundary,student_isotonic,,,[],"[""gemma3-1b-above-r1"", ""gemma3-1b-above-r2"", ""gemma3-1b-above-r3""]",,,158391,100108,True,False,,0.008930724101904763,"{""status"": ""lower_bound"", ""interval"": [158391, null]}",gemma3-1b|100000|code:MBPP|0.0,,,,no_recommendation,,,unbounded_log_interval,158391,,"{""log_distance"": 0.0, ""inside_interval"": true, ""signed_log_distance"": 0.0, ""distance_status"": ""censored_distance_lower_bound"", ""interval_width_tokens"": null, ""interval_log_width"": null, ""width_status"": ""unbounded_log_interval"", ""measured_lower_bound_D_U"": 158391, ""measured_upper_bound_D_U"": null}",
gemma3-1b,100000,code:MBPP,0.0,delta,boundary_loglinear,,,[],"[""gemma3-1b-above-r1"", ""gemma3-1b-above-r2"", ""gemma3-1b-above-r3""]",,,158391,100108,True,False,,0.008930724101904763,"{""status"": ""lower_bound"", ""interval"": [158391, null]}",gemma3-1b|100000|code:MBPP|0.0,,,,no_recommendation,,,unbounded_log_interval,158391,,"{""log_distance"": 0.0, ""inside_interval"": true, ""signed_log_distance"": 0.0, ""distance_status"": ""censored_distance_lower_bound"", ""interval_width_tokens"": null, ""interval_log_width"": null, ""width_status"": ""unbounded_log_interval"", ""measured_lower_bound_D_U"": 158391, ""measured_upper_bound_D_U"": null}",
gemma3-1b,100000,code:MBPP,0.0,delta,fixed_reuse,,,[],"[""gemma3-1b-above-r1"", ""gemma3-1b-above-r2"", ""gemma3-1b-above-r3""]",,,158391,100108,True,False,,0.008930724101904763,"{""status"": ""lower_bound"", ""interval"": [158391, null]}",gemma3-1b|100000|code:MBPP|0.0,,,,no_recommendation,,,unbounded_log_interval,158391,,"{""log_distance"": 0.0, ""inside_interval"": true, ""signed_log_distance"": 0.0, ""distance_status"": ""censored_distance_lower_bound"", ""interval_width_tokens"": null, ""interval_log_width"": null, ""width_status"": ""unbounded_log_interval"", ""measured_lower_bound_D_U"": 158391, ""measured_upper_bound_D_U"": null}",
gemma3-1b,100000,code:MBPP,0.0,delta,student_isotonic,,,[],"[""gemma3-1b-above-r1"", ""gemma3-1b-above-r2"", ""gemma3-1b-above-r3""]",,,158391,100108,True,False,,0.008930724101904763,"{""status"": ""lower_bound"", ""interval"": [158391, null]}",gemma3-1b|100000|code:MBPP|0.0,,,,no_recommendation,,,unbounded_log_interval,158391,,"{""log_distance"": 0.0, ""inside_interval"": true, ""signed_log_distance"": 0.0, ""distance_status"": ""censored_distance_lower_bound"", ""interval_width_tokens"": null, ""interval_log_width"": null, ""width_status"": ""unbounded_log_interval"", ""measured_lower_bound_D_U"": 158391, ""measured_upper_bound_D_U"": null}",
gemma3-1b,100000,code:MBPP,0.1,boundary,boundary_loglinear,158391,above,"[""gemma3-1b-above-r1"", ""gemma3-1b-above-r2"", ""gemma3-1b-above-r3""]","[""gemma3-1b-above-r1"", ""gemma3-1b-above-r2"", ""gemma3-1b-above-r3""]",False,100108,158391,100108,True,False,,0.008930724101904763,"{""status"": ""lower_bound"", ""interval"": [158391, null]}",gemma3-1b|100000|code:MBPP|0.1,0.0,True,0.0,censored_distance_lower_bound,,,unbounded_log_interval,158391,,"{""log_distance"": 0.0, ""inside_interval"": true, ""signed_log_distance"": 0.0, ""distance_status"": ""censored_distance_lower_bound"", ""interval_width_tokens"": null, ""interval_log_width"": null, ""width_status"": ""unbounded_log_interval"", ""measured_lower_bound_D_U"": 158391, ""measured_upper_bound_D_U"": null}",0.0
gemma3-1b,100000,code:MBPP,0.1,boundary,fixed_reuse,,,[],"[""gemma3-1b-above-r1"", ""gemma3-1b-above-r2"", ""gemma3-1b-above-r3""]",,,158391,100108,True,False,,0.008930724101904763,"{""status"": ""lower_bound"", ""interval"": [158391, null]}",gemma3-1b|100000|code:MBPP|0.1,,,,no_recommendation,,,unbounded_log_interval,158391,,"{""log_distance"": 0.0, ""inside_interval"": true, ""signed_log_distance"": 0.0, ""distance_status"": ""censored_distance_lower_bound"", ""interval_width_tokens"": null, ""interval_log_width"": null, ""width_status"": ""unbounded_log_interval"", ""measured_lower_bound_D_U"": 158391, ""measured_upper_bound_D_U"": null}",
gemma3-1b,100000,code:MBPP,0.1,boundary,student_isotonic,,,[],"[""gemma3-1b-above-r1"", ""gemma3-1b-above-r2"", ""gemma3-1b-above-r3""]",,,158391,100108,True,False,,0.008930724101904763,"{""status"": ""lower_bound"", ""interval"": [158391, null]}",gemma3-1b|100000|code:MBPP|0.1,,,,no_recommendation,,,unbounded_log_interval,158391,,"{""log_distance"": 0.0, ""inside_interval"": true, ""signed_log_distance"": 0.0, ""distance_status"": ""censored_distance_lower_bound"", ""interval_width_tokens"": null, ""interval_log_width"": null, ""width_status"": ""unbounded_log_interval"", ""measured_lower_bound_D_U"": 158391, ""measured_upper_bound_D_U"": null}",
gemma3-1b,100000,code:MBPP,0.1,delta,boundary_loglinear,158391,above,"[""gemma3-1b-above-r1"", ""gemma3-1b-above-r2"", ""gemma3-1b-above-r3""]","[""gemma3-1b-above-r1"", ""gemma3-1b-above-r2"", ""gemma3-1b-above-r3""]",False,100108,158391,100108,True,False,,0.008930724101904763,"{""status"": ""lower_bound"", ""interval"": [158391, null]}",gemma3-1b|100000|code:MBPP|0.1,0.0,True,0.0,censored_distance_lower_bound,,,unbounded_log_interval,158391,,"{""log_distance"": 0.0, ""inside_interval"": true, ""signed_log_distance"": 0.0, ""distance_status"": ""censored_distance_lower_bound"", ""interval_width_tokens"": null, ""interval_log_width"": null, ""width_status"": ""unbounded_log_interval"", ""measured_lower_bound_D_U"": 158391, ""measured_upper_bound_D_U"": null}",0.0
gemma3-1b,100000,code:MBPP,0.1,delta,fixed_reuse,158391,above,"[""gemma3-1b-above-r1"", ""gemma3-1b-above-r2"", ""gemma3-1b-above-r3""]","[""gemma3-1b-above-r1"", ""gemma3-1b-above-r2"", ""gemma3-1b-above-r3""]",False,100108,158391,100108,True,False,,0.008930724101904763,"{""status"": ""lower_bound"", ""interval"": [158391, null]}",gemma3-1b|100000|code:MBPP|0.1,0.0,True,0.0,censored_distance_lower_bound,,,unbounded_log_interval,158391,,"{""log_distance"": 0.0, ""inside_interval"": true, ""signed_log_distance"": 0.0, ""distance_status"": ""censored_distance_lower_bound"", ""interval_width_tokens"": null, ""interval_log_width"": null, ""width_status"": ""unbounded_log_interval"", ""measured_lower_bound_D_U"": 158391, ""measured_upper_bound_D_U"": null}",0.0
gemma3-1b,100000,code:MBPP,0.1,delta,student_isotonic,,,[],"[""gemma3-1b-above-r1"", ""gemma3-1b-above-r2"", ""gemma3-1b-above-r3""]",,,158391,100108,True,False,,0.008930724101904763,"{""status"": ""lower_bound"", ""interval"": [158391, null]}",gemma3-1b|100000|code:MBPP|0.1,,,,no_recommendation,,,unbounded_log_interval,158391,,"{""log_distance"": 0.0, ""inside_interval"": true, ""signed_log_distance"": 0.0, ""distance_status"": ""censored_distance_lower_bound"", ""interval_width_tokens"": null, ""interval_log_width"": null, ""width_status"": ""unbounded_log_interval"", ""measured_lower_bound_D_U"": 158391, ""measured_upper_bound_D_U"": null}",
gemma3-1b,100000,code:MBPP,0.25,boundary,boundary_loglinear,32156.666666666668,near,"[""gemma3-1b-near-r1"", ""gemma3-1b-near-r2"", ""gemma3-1b-near-r3""]","[""gemma3-1b-near-r1"", ""gemma3-1b-near-r2"", ""gemma3-1b-near-r3""]",True,32156.666666666668,32156.666666666668,32156.666666666668,False,True,0.0,0.008930724101904763,"{""status"": ""crossed"", ""interval"": [8971, 32503]}",gemma3-1b|100000|code:MBPP|0.25,0.0,True,0.0,interval_distance,23532,1.28733524019076,finite,,,"{""log_distance"": 0.0, ""inside_interval"": true, ""signed_log_distance"": 0.0, ""distance_status"": ""interval_distance"", ""interval_width_tokens"": 23532, ""interval_log_width"": 1.28733524019076, ""width_status"": ""finite"", ""measured_lower_bound_D_U"": null, ""measured_upper_bound_D_U"": null}",0.0
gemma3-1b,100000,code:MBPP,0.25,boundary,fixed_reuse,32156.666666666668,near,"[""gemma3-1b-near-r1"", ""gemma3-1b-near-r2"", ""gemma3-1b-near-r3""]","[""gemma3-1b-near-r1"", ""gemma3-1b-near-r2"", ""gemma3-1b-near-r3""]",True,32156.666666666668,32156.666666666668,32156.666666666668,False,True,0.0,0.008930724101904763,"{""status"": ""crossed"", ""interval"": [8971, 32503]}",gemma3-1b|100000|code:MBPP|0.25,0.0,True,0.0,interval_distance,23532,1.28733524019076,finite,,,"{""log_distance"": 0.0, ""inside_interval"": true, ""signed_log_distance"": 0.0, ""distance_status"": ""interval_distance"", ""interval_width_tokens"": 23532, ""interval_log_width"": 1.28733524019076, ""width_status"": ""finite"", ""measured_lower_bound_D_U"": null, ""measured_upper_bound_D_U"": null}",0.0
gemma3-1b,100000,code:MBPP,0.25,boundary,student_isotonic,32156.666666666668,near,"[""gemma3-1b-near-r1"", ""gemma3-1b-near-r2"", ""gemma3-1b-near-r3""]","[""gemma3-1b-near-r1"", ""gemma3-1b-near-r2"", ""gemma3-1b-near-r3""]",True,32156.666666666668,32156.666666666668,32156.666666666668,False,True,0.0,0.008930724101904763,"{""status"": ""crossed"", ""interval"": [8971, 32503]}",gemma3-1b|100000|code:MBPP|0.25,0.0,True,0.0,interval_distance,23532,1.28733524019076,finite,,,"{""log_distance"": 0.0, ""inside_interval"": true, ""signed_log_distance"": 0.0, ""distance_status"": ""interval_distance"", ""interval_width_tokens"": 23532, ""interval_log_width"": 1.28733524019076, ""width_status"": ""finite"", ""measured_lower_bound_D_U"": null, ""measured_upper_bound_D_U"": null}",0.0
gemma3-1b,100000,code:MBPP,0.25,delta,boundary_loglinear,9049.666666666666,below,"[""gemma3-1b-below-r1"", ""gemma3-1b-below-r2"", ""gemma3-1b-below-r3""]","[""gemma3-1b-near-r1"", ""gemma3-1b-near-r2"", ""gemma3-1b-near-r3""]",False,9049.666666666666,32156.666666666668,32156.666666666668,False,True,,0.008930724101904763,"{""status"": ""crossed"", ""interval"": [8971, 32503]}",gemma3-1b|100000|code:MBPP|0.25,0.0,True,0.0,interval_distance,23532,1.28733524019076,finite,,,"{""log_distance"": 0.0, ""inside_interval"": true, ""signed_log_distance"": 0.0, ""distance_status"": ""interval_distance"", ""interval_width_tokens"": 23532, ""interval_log_width"": 1.28733524019076, ""width_status"": ""finite"", ""measured_lower_bound_D_U"": null, ""measured_upper_bound_D_U"": null}",-1.2678918658933709
gemma3-1b,100000,code:MBPP,0.25,delta,fixed_reuse,32156.666666666668,near,"[""gemma3-1b-near-r1"", ""gemma3-1b-near-r2"", ""gemma3-1b-near-r3""]","[""gemma3-1b-near-r1"", ""gemma3-1b-near-r2"", ""gemma3-1b-near-r3""]",True,32156.666666666668,32156.666666666668,32156.666666666668,False,True,0.0,0.008930724101904763,"{""status"": ""crossed"", ""interval"": [8971, 32503]}",gemma3-1b|100000|code:MBPP|0.25,0.0,True,0.0,interval_distance,23532,1.28733524019076,finite,,,"{""log_distance"": 0.0, ""inside_interval"": true, ""signed_log_distance"": 0.0, ""distance_status"": ""interval_distance"", ""interval_width_tokens"": 23532, ""interval_log_width"": 1.28733524019076, ""width_status"": ""finite"", ""measured_lower_bound_D_U"": null, ""measured_upper_bound_D_U"": null}",0.0
gemma3-1b,100000,code:MBPP,0.25,delta,student_isotonic,9049.666666666666,below,"[""gemma3-1b-below-r1"", ""gemma3-1b-below-r2"", ""gemma3-1b-below-r3""]","[""gemma3-1b-near-r1"", ""gemma3-1b-near-r2"", ""gemma3-1b-near-r3""]",False,9049.666666666666,32156.666666666668,32156.666666666668,False,True,,0.008930724101904763,"{""status"": ""crossed"", ""interval"": [8971, 32503]}",gemma3-1b|100000|code:MBPP|0.25,0.0,True,0.0,interval_distance,23532,1.28733524019076,finite,,,"{""log_distance"": 0.0, ""inside_interval"": true, ""signed_log_distance"": 0.0, ""distance_status"": ""interval_distance"", ""interval_width_tokens"": 23532, ""interval_log_width"": 1.28733524019076, ""width_status"": ""finite"", ""measured_lower_bound_D_U"": null, ""measured_upper_bound_D_U"": null}",-1.2678918658933709
gemma3-1b,100000,code:MBPP,0.5,boundary,boundary_loglinear,,,[],"[""gemma3-1b-above-r1"", ""gemma3-1b-above-r2"", ""gemma3-1b-above-r3""]",,,158391,100108,True,True,,0.008930724101904763,"{""status"": ""upper_bound"", ""interval"": [0, 9106]}",gemma3-1b|100000|code:MBPP|0.5,,,,no_recommendation,9106,,unbounded_log_interval,,9106,"{""log_distance"": 2.856133122671703, ""inside_interval"": false, ""signed_log_distance"": 2.856133122671703, ""distance_status"": ""censored_distance_lower_bound"", ""interval_width_tokens"": 9106, ""interval_log_width"": null, ""width_status"": ""unbounded_log_interval"", ""measured_lower_bound_D_U"": null, ""measured_upper_bound_D_U"": 9106}",
gemma3-1b,100000,code:MBPP,0.5,boundary,fixed_reuse,,,[],"[""gemma3-1b-above-r1"", ""gemma3-1b-above-r2"", ""gemma3-1b-above-r3""]",,,158391,100108,True,True,,0.008930724101904763,"{""status"": ""upper_bound"", ""interval"": [0, 9106]}",gemma3-1b|100000|code:MBPP|0.5,,,,no_recommendation,9106,,unbounded_log_interval,,9106,"{""log_distance"": 2.856133122671703, ""inside_interval"": false, ""signed_log_distance"": 2.856133122671703, ""distance_status"": ""censored_distance_lower_bound"", ""interval_width_tokens"": 9106, ""interval_log_width"": null, ""width_status"": ""unbounded_log_interval"", ""measured_lower_bound_D_U"": null, ""measured_upper_bound_D_U"": 9106}",
gemma3-1b,100000,code:MBPP,0.5,boundary,student_isotonic,32156.666666666668,near,"[""gemma3-1b-near-r1"", ""gemma3-1b-near-r2"", ""gemma3-1b-near-r3""]","[""gemma3-1b-above-r1"", ""gemma3-1b-above-r2"", ""gemma3-1b-above-r3""]",True,32156.666666666668,158391,100108,True,True,0.7969792054683241,0.008930724101904763,"{""status"": ""upper_bound"", ""interval"": [0, 9106]}",gemma3-1b|100000|code:MBPP|0.5,1.2616862536017621,False,1.2616862536017621,censored_distance_lower_bound,9106,,unbounded_log_interval,,9106,"{""log_distance"": 2.856133122671703, ""inside_interval"": false, ""signed_log_distance"": 2.856133122671703, ""distance_status"": ""censored_distance_lower_bound"", ""interval_width_tokens"": 9106, ""interval_log_width"": null, ""width_status"": ""unbounded_log_interval"", ""measured_lower_bound_D_U"": null, ""measured_upper_bound_D_U"": 9106}",-1.5944468690699407
gemma3-1b,100000,code:MBPP,0.5,delta,boundary_loglinear,9049.666666666666,below,"[""gemma3-1b-below-r1"", ""gemma3-1b-below-r2"", ""gemma3-1b-below-r3""]","[""gemma3-1b-below-r1"", ""gemma3-1b-below-r2"", ""gemma3-1b-below-r3""]",True,9049.666666666666,9049.666666666666,9049.666666666666,False,True,0.0,0.008930724101904763,"{""status"": ""upper_bound"", ""interval"": [0, 9106]}",gemma3-1b|100000|code:MBPP|0.5,0.0,True,0.0,censored_distance_lower_bound,9106,,unbounded_log_interval,,9106,"{""log_distance"": 0.0, ""inside_interval"": true, ""signed_log_distance"": 0.0, ""distance_status"": ""censored_distance_lower_bound"", ""interval_width_tokens"": 9106, ""interval_log_width"": null, ""width_status"": ""unbounded_log_interval"", ""measured_lower_bound_D_U"": null, ""measured_upper_bound_D_U"": 9106}",0.0
gemma3-1b,100000,code:MBPP,0.5,delta,fixed_reuse,9049.666666666666,below,"[""gemma3-1b-below-r1"", ""gemma3-1b-below-r2"", ""gemma3-1b-below-r3""]","[""gemma3-1b-below-r1"", ""gemma3-1b-below-r2"", ""gemma3-1b-below-r3""]",True,9049.666666666666,9049.666666666666,9049.666666666666,False,True,0.0,0.008930724101904763,"{""status"": ""upper_bound"", ""interval"": [0, 9106]}",gemma3-1b|100000|code:MBPP|0.5,0.0,True,0.0,censored_distance_lower_bound,9106,,unbounded_log_interval,,9106,"{""log_distance"": 0.0, ""inside_interval"": true, ""signed_log_distance"": 0.0, ""distance_status"": ""censored_distance_lower_bound"", ""interval_width_tokens"": 9106, ""interval_log_width"": null, ""width_status"": ""unbounded_log_interval"", ""measured_lower_bound_D_U"": null, ""measured_upper_bound_D_U"": 9106}",0.0
gemma3-1b,100000,code:MBPP,0.5,delta,student_isotonic,9049.666666666666,below,"[""gemma3-1b-below-r1"", ""gemma3-1b-below-r2"", ""gemma3-1b-below-r3""]","[""gemma3-1b-below-r1"", ""gemma3-1b-below-r2"", ""gemma3-1b-below-r3""]",True,9049.666666666666,9049.666666666666,9049.666666666666,False,True,0.0,0.008930724101904763,"{""status"": ""upper_bound"", ""interval"": [0, 9106]}",gemma3-1b|100000|code:MBPP|0.5,0.0,True,0.0,censored_distance_lower_bound,9106,,unbounded_log_interval,,9106,"{""log_distance"": 0.0, ""inside_interval"": true, ""signed_log_distance"": 0.0, ""distance_status"": ""censored_distance_lower_bound"", ""interval_width_tokens"": 9106, ""interval_log_width"": null, ""width_status"": ""unbounded_log_interval"", ""measured_lower_bound_D_U"": null, ""measured_upper_bound_D_U"": 9106}",0.0
gemma3-1b,100000,math:MATH-500,0.0,boundary,boundary_loglinear,,,[],"[""gemma3-1b-above-r1"", ""gemma3-1b-above-r2"", ""gemma3-1b-above-r3""]",,,158391,100108,True,False,,0.008930724101904763,"{""status"": ""lower_bound"", ""interval"": [158391, null]}",gemma3-1b|100000|math:MATH-500|0.0,,,,no_recommendation,,,unbounded_log_interval,158391,,"{""log_distance"": 0.0, ""inside_interval"": true, ""signed_log_distance"": 0.0, ""distance_status"": ""censored_distance_lower_bound"", ""interval_width_tokens"": null, ""interval_log_width"": null, ""width_status"": ""unbounded_log_interval"", ""measured_lower_bound_D_U"": 158391, ""measured_upper_bound_D_U"": null}",
gemma3-1b,100000,math:MATH-500,0.0,boundary,fixed_reuse,,,[],"[""gemma3-1b-above-r1"", ""gemma3-1b-above-r2"", ""gemma3-1b-above-r3""]",,,158391,100108,True,False,,0.008930724101904763,"{""status"": ""lower_bound"", ""interval"": [158391, null]}",gemma3-1b|100000|math:MATH-500|0.0,,,,no_recommendation,,,unbounded_log_interval,158391,,"{""log_distance"": 0.0, ""inside_interval"": true, ""signed_log_distance"": 0.0, ""distance_status"": ""censored_distance_lower_bound"", ""interval_width_tokens"": null, ""interval_log_width"": null, ""width_status"": ""unbounded_log_interval"", ""measured_lower_bound_D_U"": 158391, ""measured_upper_bound_D_U"": null}",
gemma3-1b,100000,math:MATH-500,0.0,boundary,student_isotonic,,,[],"[""gemma3-1b-above-r1"", ""gemma3-1b-above-r2"", ""gemma3-1b-above-r3""]",,,158391,100108,True,False,,0.008930724101904763,"{""status"": ""lower_bound"", ""interval"": [158391, null]}",gemma3-1b|100000|math:MATH-500|0.0,,,,no_recommendation,,,unbounded_log_interval,158391,,"{""log_distance"": 0.0, ""inside_interval"": true, ""signed_log_distance"": 0.0, ""distance_status"": ""censored_distance_lower_bound"", ""interval_width_tokens"": null, ""interval_log_width"": null, ""width_status"": ""unbounded_log_interval"", ""measured_lower_bound_D_U"": 158391, ""measured_upper_bound_D_U"": null}",
gemma3-1b,100000,math:MATH-500,0.0,delta,boundary_loglinear,,,[],"[""gemma3-1b-above-r1"", ""gemma3-1b-above-r2"", ""gemma3-1b-above-r3""]",,,158391,100108,True,False,,0.008930724101904763,"{""status"": ""lower_bound"", ""interval"": [158391, null]}",gemma3-1b|100000|math:MATH-500|0.0,,,,no_recommendation,,,unbounded_log_interval,158391,,"{""log_distance"": 0.0, ""inside_interval"": true, ""signed_log_distance"": 0.0, ""distance_status"": ""censored_distance_lower_bound"", ""interval_width_tokens"": null, ""interval_log_width"": null, ""width_status"": ""unbounded_log_interval"", ""measured_lower_bound_D_U"": 158391, ""measured_upper_bound_D_U"": null}",
gemma3-1b,100000,math:MATH-500,0.0,delta,fixed_reuse,,,[],"[""gemma3-1b-above-r1"", ""gemma3-1b-above-r2"", ""gemma3-1b-above-r3""]",,,158391,100108,True,False,,0.008930724101904763,"{""status"": ""lower_bound"", ""interval"": [158391, null]}",gemma3-1b|100000|math:MATH-500|0.0,,,,no_recommendation,,,unbounded_log_interval,158391,,"{""log_distance"": 0.0, ""inside_interval"": true, ""signed_log_distance"": 0.0, ""distance_status"": ""censored_distance_lower_bound"", ""interval_width_tokens"": null, ""interval_log_width"": null, ""width_status"": ""unbounded_log_interval"", ""measured_lower_bound_D_U"": 158391, ""measured_upper_bound_D_U"": null}",
gemma3-1b,100000,math:MATH-500,0.0,delta,student_isotonic,,,[],"[""gemma3-1b-above-r1"", ""gemma3-1b-above-r2"", ""gemma3-1b-above-r3""]",,,158391,100108,True,False,,0.008930724101904763,"{""status"": ""lower_bound"", ""interval"": [158391, null]}",gemma3-1b|100000|math:MATH-500|0.0,,,,no_recommendation,,,unbounded_log_interval,158391,,"{""log_distance"": 0.0, ""inside_interval"": true, ""signed_log_distance"": 0.0, ""distance_status"": ""censored_distance_lower_bound"", ""interval_width_tokens"": null, ""interval_log_width"": null, ""width_status"": ""unbounded_log_interval"", ""measured_lower_bound_D_U"": 158391, ""measured_upper_bound_D_U"": null}",
gemma3-1b,100000,math:MATH-500,0.1,boundary,boundary_loglinear,32156.666666666668,near,"[""gemma3-1b-near-r1"", ""gemma3-1b-near-r2"", ""gemma3-1b-near-r3""]","[""gemma3-1b-above-r1"", ""gemma3-1b-above-r2"", ""gemma3-1b-above-r3""]",False,32156.666666666668,158391,100108,True,True,,0.008930724101904763,"{""status"": ""replicate_ambiguous"", ""interval"": null}",gemma3-1b|100000|math:MATH-500|0.1,,,,unresolved_interval,,,unresolved,,,"{""log_distance"": null, ""inside_interval"": null, ""signed_log_distance"": null, ""distance_status"": ""unresolved_interval"", ""interval_width_tokens"": null, ""interval_log_width"": null, ""width_status"": ""unresolved"", ""measured_lower_bound_D_U"": null, ""measured_upper_bound_D_U"": null}",-1.5944468690699407
gemma3-1b,100000,math:MATH-500,0.1,boundary,fixed_reuse,158391,above,"[""gemma3-1b-above-r1"", ""gemma3-1b-above-r2"", ""gemma3-1b-above-r3""]","[""gemma3-1b-above-r1"", ""gemma3-1b-above-r2"", ""gemma3-1b-above-r3""]",True,100108,158391,100108,True,True,0.0,0.008930724101904763,"{""status"": ""replicate_ambiguous"", ""interval"": null}",gemma3-1b|100000|math:MATH-500|0.1,,,,unresolved_interval,,,unresolved,,,"{""log_distance"": null, ""inside_interval"": null, ""signed_log_distance"": null, ""distance_status"": ""unresolved_interval"", ""interval_width_tokens"": null, ""interval_log_width"": null, ""width_status"": ""unresolved"", ""measured_lower_bound_D_U"": null, ""measured_upper_bound_D_U"": null}",0.0
gemma3-1b,100000,math:MATH-500,0.1,boundary,student_isotonic,,,[],"[""gemma3-1b-above-r1"", ""gemma3-1b-above-r2"", ""gemma3-1b-above-r3""]",,,158391,100108,True,True,,0.008930724101904763,"{""status"": ""replicate_ambiguous"", ""interval"": null}",gemma3-1b|100000|math:MATH-500|0.1,,,,unresolved_interval,,,unresolved,,,"{""log_distance"": null, ""inside_interval"": null, ""signed_log_distance"": null, ""distance_status"": ""unresolved_interval"", ""interval_width_tokens"": null, ""interval_log_width"": null, ""width_status"": ""unresolved"", ""measured_lower_bound_D_U"": null, ""measured_upper_bound_D_U"": null}",
gemma3-1b,100000,math:MATH-500,0.1,delta,boundary_loglinear,158391,above,"[""gemma3-1b-above-r1"", ""gemma3-1b-above-r2"", ""gemma3-1b-above-r3""]","[""gemma3-1b-above-r1"", ""gemma3-1b-above-r2"", ""gemma3-1b-above-r3""]",True,100108,158391,100108,True,True,0.0,0.008930724101904763,"{""status"": ""replicate_ambiguous"", ""interval"": null}",gemma3-1b|100000|math:MATH-500|0.1,,,,unresolved_interval,,,unresolved,,,"{""log_distance"": null, ""inside_interval"": null, ""signed_log_distance"": null, ""distance_status"": ""unresolved_interval"", ""interval_width_tokens"": null, ""interval_log_width"": null, ""width_status"": ""unresolved"", ""measured_lower_bound_D_U"": null, ""measured_upper_bound_D_U"": null}",0.0
gemma3-1b,100000,math:MATH-500,0.1,delta,fixed_reuse,158391,above,"[""gemma3-1b-above-r1"", ""gemma3-1b-above-r2"", ""gemma3-1b-above-r3""]","[""gemma3-1b-above-r1"", ""gemma3-1b-above-r2"", ""gemma3-1b-above-r3""]",True,100108,158391,100108,True,True,0.0,0.008930724101904763,"{""status"": ""replicate_ambiguous"", ""interval"": null}",gemma3-1b|100000|math:MATH-500|0.1,,,,unresolved_interval,,,unresolved,,,"{""log_distance"": null, ""inside_interval"": null, ""signed_log_distance"": null, ""distance_status"": ""unresolved_interval"", ""interval_width_tokens"": null, ""interval_log_width"": null, ""width_status"": ""unresolved"", ""measured_lower_bound_D_U"": null, ""measured_upper_bound_D_U"": null}",0.0
gemma3-1b,100000,math:MATH-500,0.1,delta,student_isotonic,,,[],"[""gemma3-1b-above-r1"", ""gemma3-1b-above-r2"", ""gemma3-1b-above-r3""]",,,158391,100108,True,True,,0.008930724101904763,"{""status"": ""replicate_ambiguous"", ""interval"": null}",gemma3-1b|100000|math:MATH-500|0.1,,,,unresolved_interval,,,unresolved,,,"{""log_distance"": null, ""inside_interval"": null, ""signed_log_distance"": null, ""distance_status"": ""unresolved_interval"", ""interval_width_tokens"": null, ""interval_log_width"": null, ""width_status"": ""unresolved"", ""measured_lower_bound_D_U"": null, ""measured_upper_bound_D_U"": null}",
gemma3-1b,100000,math:MATH-500,0.25,boundary,boundary_loglinear,32156.666666666668,near,"[""gemma3-1b-near-r1"", ""gemma3-1b-near-r2"", ""gemma3-1b-near-r3""]","[""gemma3-1b-near-r1"", ""gemma3-1b-near-r2"", ""gemma3-1b-near-r3""]",True,32156.666666666668,32156.666666666668,32156.666666666668,False,True,0.0,0.008930724101904763,"{""status"": ""crossed"", ""interval"": [8971, 32503]}",gemma3-1b|100000|math:MATH-500|0.25,0.0,True,0.0,interval_distance,23532,1.28733524019076,finite,,,"{""log_distance"": 0.0, ""inside_interval"": true, ""signed_log_distance"": 0.0, ""distance_status"": ""interval_distance"", ""interval_width_tokens"": 23532, ""interval_log_width"": 1.28733524019076, ""width_status"": ""finite"", ""measured_lower_bound_D_U"": null, ""measured_upper_bound_D_U"": null}",0.0
gemma3-1b,100000,math:MATH-500,0.25,boundary,fixed_reuse,32156.666666666668,near,"[""gemma3-1b-near-r1"", ""gemma3-1b-near-r2"", ""gemma3-1b-near-r3""]","[""gemma3-1b-near-r1"", ""gemma3-1b-near-r2"", ""gemma3-1b-near-r3""]",True,32156.666666666668,32156.666666666668,32156.666666666668,False,True,0.0,0.008930724101904763,"{""status"": ""crossed"", ""interval"": [8971, 32503]}",gemma3-1b|100000|math:MATH-500|0.25,0.0,True,0.0,interval_distance,23532,1.28733524019076,finite,,,"{""log_distance"": 0.0, ""inside_interval"": true, ""signed_log_distance"": 0.0, ""distance_status"": ""interval_distance"", ""interval_width_tokens"": 23532, ""interval_log_width"": 1.28733524019076, ""width_status"": ""finite"", ""measured_lower_bound_D_U"": null, ""measured_upper_bound_D_U"": null}",0.0
gemma3-1b,100000,math:MATH-500,0.25,boundary,student_isotonic,32156.666666666668,near,"[""gemma3-1b-near-r1"", ""gemma3-1b-near-r2"", ""gemma3-1b-near-r3""]","[""gemma3-1b-near-r1"", ""gemma3-1b-near-r2"", ""gemma3-1b-near-r3""]",True,32156.666666666668,32156.666666666668,32156.666666666668,False,True,0.0,0.008930724101904763,"{""status"": ""crossed"", ""interval"": [8971, 32503]}",gemma3-1b|100000|math:MATH-500|0.25,0.0,True,0.0,interval_distance,23532,1.28733524019076,finite,,,"{""log_distance"": 0.0, ""inside_interval"": true, ""signed_log_distance"": 0.0, ""distance_status"": ""interval_distance"", ""interval_width_tokens"": 23532, ""interval_log_width"": 1.28733524019076, ""width_status"": ""finite"", ""measured_lower_bound_D_U"": null, ""measured_upper_bound_D_U"": null}",0.0
gemma3-1b,100000,math:MATH-500,0.25,delta,boundary_loglinear,9049.666666666666,below,"[""gemma3-1b-below-r1"", ""gemma3-1b-below-r2"", ""gemma3-1b-below-r3""]","[""gemma3-1b-near-r1"", ""gemma3-1b-near-r2"", ""gemma3-1b-near-r3""]",False,9049.666666666666,32156.666666666668,32156.666666666668,False,True,,0.008930724101904763,"{""status"": ""crossed"", ""interval"": [8971, 32503]}",gemma3-1b|100000|math:MATH-500|0.25,0.0,True,0.0,interval_distance,23532,1.28733524019076,finite,,,"{""log_distance"": 0.0, ""inside_interval"": true, ""signed_log_distance"": 0.0, ""distance_status"": ""interval_distance"", ""interval_width_tokens"": 23532, ""interval_log_width"": 1.28733524019076, ""width_status"": ""finite"", ""measured_lower_bound_D_U"": null, ""measured_upper_bound_D_U"": null}",-1.2678918658933709
gemma3-1b,100000,math:MATH-500,0.25,delta,fixed_reuse,32156.666666666668,near,"[""gemma3-1b-near-r1"", ""gemma3-1b-near-r2"", ""gemma3-1b-near-r3""]","[""gemma3-1b-near-r1"", ""gemma3-1b-near-r2"", ""gemma3-1b-near-r3""]",True,32156.666666666668,32156.666666666668,32156.666666666668,False,True,0.0,0.008930724101904763,"{""status"": ""crossed"", ""interval"": [8971, 32503]}",gemma3-1b|100000|math:MATH-500|0.25,0.0,True,0.0,interval_distance,23532,1.28733524019076,finite,,,"{""log_distance"": 0.0, ""inside_interval"": true, ""signed_log_distance"": 0.0, ""distance_status"": ""interval_distance"", ""interval_width_tokens"": 23532, ""interval_log_width"": 1.28733524019076, ""width_status"": ""finite"", ""measured_lower_bound_D_U"": null, ""measured_upper_bound_D_U"": null}",0.0
gemma3-1b,100000,math:MATH-500,0.25,delta,student_isotonic,9049.666666666666,below,"[""gemma3-1b-below-r1"", ""gemma3-1b-below-r2"", ""gemma3-1b-below-r3""]","[""gemma3-1b-near-r1"", ""gemma3-1b-near-r2"", ""gemma3-1b-near-r3""]",False,9049.666666666666,32156.666666666668,32156.666666666668,False,True,,0.008930724101904763,"{""status"": ""crossed"", ""interval"": [8971, 32503]}",gemma3-1b|100000|math:MATH-500|0.25,0.0,True,0.0,interval_distance,23532,1.28733524019076,finite,,,"{""log_distance"": 0.0, ""inside_interval"": true, ""signed_log_distance"": 0.0, ""distance_status"": ""interval_distance"", ""interval_width_tokens"": 23532, ""interval_log_width"": 1.28733524019076, ""width_status"": ""finite"", ""measured_lower_bound_D_U"": null, ""measured_upper_bound_D_U"": null}",-1.2678918658933709
gemma3-1b,100000,math:MATH-500,0.5,boundary,boundary_loglinear,,,[],"[""gemma3-1b-above-r1"", ""gemma3-1b-above-r2"", ""gemma3-1b-above-r3""]",,,158391,100108,True,True,,0.008930724101904763,"{""status"": ""upper_bound"", ""interval"": [0, 9106]}",gemma3-1b|100000|math:MATH-500|0.5,,,,no_recommendation,9106,,unbounded_log_interval,,9106,"{""log_distance"": 2.856133122671703, ""inside_interval"": false, ""signed_log_distance"": 2.856133122671703, ""distance_status"": ""censored_distance_lower_bound"", ""interval_width_tokens"": 9106, ""interval_log_width"": null, ""width_status"": ""unbounded_log_interval"", ""measured_lower_bound_D_U"": null, ""measured_upper_bound_D_U"": 9106}",
gemma3-1b,100000,math:MATH-500,0.5,boundary,fixed_reuse,,,[],"[""gemma3-1b-above-r1"", ""gemma3-1b-above-r2"", ""gemma3-1b-above-r3""]",,,158391,100108,True,True,,0.008930724101904763,"{""status"": ""upper_bound"", ""interval"": [0, 9106]}",gemma3-1b|100000|math:MATH-500|0.5,,,,no_recommendation,9106,,unbounded_log_interval,,9106,"{""log_distance"": 2.856133122671703, ""inside_interval"": false, ""signed_log_distance"": 2.856133122671703, ""distance_status"": ""censored_distance_lower_bound"", ""interval_width_tokens"": 9106, ""interval_log_width"": null, ""width_status"": ""unbounded_log_interval"", ""measured_lower_bound_D_U"": null, ""measured_upper_bound_D_U"": 9106}",
gemma3-1b,100000,math:MATH-500,0.5,boundary,student_isotonic,32156.666666666668,near,"[""gemma3-1b-near-r1"", ""gemma3-1b-near-r2"", ""gemma3-1b-near-r3""]","[""gemma3-1b-above-r1"", ""gemma3-1b-above-r2"", ""gemma3-1b-above-r3""]",True,32156.666666666668,158391,100108,True,True,0.7969792054683241,0.008930724101904763,"{""status"": ""upper_bound"", ""interval"": [0, 9106]}",gemma3-1b|100000|math:MATH-500|0.5,1.2616862536017621,False,1.2616862536017621,censored_distance_lower_bound,9106,,unbounded_log_interval,,9106,"{""log_distance"": 2.856133122671703, ""inside_interval"": false, ""signed_log_distance"": 2.856133122671703, ""distance_status"": ""censored_distance_lower_bound"", ""interval_width_tokens"": 9106, ""interval_log_width"": null, ""width_status"": ""unbounded_log_interval"", ""measured_lower_bound_D_U"": null, ""measured_upper_bound_D_U"": 9106}",-1.5944468690699407
gemma3-1b,100000,math:MATH-500,0.5,delta,boundary_loglinear,9049.666666666666,below,"[""gemma3-1b-below-r1"", ""gemma3-1b-below-r2"", ""gemma3-1b-below-r3""]","[""gemma3-1b-below-r1"", ""gemma3-1b-below-r2"", ""gemma3-1b-below-r3""]",True,9049.666666666666,9049.666666666666,9049.666666666666,False,True,0.0,0.008930724101904763,"{""status"": ""upper_bound"", ""interval"": [0, 9106]}",gemma3-1b|100000|math:MATH-500|0.5,0.0,True,0.0,censored_distance_lower_bound,9106,,unbounded_log_interval,,9106,"{""log_distance"": 0.0, ""inside_interval"": true, ""signed_log_distance"": 0.0, ""distance_status"": ""censored_distance_lower_bound"", ""interval_width_tokens"": 9106, ""interval_log_width"": null, ""width_status"": ""unbounded_log_interval"", ""measured_lower_bound_D_U"": null, ""measured_upper_bound_D_U"": 9106}",0.0
gemma3-1b,100000,math:MATH-500,0.5,delta,fixed_reuse,9049.666666666666,below,"[""gemma3-1b-below-r1"", ""gemma3-1b-below-r2"", ""gemma3-1b-below-r3""]","[""gemma3-1b-below-r1"", ""gemma3-1b-below-r2"", ""gemma3-1b-below-r3""]",True,9049.666666666666,9049.666666666666,9049.666666666666,False,True,0.0,0.008930724101904763,"{""status"": ""upper_bound"", ""interval"": [0, 9106]}",gemma3-1b|100000|math:MATH-500|0.5,0.0,True,0.0,censored_distance_lower_bound,9106,,unbounded_log_interval,,9106,"{""log_distance"": 0.0, ""inside_interval"": true, ""signed_log_distance"": 0.0, ""distance_status"": ""censored_distance_lower_bound"", ""interval_width_tokens"": 9106, ""interval_log_width"": null, ""width_status"": ""unbounded_log_interval"", ""measured_lower_bound_D_U"": null, ""measured_upper_bound_D_U"": 9106}",0.0
gemma3-1b,100000,math:MATH-500,0.5,delta,student_isotonic,9049.666666666666,below,"[""gemma3-1b-below-r1"", ""gemma3-1b-below-r2"", ""gemma3-1b-below-r3""]","[""gemma3-1b-below-r1"", ""gemma3-1b-below-r2"", ""gemma3-1b-below-r3""]",True,9049.666666666666,9049.666666666666,9049.666666666666,False,True,0.0,0.008930724101904763,"{""status"": ""upper_bound"", ""interval"": [0, 9106]}",gemma3-1b|100000|math:MATH-500|0.5,0.0,True,0.0,censored_distance_lower_bound,9106,,unbounded_log_interval,,9106,"{""log_distance"": 0.0, ""inside_interval"": true, ""signed_log_distance"": 0.0, ""distance_status"": ""censored_distance_lower_bound"", ""interval_width_tokens"": 9106, ""interval_log_width"": null, ""width_status"": ""unbounded_log_interval"", ""measured_lower_bound_D_U"": null, ""measured_upper_bound_D_U"": 9106}",0.0
gemma3-1b,100000,qa:2Wiki-fresh,0.0,boundary,boundary_loglinear,32156.666666666668,near,"[""gemma3-1b-near-r1"", ""gemma3-1b-near-r2"", ""gemma3-1b-near-r3""]","[""gemma3-1b-above-r1"", ""gemma3-1b-above-r2"", ""gemma3-1b-above-r3""]",True,32156.666666666668,158391,100108,False,True,0.7969792054683241,0.008930724101904763,"{""status"": ""crossed"", ""interval"": [8971, 32503]}",gemma3-1b|100000|qa:2Wiki-fresh|0.0,0.0,True,0.0,interval_distance,23532,1.28733524019076,finite,,,"{""log_distance"": 1.5837342668163865, ""inside_interval"": false, ""signed_log_distance"": 1.5837342668163865, ""distance_status"": ""interval_distance"", ""interval_width_tokens"": 23532, ""interval_log_width"": 1.28733524019076, ""width_status"": ""finite"", ""measured_lower_bound_D_U"": null, ""measured_upper_bound_D_U"": null}",-1.5944468690699407
gemma3-1b,100000,qa:2Wiki-fresh,0.0,boundary,fixed_reuse,32156.666666666668,near,"[""gemma3-1b-near-r1"", ""gemma3-1b-near-r2"", ""gemma3-1b-near-r3""]","[""gemma3-1b-above-r1"", ""gemma3-1b-above-r2"", ""gemma3-1b-above-r3""]",True,32156.666666666668,158391,100108,False,True,0.7969792054683241,0.008930724101904763,"{""status"": ""crossed"", ""interval"": [8971, 32503]}",gemma3-1b|100000|qa:2Wiki-fresh|0.0,0.0,True,0.0,interval_distance,23532,1.28733524019076,finite,,,"{""log_distance"": 1.5837342668163865, ""inside_interval"": false, ""signed_log_distance"": 1.5837342668163865, ""distance_status"": ""interval_distance"", ""interval_width_tokens"": 23532, ""interval_log_width"": 1.28733524019076, ""width_status"": ""finite"", ""measured_lower_bound_D_U"": null, ""measured_upper_bound_D_U"": null}",-1.5944468690699407
gemma3-1b,100000,qa:2Wiki-fresh,0.0,boundary,student_isotonic,158391,above,"[""gemma3-1b-above-r1"", ""gemma3-1b-above-r2"", ""gemma3-1b-above-r3""]","[""gemma3-1b-above-r1"", ""gemma3-1b-above-r2"", ""gemma3-1b-above-r3""]",True,100108,158391,100108,False,True,0.0,0.008930724101904763,"{""status"": ""crossed"", ""interval"": [8971, 32503]}",gemma3-1b|100000|qa:2Wiki-fresh|0.0,1.5837342668163865,False,1.5837342668163865,interval_distance,23532,1.28733524019076,finite,,,"{""log_distance"": 1.5837342668163865, ""inside_interval"": false, ""signed_log_distance"": 1.5837342668163865, ""distance_status"": ""interval_distance"", ""interval_width_tokens"": 23532, ""interval_log_width"": 1.28733524019076, ""width_status"": ""finite"", ""measured_lower_bound_D_U"": null, ""measured_upper_bound_D_U"": null}",0.0
gemma3-1b,100000,qa:2Wiki-fresh,0.0,delta,boundary_loglinear,32156.666666666668,near,"[""gemma3-1b-near-r1"", ""gemma3-1b-near-r2"", ""gemma3-1b-near-r3""]","[""gemma3-1b-above-r1"", ""gemma3-1b-above-r2"", ""gemma3-1b-above-r3""]",True,32156.666666666668,158391,100108,True,True,0.7969792054683241,0.008930724101904763,"{""status"": ""crossed"", ""interval"": [8971, 32503]}",gemma3-1b|100000|qa:2Wiki-fresh|0.0,0.0,True,0.0,interval_distance,23532,1.28733524019076,finite,,,"{""log_distance"": 1.5837342668163865, ""inside_interval"": false, ""signed_log_distance"": 1.5837342668163865, ""distance_status"": ""interval_distance"", ""interval_width_tokens"": 23532, ""interval_log_width"": 1.28733524019076, ""width_status"": ""finite"", ""measured_lower_bound_D_U"": null, ""measured_upper_bound_D_U"": null}",-1.5944468690699407
gemma3-1b,100000,qa:2Wiki-fresh,0.0,delta,fixed_reuse,,,[],"[""gemma3-1b-above-r1"", ""gemma3-1b-above-r2"", ""gemma3-1b-above-r3""]",,,158391,100108,True,True,,0.008930724101904763,"{""status"": ""crossed"", ""interval"": [8971, 32503]}",gemma3-1b|100000|qa:2Wiki-fresh|0.0,,,,no_recommendation,23532,1.28733524019076,finite,,,"{""log_distance"": 1.5837342668163865, ""inside_interval"": false, ""signed_log_distance"": 1.5837342668163865, ""distance_status"": ""interval_distance"", ""interval_width_tokens"": 23532, ""interval_log_width"": 1.28733524019076, ""width_status"": ""finite"", ""measured_lower_bound_D_U"": null, ""measured_upper_bound_D_U"": null}",
gemma3-1b,100000,qa:2Wiki-fresh,0.0,delta,student_isotonic,9049.666666666666,below,"[""gemma3-1b-below-r1"", ""gemma3-1b-below-r2"", ""gemma3-1b-below-r3""]","[""gemma3-1b-above-r1"", ""gemma3-1b-above-r2"", ""gemma3-1b-above-r3""]",False,9049.666666666666,158391,100108,True,True,,0.008930724101904763,"{""status"": ""crossed"", ""interval"": [8971, 32503]}",gemma3-1b|100000|qa:2Wiki-fresh|0.0,0.0,True,0.0,interval_distance,23532,1.28733524019076,finite,,,"{""log_distance"": 1.5837342668163865, ""inside_interval"": false, ""signed_log_distance"": 1.5837342668163865, ""distance_status"": ""interval_distance"", ""interval_width_tokens"": 23532, ""interval_log_width"": 1.28733524019076, ""width_status"": ""finite"", ""measured_lower_bound_D_U"": null, ""measured_upper_bound_D_U"": null}",-2.8623387349633114
gemma3-1b,100000,qa:2Wiki-fresh,0.1,boundary,boundary_loglinear,32156.666666666668,near,"[""gemma3-1b-near-r1"", ""gemma3-1b-near-r2"", ""gemma3-1b-near-r3""]","[""gemma3-1b-above-r1"", ""gemma3-1b-above-r2"", ""gemma3-1b-above-r3""]",True,32156.666666666668,158391,100108,False,True,0.7969792054683241,0.008930724101904763,"{""status"": ""crossed"", ""interval"": [8971, 32503]}",gemma3-1b|100000|qa:2Wiki-fresh|0.1,0.0,True,0.0,interval_distance,23532,1.28733524019076,finite,,,"{""log_distance"": 1.5837342668163865, ""inside_interval"": false, ""signed_log_distance"": 1.5837342668163865, ""distance_status"": ""interval_distance"", ""interval_width_tokens"": 23532, ""interval_log_width"": 1.28733524019076, ""width_status"": ""finite"", ""measured_lower_bound_D_U"": null, ""measured_upper_bound_D_U"": null}",-1.5944468690699407
gemma3-1b,100000,qa:2Wiki-fresh,0.1,boundary,fixed_reuse,32156.666666666668,near,"[""gemma3-1b-near-r1"", ""gemma3-1b-near-r2"", ""gemma3-1b-near-r3""]","[""gemma3-1b-above-r1"", ""gemma3-1b-above-r2"", ""gemma3-1b-above-r3""]",True,32156.666666666668,158391,100108,False,True,0.7969792054683241,0.008930724101904763,"{""status"": ""crossed"", ""interval"": [8971, 32503]}",gemma3-1b|100000|qa:2Wiki-fresh|0.1,0.0,True,0.0,interval_distance,23532,1.28733524019076,finite,,,"{""log_distance"": 1.5837342668163865, ""inside_interval"": false, ""signed_log_distance"": 1.5837342668163865, ""distance_status"": ""interval_distance"", ""interval_width_tokens"": 23532, ""interval_log_width"": 1.28733524019076, ""width_status"": ""finite"", ""measured_lower_bound_D_U"": null, ""measured_upper_bound_D_U"": null}",-1.5944468690699407
gemma3-1b,100000,qa:2Wiki-fresh,0.1,boundary,student_isotonic,158391,above,"[""gemma3-1b-above-r1"", ""gemma3-1b-above-r2"", ""gemma3-1b-above-r3""]","[""gemma3-1b-above-r1"", ""gemma3-1b-above-r2"", ""gemma3-1b-above-r3""]",True,100108,158391,100108,False,True,0.0,0.008930724101904763,"{""status"": ""crossed"", ""interval"": [8971, 32503]}",gemma3-1b|100000|qa:2Wiki-fresh|0.1,1.5837342668163865,False,1.5837342668163865,interval_distance,23532,1.28733524019076,finite,,,"{""log_distance"": 1.5837342668163865, ""inside_interval"": false, ""signed_log_distance"": 1.5837342668163865, ""distance_status"": ""interval_distance"", ""interval_width_tokens"": 23532, ""interval_log_width"": 1.28733524019076, ""width_status"": ""finite"", ""measured_lower_bound_D_U"": null, ""measured_upper_bound_D_U"": null}",0.0
gemma3-1b,100000,qa:2Wiki-fresh,0.1,delta,boundary_loglinear,32156.666666666668,near,"[""gemma3-1b-near-r1"", ""gemma3-1b-near-r2"", ""gemma3-1b-near-r3""]","[""gemma3-1b-above-r1"", ""gemma3-1b-above-r2"", ""gemma3-1b-above-r3""]",True,32156.666666666668,158391,100108,True,True,0.7969792054683241,0.008930724101904763,"{""status"": ""crossed"", ""interval"": [8971, 32503]}",gemma3-1b|100000|qa:2Wiki-fresh|0.1,0.0,True,0.0,interval_distance,23532,1.28733524019076,finite,,,"{""log_distance"": 1.5837342668163865, ""inside_interval"": false, ""signed_log_distance"": 1.5837342668163865, ""distance_status"": ""interval_distance"", ""interval_width_tokens"": 23532, ""interval_log_width"": 1.28733524019076, ""width_status"": ""finite"", ""measured_lower_bound_D_U"": null, ""measured_upper_bound_D_U"": null}",-1.5944468690699407
gemma3-1b,100000,qa:2Wiki-fresh,0.1,delta,fixed_reuse,,,[],"[""gemma3-1b-above-r1"", ""gemma3-1b-above-r2"", ""gemma3-1b-above-r3""]",,,158391,100108,True,True,,0.008930724101904763,"{""status"": ""crossed"", ""interval"": [8971, 32503]}",gemma3-1b|100000|qa:2Wiki-fresh|0.1,,,,no_recommendation,23532,1.28733524019076,finite,,,"{""log_distance"": 1.5837342668163865, ""inside_interval"": false, ""signed_log_distance"": 1.5837342668163865, ""distance_status"": ""interval_distance"", ""interval_width_tokens"": 23532, ""interval_log_width"": 1.28733524019076, ""width_status"": ""finite"", ""measured_lower_bound_D_U"": null, ""measured_upper_bound_D_U"": null}",
gemma3-1b,100000,qa:2Wiki-fresh,0.1,delta,student_isotonic,9049.666666666666,below,"[""gemma3-1b-below-r1"", ""gemma3-1b-below-r2"", ""gemma3-1b-below-r3""]","[""gemma3-1b-above-r1"", ""gemma3-1b-above-r2"", ""gemma3-1b-above-r3""]",False,9049.666666666666,158391,100108,True,True,,0.008930724101904763,"{""status"": ""crossed"", ""interval"": [8971, 32503]}",gemma3-1b|100000|qa:2Wiki-fresh|0.1,0.0,True,0.0,interval_distance,23532,1.28733524019076,finite,,,"{""log_distance"": 1.5837342668163865, ""inside_interval"": false, ""signed_log_distance"": 1.5837342668163865, ""distance_status"": ""interval_distance"", ""interval_width_tokens"": 23532, ""interval_log_width"": 1.28733524019076, ""width_status"": ""finite"", ""measured_lower_bound_D_U"": null, ""measured_upper_bound_D_U"": null}",-2.8623387349633114
gemma3-1b,100000,qa:2Wiki-fresh,0.25,boundary,boundary_loglinear,32156.666666666668,near,"[""gemma3-1b-near-r1"", ""gemma3-1b-near-r2"", ""gemma3-1b-near-r3""]","[""gemma3-1b-above-r1"", ""gemma3-1b-above-r2"", ""gemma3-1b-above-r3""]",True,32156.666666666668,158391,100108,False,True,0.7969792054683241,0.008930724101904763,"{""status"": ""crossed"", ""interval"": [8971, 32503]}",gemma3-1b|100000|qa:2Wiki-fresh|0.25,0.0,True,0.0,interval_distance,23532,1.28733524019076,finite,,,"{""log_distance"": 1.5837342668163865, ""inside_interval"": false, ""signed_log_distance"": 1.5837342668163865, ""distance_status"": ""interval_distance"", ""interval_width_tokens"": 23532, ""interval_log_width"": 1.28733524019076, ""width_status"": ""finite"", ""measured_lower_bound_D_U"": null, ""measured_upper_bound_D_U"": null}",-1.5944468690699407
gemma3-1b,100000,qa:2Wiki-fresh,0.25,boundary,fixed_reuse,32156.666666666668,near,"[""gemma3-1b-near-r1"", ""gemma3-1b-near-r2"", ""gemma3-1b-near-r3""]","[""gemma3-1b-above-r1"", ""gemma3-1b-above-r2"", ""gemma3-1b-above-r3""]",True,32156.666666666668,158391,100108,False,True,0.7969792054683241,0.008930724101904763,"{""status"": ""crossed"", ""interval"": [8971, 32503]}",gemma3-1b|100000|qa:2Wiki-fresh|0.25,0.0,True,0.0,interval_distance,23532,1.28733524019076,finite,,,"{""log_distance"": 1.5837342668163865, ""inside_interval"": false, ""signed_log_distance"": 1.5837342668163865, ""distance_status"": ""interval_distance"", ""interval_width_tokens"": 23532, ""interval_log_width"": 1.28733524019076, ""width_status"": ""finite"", ""measured_lower_bound_D_U"": null, ""measured_upper_bound_D_U"": null}",-1.5944468690699407
gemma3-1b,100000,qa:2Wiki-fresh,0.25,boundary,student_isotonic,158391,above,"[""gemma3-1b-above-r1"", ""gemma3-1b-above-r2"", ""gemma3-1b-above-r3""]","[""gemma3-1b-above-r1"", ""gemma3-1b-above-r2"", ""gemma3-1b-above-r3""]",True,100108,158391,100108,False,True,0.0,0.008930724101904763,"{""status"": ""crossed"", ""interval"": [8971, 32503]}",gemma3-1b|100000|qa:2Wiki-fresh|0.25,1.5837342668163865,False,1.5837342668163865,interval_distance,23532,1.28733524019076,finite,,,"{""log_distance"": 1.5837342668163865, ""inside_interval"": false, ""signed_log_distance"": 1.5837342668163865, ""distance_status"": ""interval_distance"", ""interval_width_tokens"": 23532, ""interval_log_width"": 1.28733524019076, ""width_status"": ""finite"", ""measured_lower_bound_D_U"": null, ""measured_upper_bound_D_U"": null}",0.0
gemma3-1b,100000,qa:2Wiki-fresh,0.25,delta,boundary_loglinear,32156.666666666668,near,"[""gemma3-1b-near-r1"", ""gemma3-1b-near-r2"", ""gemma3-1b-near-r3""]","[""gemma3-1b-above-r1"", ""gemma3-1b-above-r2"", ""gemma3-1b-above-r3""]",True,32156.666666666668,158391,100108,False,True,0.7969792054683241,0.008930724101904763,"{""status"": ""crossed"", ""interval"": [8971, 32503]}",gemma3-1b|100000|qa:2Wiki-fresh|0.25,0.0,True,0.0,interval_distance,23532,1.28733524019076,finite,,,"{""log_distance"": 1.5837342668163865, ""inside_interval"": false, ""signed_log_distance"": 1.5837342668163865, ""distance_status"": ""interval_distance"", ""interval_width_tokens"": 23532, ""interval_log_width"": 1.28733524019076, ""width_status"": ""finite"", ""measured_lower_bound_D_U"": null, ""measured_upper_bound_D_U"": null}",-1.5944468690699407
gemma3-1b,100000,qa:2Wiki-fresh,0.25,delta,fixed_reuse,158391,above,"[""gemma3-1b-above-r1"", ""gemma3-1b-above-r2"", ""gemma3-1b-above-r3""]","[""gemma3-1b-above-r1"", ""gemma3-1b-above-r2"", ""gemma3-1b-above-r3""]",True,100108,158391,100108,False,True,0.0,0.008930724101904763,"{""status"": ""crossed"", ""interval"": [8971, 32503]}",gemma3-1b|100000|qa:2Wiki-fresh|0.25,1.5837342668163865,False,1.5837342668163865,interval_distance,23532,1.28733524019076,finite,,,"{""log_distance"": 1.5837342668163865, ""inside_interval"": false, ""signed_log_distance"": 1.5837342668163865, ""distance_status"": ""interval_distance"", ""interval_width_tokens"": 23532, ""interval_log_width"": 1.28733524019076, ""width_status"": ""finite"", ""measured_lower_bound_D_U"": null, ""measured_upper_bound_D_U"": null}",0.0
gemma3-1b,100000,qa:2Wiki-fresh,0.25,delta,student_isotonic,9049.666666666666,below,"[""gemma3-1b-below-r1"", ""gemma3-1b-below-r2"", ""gemma3-1b-below-r3""]","[""gemma3-1b-above-r1"", ""gemma3-1b-above-r2"", ""gemma3-1b-above-r3""]",False,9049.666666666666,158391,100108,False,True,,0.008930724101904763,"{""status"": ""crossed"", ""interval"": [8971, 32503]}",gemma3-1b|100000|qa:2Wiki-fresh|0.25,0.0,True,0.0,interval_distance,23532,1.28733524019076,finite,,,"{""log_distance"": 1.5837342668163865, ""inside_interval"": false, ""signed_log_distance"": 1.5837342668163865, ""distance_status"": ""interval_distance"", ""interval_width_tokens"": 23532, ""interval_log_width"": 1.28733524019076, ""width_status"": ""finite"", ""measured_lower_bound_D_U"": null, ""measured_upper_bound_D_U"": null}",-2.8623387349633114
gemma3-1b,100000,qa:2Wiki-fresh,0.5,boundary,boundary_loglinear,32156.666666666668,near,"[""gemma3-1b-near-r1"", ""gemma3-1b-near-r2"", ""gemma3-1b-near-r3""]","[""gemma3-1b-above-r1"", ""gemma3-1b-above-r2"", ""gemma3-1b-above-r3""]",True,32156.666666666668,158391,100108,False,True,0.7969792054683241,0.008930724101904763,"{""status"": ""crossed"", ""interval"": [8971, 32503]}",gemma3-1b|100000|qa:2Wiki-fresh|0.5,0.0,True,0.0,interval_distance,23532,1.28733524019076,finite,,,"{""log_distance"": 1.5837342668163865, ""inside_interval"": false, ""signed_log_distance"": 1.5837342668163865, ""distance_status"": ""interval_distance"", ""interval_width_tokens"": 23532, ""interval_log_width"": 1.28733524019076, ""width_status"": ""finite"", ""measured_lower_bound_D_U"": null, ""measured_upper_bound_D_U"": null}",-1.5944468690699407
gemma3-1b,100000,qa:2Wiki-fresh,0.5,boundary,fixed_reuse,32156.666666666668,near,"[""gemma3-1b-near-r1"", ""gemma3-1b-near-r2"", ""gemma3-1b-near-r3""]","[""gemma3-1b-above-r1"", ""gemma3-1b-above-r2"", ""gemma3-1b-above-r3""]",True,32156.666666666668,158391,100108,False,True,0.7969792054683241,0.008930724101904763,"{""status"": ""crossed"", ""interval"": [8971, 32503]}",gemma3-1b|100000|qa:2Wiki-fresh|0.5,0.0,True,0.0,interval_distance,23532,1.28733524019076,finite,,,"{""log_distance"": 1.5837342668163865, ""inside_interval"": false, ""signed_log_distance"": 1.5837342668163865, ""distance_status"": ""interval_distance"", ""interval_width_tokens"": 23532, ""interval_log_width"": 1.28733524019076, ""width_status"": ""finite"", ""measured_lower_bound_D_U"": null, ""measured_upper_bound_D_U"": null}",-1.5944468690699407
gemma3-1b,100000,qa:2Wiki-fresh,0.5,boundary,student_isotonic,158391,above,"[""gemma3-1b-above-r1"", ""gemma3-1b-above-r2"", ""gemma3-1b-above-r3""]","[""gemma3-1b-above-r1"", ""gemma3-1b-above-r2"", ""gemma3-1b-above-r3""]",True,100108,158391,100108,False,True,0.0,0.008930724101904763,"{""status"": ""crossed"", ""interval"": [8971, 32503]}",gemma3-1b|100000|qa:2Wiki-fresh|0.5,1.5837342668163865,False,1.5837342668163865,interval_distance,23532,1.28733524019076,finite,,,"{""log_distance"": 1.5837342668163865, ""inside_interval"": false, ""signed_log_distance"": 1.5837342668163865, ""distance_status"": ""interval_distance"", ""interval_width_tokens"": 23532, ""interval_log_width"": 1.28733524019076, ""width_status"": ""finite"", ""measured_lower_bound_D_U"": null, ""measured_upper_bound_D_U"": null}",0.0
gemma3-1b,100000,qa:2Wiki-fresh,0.5,delta,boundary_loglinear,32156.666666666668,near,"[""gemma3-1b-near-r1"", ""gemma3-1b-near-r2"", ""gemma3-1b-near-r3""]","[""gemma3-1b-above-r1"", ""gemma3-1b-above-r2"", ""gemma3-1b-above-r3""]",True,32156.666666666668,158391,100108,False,True,0.7969792054683241,0.008930724101904763,"{""status"": ""crossed"", ""interval"": [8971, 32503]}",gemma3-1b|100000|qa:2Wiki-fresh|0.5,0.0,True,0.0,interval_distance,23532,1.28733524019076,finite,,,"{""log_distance"": 1.5837342668163865, ""inside_interval"": false, ""signed_log_distance"": 1.5837342668163865, ""distance_status"": ""interval_distance"", ""interval_width_tokens"": 23532, ""interval_log_width"": 1.28733524019076, ""width_status"": ""finite"", ""measured_lower_bound_D_U"": null, ""measured_upper_bound_D_U"": null}",-1.5944468690699407
gemma3-1b,100000,qa:2Wiki-fresh,0.5,delta,fixed_reuse,158391,above,"[""gemma3-1b-above-r1"", ""gemma3-1b-above-r2"", ""gemma3-1b-above-r3""]","[""gemma3-1b-above-r1"", ""gemma3-1b-above-r2"", ""gemma3-1b-above-r3""]",True,100108,158391,100108,False,True,0.0,0.008930724101904763,"{""status"": ""crossed"", ""interval"": [8971, 32503]}",gemma3-1b|100000|qa:2Wiki-fresh|0.5,1.5837342668163865,False,1.5837342668163865,interval_distance,23532,1.28733524019076,finite,,,"{""log_distance"": 1.5837342668163865, ""inside_interval"": false, ""signed_log_distance"": 1.5837342668163865, ""distance_status"": ""interval_distance"", ""interval_width_tokens"": 23532, ""interval_log_width"": 1.28733524019076, ""width_status"": ""finite"", ""measured_lower_bound_D_U"": null, ""measured_upper_bound_D_U"": null}",0.0
gemma3-1b,100000,qa:2Wiki-fresh,0.5,delta,student_isotonic,9049.666666666666,below,"[""gemma3-1b-below-r1"", ""gemma3-1b-below-r2"", ""gemma3-1b-below-r3""]","[""gemma3-1b-above-r1"", ""gemma3-1b-above-r2"", ""gemma3-1b-above-r3""]",False,9049.666666666666,158391,100108,False,True,,0.008930724101904763,"{""status"": ""crossed"", ""interval"": [8971, 32503]}",gemma3-1b|100000|qa:2Wiki-fresh|0.5,0.0,True,0.0,interval_distance,23532,1.28733524019076,finite,,,"{""log_distance"": 1.5837342668163865, ""inside_interval"": false, ""signed_log_distance"": 1.5837342668163865, ""distance_status"": ""interval_distance"", ""interval_width_tokens"": 23532, ""interval_log_width"": 1.28733524019076, ""width_status"": ""finite"", ""measured_lower_bound_D_U"": null, ""measured_upper_bound_D_U"": null}",-2.8623387349633114
gemma3-1b,100000,qa:2Wiki-probe,0.0,boundary,boundary_loglinear,32156.666666666668,near,"[""gemma3-1b-near-r1"", ""gemma3-1b-near-r2"", ""gemma3-1b-near-r3""]","[""gemma3-1b-above-r1"", ""gemma3-1b-above-r2"", ""gemma3-1b-above-r3""]",True,32156.666666666668,158391,100108,True,True,0.7969792054683241,0.008930724101904763,"{""status"": ""crossed"", ""interval"": [8971, 32503]}",gemma3-1b|100000|qa:2Wiki-probe|0.0,0.0,True,0.0,interval_distance,23532,1.28733524019076,finite,,,"{""log_distance"": 1.5837342668163865, ""inside_interval"": false, ""signed_log_distance"": 1.5837342668163865, ""distance_status"": ""interval_distance"", ""interval_width_tokens"": 23532, ""interval_log_width"": 1.28733524019076, ""width_status"": ""finite"", ""measured_lower_bound_D_U"": null, ""measured_upper_bound_D_U"": null}",-1.5944468690699407
gemma3-1b,100000,qa:2Wiki-probe,0.0,boundary,fixed_reuse,32156.666666666668,near,"[""gemma3-1b-near-r1"", ""gemma3-1b-near-r2"", ""gemma3-1b-near-r3""]","[""gemma3-1b-above-r1"", ""gemma3-1b-above-r2"", ""gemma3-1b-above-r3""]",True,32156.666666666668,158391,100108,True,True,0.7969792054683241,0.008930724101904763,"{""status"": ""crossed"", ""interval"": [8971, 32503]}",gemma3-1b|100000|qa:2Wiki-probe|0.0,0.0,True,0.0,interval_distance,23532,1.28733524019076,finite,,,"{""log_distance"": 1.5837342668163865, ""inside_interval"": false, ""signed_log_distance"": 1.5837342668163865, ""distance_status"": ""interval_distance"", ""interval_width_tokens"": 23532, ""interval_log_width"": 1.28733524019076, ""width_status"": ""finite"", ""measured_lower_bound_D_U"": null, ""measured_upper_bound_D_U"": null}",-1.5944468690699407
gemma3-1b,100000,qa:2Wiki-probe,0.0,boundary,student_isotonic,,,[],"[""gemma3-1b-above-r1"", ""gemma3-1b-above-r2"", ""gemma3-1b-above-r3""]",,,158391,100108,True,True,,0.008930724101904763,"{""status"": ""crossed"", ""interval"": [8971, 32503]}",gemma3-1b|100000|qa:2Wiki-probe|0.0,,,,no_recommendation,23532,1.28733524019076,finite,,,"{""log_distance"": 1.5837342668163865, ""inside_interval"": false, ""signed_log_distance"": 1.5837342668163865, ""distance_status"": ""interval_distance"", ""interval_width_tokens"": 23532, ""interval_log_width"": 1.28733524019076, ""width_status"": ""finite"", ""measured_lower_bound_D_U"": null, ""measured_upper_bound_D_U"": null}",
gemma3-1b,100000,qa:2Wiki-probe,0.0,delta,boundary_loglinear,32156.666666666668,near,"[""gemma3-1b-near-r1"", ""gemma3-1b-near-r2"", ""gemma3-1b-near-r3""]","[""gemma3-1b-above-r1"", ""gemma3-1b-above-r2"", ""gemma3-1b-above-r3""]",True,32156.666666666668,158391,100108,True,True,0.7969792054683241,0.008930724101904763,"{""status"": ""crossed"", ""interval"": [8971, 32503]}",gemma3-1b|100000|qa:2Wiki-probe|0.0,0.0,True,0.0,interval_distance,23532,1.28733524019076,finite,,,"{""log_distance"": 1.5837342668163865, ""inside_interval"": false, ""signed_log_distance"": 1.5837342668163865, ""distance_status"": ""interval_distance"", ""interval_width_tokens"": 23532, ""interval_log_width"": 1.28733524019076, ""width_status"": ""finite"", ""measured_lower_bound_D_U"": null, ""measured_upper_bound_D_U"": null}",-1.5944468690699407
gemma3-1b,100000,qa:2Wiki-probe,0.0,delta,fixed_reuse,9049.666666666666,below,"[""gemma3-1b-below-r1"", ""gemma3-1b-below-r2"", ""gemma3-1b-below-r3""]","[""gemma3-1b-above-r1"", ""gemma3-1b-above-r2"", ""gemma3-1b-above-r3""]",False,9049.666666666666,158391,100108,True,True,,0.008930724101904763,"{""status"": ""crossed"", ""interval"": [8971, 32503]}",gemma3-1b|100000|qa:2Wiki-probe|0.0,0.0,True,0.0,interval_distance,23532,1.28733524019076,finite,,,"{""log_distance"": 1.5837342668163865, ""inside_interval"": false, ""signed_log_distance"": 1.5837342668163865, ""distance_status"": ""interval_distance"", ""interval_width_tokens"": 23532, ""interval_log_width"": 1.28733524019076, ""width_status"": ""finite"", ""measured_lower_bound_D_U"": null, ""measured_upper_bound_D_U"": null}",-2.8623387349633114
gemma3-1b,100000,qa:2Wiki-probe,0.0,delta,student_isotonic,,,[],"[""gemma3-1b-above-r1"", ""gemma3-1b-above-r2"", ""gemma3-1b-above-r3""]",,,158391,100108,True,True,,0.008930724101904763,"{""status"": ""crossed"", ""interval"": [8971, 32503]}",gemma3-1b|100000|qa:2Wiki-probe|0.0,,,,no_recommendation,23532,1.28733524019076,finite,,,"{""log_distance"": 1.5837342668163865, ""inside_interval"": false, ""signed_log_distance"": 1.5837342668163865, ""distance_status"": ""interval_distance"", ""interval_width_tokens"": 23532, ""interval_log_width"": 1.28733524019076, ""width_status"": ""finite"", ""measured_lower_bound_D_U"": null, ""measured_upper_bound_D_U"": null}",
gemma3-1b,100000,qa:2Wiki-probe,0.1,boundary,boundary_loglinear,32156.666666666668,near,"[""gemma3-1b-near-r1"", ""gemma3-1b-near-r2"", ""gemma3-1b-near-r3""]","[""gemma3-1b-near-r1"", ""gemma3-1b-near-r2"", ""gemma3-1b-near-r3""]",True,32156.666666666668,32156.666666666668,32156.666666666668,False,True,0.0,0.008930724101904763,"{""status"": ""crossed"", ""interval"": [8971, 32503]}",gemma3-1b|100000|qa:2Wiki-probe|0.1,0.0,True,0.0,interval_distance,23532,1.28733524019076,finite,,,"{""log_distance"": 0.0, ""inside_interval"": true, ""signed_log_distance"": 0.0, ""distance_status"": ""interval_distance"", ""interval_width_tokens"": 23532, ""interval_log_width"": 1.28733524019076, ""width_status"": ""finite"", ""measured_lower_bound_D_U"": null, ""measured_upper_bound_D_U"": null}",0.0
gemma3-1b,100000,qa:2Wiki-probe,0.1,boundary,fixed_reuse,32156.666666666668,near,"[""gemma3-1b-near-r1"", ""gemma3-1b-near-r2"", ""gemma3-1b-near-r3""]","[""gemma3-1b-near-r1"", ""gemma3-1b-near-r2"", ""gemma3-1b-near-r3""]",True,32156.666666666668,32156.666666666668,32156.666666666668,False,True,0.0,0.008930724101904763,"{""status"": ""crossed"", ""interval"": [8971, 32503]}",gemma3-1b|100000|qa:2Wiki-probe|0.1,0.0,True,0.0,interval_distance,23532,1.28733524019076,finite,,,"{""log_distance"": 0.0, ""inside_interval"": true, ""signed_log_distance"": 0.0, ""distance_status"": ""interval_distance"", ""interval_width_tokens"": 23532, ""interval_log_width"": 1.28733524019076, ""width_status"": ""finite"", ""measured_lower_bound_D_U"": null, ""measured_upper_bound_D_U"": null}",0.0
gemma3-1b,100000,qa:2Wiki-probe,0.1,boundary,student_isotonic,32156.666666666668,near,"[""gemma3-1b-near-r1"", ""gemma3-1b-near-r2"", ""gemma3-1b-near-r3""]","[""gemma3-1b-near-r1"", ""gemma3-1b-near-r2"", ""gemma3-1b-near-r3""]",True,32156.666666666668,32156.666666666668,32156.666666666668,False,True,0.0,0.008930724101904763,"{""status"": ""crossed"", ""interval"": [8971, 32503]}",gemma3-1b|100000|qa:2Wiki-probe|0.1,0.0,True,0.0,interval_distance,23532,1.28733524019076,finite,,,"{""log_distance"": 0.0, ""inside_interval"": true, ""signed_log_distance"": 0.0, ""distance_status"": ""interval_distance"", ""interval_width_tokens"": 23532, ""interval_log_width"": 1.28733524019076, ""width_status"": ""finite"", ""measured_lower_bound_D_U"": null, ""measured_upper_bound_D_U"": null}",0.0
gemma3-1b,100000,qa:2Wiki-probe,0.1,delta,boundary_loglinear,32156.666666666668,near,"[""gemma3-1b-near-r1"", ""gemma3-1b-near-r2"", ""gemma3-1b-near-r3""]","[""gemma3-1b-below-r1"", ""gemma3-1b-below-r2"", ""gemma3-1b-below-r3""]",True,32156.666666666668,9049.666666666666,9049.666666666666,False,False,,0.008930724101904763,"{""status"": ""crossed"", ""interval"": [8971, 32503]}",gemma3-1b|100000|qa:2Wiki-probe|0.1,0.0,True,0.0,interval_distance,23532,1.28733524019076,finite,,,"{""log_distance"": 0.0, ""inside_interval"": true, ""signed_log_distance"": 0.0, ""distance_status"": ""interval_distance"", ""interval_width_tokens"": 23532, ""interval_log_width"": 1.28733524019076, ""width_status"": ""finite"", ""measured_lower_bound_D_U"": null, ""measured_upper_bound_D_U"": null}",1.2678918658933709
gemma3-1b,100000,qa:2Wiki-probe,0.1,delta,fixed_reuse,9049.666666666666,below,"[""gemma3-1b-below-r1"", ""gemma3-1b-below-r2"", ""gemma3-1b-below-r3""]","[""gemma3-1b-below-r1"", ""gemma3-1b-below-r2"", ""gemma3-1b-below-r3""]",False,9049.666666666666,9049.666666666666,9049.666666666666,False,False,,0.008930724101904763,"{""status"": ""crossed"", ""interval"": [8971, 32503]}",gemma3-1b|100000|qa:2Wiki-probe|0.1,0.0,True,0.0,interval_distance,23532,1.28733524019076,finite,,,"{""log_distance"": 0.0, ""inside_interval"": true, ""signed_log_distance"": 0.0, ""distance_status"": ""interval_distance"", ""interval_width_tokens"": 23532, ""interval_log_width"": 1.28733524019076, ""width_status"": ""finite"", ""measured_lower_bound_D_U"": null, ""measured_upper_bound_D_U"": null}",0.0
gemma3-1b,100000,qa:2Wiki-probe,0.1,delta,student_isotonic,9049.666666666666,below,"[""gemma3-1b-below-r1"", ""gemma3-1b-below-r2"", ""gemma3-1b-below-r3""]","[""gemma3-1b-below-r1"", ""gemma3-1b-below-r2"", ""gemma3-1b-below-r3""]",False,9049.666666666666,9049.666666666666,9049.666666666666,False,False,,0.008930724101904763,"{""status"": ""crossed"", ""interval"": [8971, 32503]}",gemma3-1b|100000|qa:2Wiki-probe|0.1,0.0,True,0.0,interval_distance,23532,1.28733524019076,finite,,,"{""log_distance"": 0.0, ""inside_interval"": true, ""signed_log_distance"": 0.0, ""distance_status"": ""interval_distance"", ""interval_width_tokens"": 23532, ""interval_log_width"": 1.28733524019076, ""width_status"": ""finite"", ""measured_lower_bound_D_U"": null, ""measured_upper_bound_D_U"": null}",0.0
gemma3-1b,100000,qa:2Wiki-probe,0.25,boundary,boundary_loglinear,32156.666666666668,near,"[""gemma3-1b-near-r1"", ""gemma3-1b-near-r2"", ""gemma3-1b-near-r3""]","[""gemma3-1b-near-r1"", ""gemma3-1b-near-r2"", ""gemma3-1b-near-r3""]",True,32156.666666666668,32156.666666666668,32156.666666666668,False,True,0.0,0.008930724101904763,"{""status"": ""crossed"", ""interval"": [8971, 32503]}",gemma3-1b|100000|qa:2Wiki-probe|0.25,0.0,True,0.0,interval_distance,23532,1.28733524019076,finite,,,"{""log_distance"": 0.0, ""inside_interval"": true, ""signed_log_distance"": 0.0, ""distance_status"": ""interval_distance"", ""interval_width_tokens"": 23532, ""interval_log_width"": 1.28733524019076, ""width_status"": ""finite"", ""measured_lower_bound_D_U"": null, ""measured_upper_bound_D_U"": null}",0.0
gemma3-1b,100000,qa:2Wiki-probe,0.25,boundary,fixed_reuse,32156.666666666668,near,"[""gemma3-1b-near-r1"", ""gemma3-1b-near-r2"", ""gemma3-1b-near-r3""]","[""gemma3-1b-near-r1"", ""gemma3-1b-near-r2"", ""gemma3-1b-near-r3""]",True,32156.666666666668,32156.666666666668,32156.666666666668,False,True,0.0,0.008930724101904763,"{""status"": ""crossed"", ""interval"": [8971, 32503]}",gemma3-1b|100000|qa:2Wiki-probe|0.25,0.0,True,0.0,interval_distance,23532,1.28733524019076,finite,,,"{""log_distance"": 0.0, ""inside_interval"": true, ""signed_log_distance"": 0.0, ""distance_status"": ""interval_distance"", ""interval_width_tokens"": 23532, ""interval_log_width"": 1.28733524019076, ""width_status"": ""finite"", ""measured_lower_bound_D_U"": null, ""measured_upper_bound_D_U"": null}",0.0
gemma3-1b,100000,qa:2Wiki-probe,0.25,boundary,student_isotonic,32156.666666666668,near,"[""gemma3-1b-near-r1"", ""gemma3-1b-near-r2"", ""gemma3-1b-near-r3""]","[""gemma3-1b-near-r1"", ""gemma3-1b-near-r2"", ""gemma3-1b-near-r3""]",True,32156.666666666668,32156.666666666668,32156.666666666668,False,True,0.0,0.008930724101904763,"{""status"": ""crossed"", ""interval"": [8971, 32503]}",gemma3-1b|100000|qa:2Wiki-probe|0.25,0.0,True,0.0,interval_distance,23532,1.28733524019076,finite,,,"{""log_distance"": 0.0, ""inside_interval"": true, ""signed_log_distance"": 0.0, ""distance_status"": ""interval_distance"", ""interval_width_tokens"": 23532, ""interval_log_width"": 1.28733524019076, ""width_status"": ""finite"", ""measured_lower_bound_D_U"": null, ""measured_upper_bound_D_U"": null}",0.0
gemma3-1b,100000,qa:2Wiki-probe,0.25,delta,boundary_loglinear,32156.666666666668,near,"[""gemma3-1b-near-r1"", ""gemma3-1b-near-r2"", ""gemma3-1b-near-r3""]","[""gemma3-1b-below-r1"", ""gemma3-1b-below-r2"", ""gemma3-1b-below-r3""]",True,32156.666666666668,9049.666666666666,9049.666666666666,False,False,,0.008930724101904763,"{""status"": ""crossed"", ""interval"": [8971, 32503]}",gemma3-1b|100000|qa:2Wiki-probe|0.25,0.0,True,0.0,interval_distance,23532,1.28733524019076,finite,,,"{""log_distance"": 0.0, ""inside_interval"": true, ""signed_log_distance"": 0.0, ""distance_status"": ""interval_distance"", ""interval_width_tokens"": 23532, ""interval_log_width"": 1.28733524019076, ""width_status"": ""finite"", ""measured_lower_bound_D_U"": null, ""measured_upper_bound_D_U"": null}",1.2678918658933709
gemma3-1b,100000,qa:2Wiki-probe,0.25,delta,fixed_reuse,9049.666666666666,below,"[""gemma3-1b-below-r1"", ""gemma3-1b-below-r2"", ""gemma3-1b-below-r3""]","[""gemma3-1b-below-r1"", ""gemma3-1b-below-r2"", ""gemma3-1b-below-r3""]",False,9049.666666666666,9049.666666666666,9049.666666666666,False,False,,0.008930724101904763,"{""status"": ""crossed"", ""interval"": [8971, 32503]}",gemma3-1b|100000|qa:2Wiki-probe|0.25,0.0,True,0.0,interval_distance,23532,1.28733524019076,finite,,,"{""log_distance"": 0.0, ""inside_interval"": true, ""signed_log_distance"": 0.0, ""distance_status"": ""interval_distance"", ""interval_width_tokens"": 23532, ""interval_log_width"": 1.28733524019076, ""width_status"": ""finite"", ""measured_lower_bound_D_U"": null, ""measured_upper_bound_D_U"": null}",0.0
gemma3-1b,100000,qa:2Wiki-probe,0.25,delta,student_isotonic,9049.666666666666,below,"[""gemma3-1b-below-r1"", ""gemma3-1b-below-r2"", ""gemma3-1b-below-r3""]","[""gemma3-1b-below-r1"", ""gemma3-1b-below-r2"", ""gemma3-1b-below-r3""]",False,9049.666666666666,9049.666666666666,9049.666666666666,False,False,,0.008930724101904763,"{""status"": ""crossed"", ""interval"": [8971, 32503]}",gemma3-1b|100000|qa:2Wiki-probe|0.25,0.0,True,0.0,interval_distance,23532,1.28733524019076,finite,,,"{""log_distance"": 0.0, ""inside_interval"": true, ""signed_log_distance"": 0.0, ""distance_status"": ""interval_distance"", ""interval_width_tokens"": 23532, ""interval_log_width"": 1.28733524019076, ""width_status"": ""finite"", ""measured_lower_bound_D_U"": null, ""measured_upper_bound_D_U"": null}",0.0
gemma3-1b,100000,qa:2Wiki-probe,0.5,boundary,boundary_loglinear,32156.666666666668,near,"[""gemma3-1b-near-r1"", ""gemma3-1b-near-r2"", ""gemma3-1b-near-r3""]","[""gemma3-1b-near-r1"", ""gemma3-1b-near-r2"", ""gemma3-1b-near-r3""]",True,32156.666666666668,32156.666666666668,32156.666666666668,False,True,0.0,0.008930724101904763,"{""status"": ""crossed"", ""interval"": [8971, 32503]}",gemma3-1b|100000|qa:2Wiki-probe|0.5,0.0,True,0.0,interval_distance,23532,1.28733524019076,finite,,,"{""log_distance"": 0.0, ""inside_interval"": true, ""signed_log_distance"": 0.0, ""distance_status"": ""interval_distance"", ""interval_width_tokens"": 23532, ""interval_log_width"": 1.28733524019076, ""width_status"": ""finite"", ""measured_lower_bound_D_U"": null, ""measured_upper_bound_D_U"": null}",0.0
gemma3-1b,100000,qa:2Wiki-probe,0.5,boundary,fixed_reuse,32156.666666666668,near,"[""gemma3-1b-near-r1"", ""gemma3-1b-near-r2"", ""gemma3-1b-near-r3""]","[""gemma3-1b-near-r1"", ""gemma3-1b-near-r2"", ""gemma3-1b-near-r3""]",True,32156.666666666668,32156.666666666668,32156.666666666668,False,True,0.0,0.008930724101904763,"{""status"": ""crossed"", ""interval"": [8971, 32503]}",gemma3-1b|100000|qa:2Wiki-probe|0.5,0.0,True,0.0,interval_distance,23532,1.28733524019076,finite,,,"{""log_distance"": 0.0, ""inside_interval"": true, ""signed_log_distance"": 0.0, ""distance_status"": ""interval_distance"", ""interval_width_tokens"": 23532, ""interval_log_width"": 1.28733524019076, ""width_status"": ""finite"", ""measured_lower_bound_D_U"": null, ""measured_upper_bound_D_U"": null}",0.0
gemma3-1b,100000,qa:2Wiki-probe,0.5,boundary,student_isotonic,32156.666666666668,near,"[""gemma3-1b-near-r1"", ""gemma3-1b-near-r2"", ""gemma3-1b-near-r3""]","[""gemma3-1b-near-r1"", ""gemma3-1b-near-r2"", ""gemma3-1b-near-r3""]",True,32156.666666666668,32156.666666666668,32156.666666666668,False,True,0.0,0.008930724101904763,"{""status"": ""crossed"", ""interval"": [8971, 32503]}",gemma3-1b|100000|qa:2Wiki-probe|0.5,0.0,True,0.0,interval_distance,23532,1.28733524019076,finite,,,"{""log_distance"": 0.0, ""inside_interval"": true, ""signed_log_distance"": 0.0, ""distance_status"": ""interval_distance"", ""interval_width_tokens"": 23532, ""interval_log_width"": 1.28733524019076, ""width_status"": ""finite"", ""measured_lower_bound_D_U"": null, ""measured_upper_bound_D_U"": null}",0.0
gemma3-1b,100000,qa:2Wiki-probe,0.5,delta,boundary_loglinear,9049.666666666666,below,"[""gemma3-1b-below-r1"", ""gemma3-1b-below-r2"", ""gemma3-1b-below-r3""]","[""gemma3-1b-below-r1"", ""gemma3-1b-below-r2"", ""gemma3-1b-below-r3""]",False,9049.666666666666,9049.666666666666,9049.666666666666,False,False,,0.008930724101904763,"{""status"": ""crossed"", ""interval"": [8971, 32503]}",gemma3-1b|100000|qa:2Wiki-probe|0.5,0.0,True,0.0,interval_distance,23532,1.28733524019076,finite,,,"{""log_distance"": 0.0, ""inside_interval"": true, ""signed_log_distance"": 0.0, ""distance_status"": ""interval_distance"", ""interval_width_tokens"": 23532, ""interval_log_width"": 1.28733524019076, ""width_status"": ""finite"", ""measured_lower_bound_D_U"": null, ""measured_upper_bound_D_U"": null}",0.0
gemma3-1b,100000,qa:2Wiki-probe,0.5,delta,fixed_reuse,9049.666666666666,below,"[""gemma3-1b-below-r1"", ""gemma3-1b-below-r2"", ""gemma3-1b-below-r3""]","[""gemma3-1b-below-r1"", ""gemma3-1b-below-r2"", ""gemma3-1b-below-r3""]",False,9049.666666666666,9049.666666666666,9049.666666666666,False,False,,0.008930724101904763,"{""status"": ""crossed"", ""interval"": [8971, 32503]}",gemma3-1b|100000|qa:2Wiki-probe|0.5,0.0,True,0.0,interval_distance,23532,1.28733524019076,finite,,,"{""log_distance"": 0.0, ""inside_interval"": true, ""signed_log_distance"": 0.0, ""distance_status"": ""interval_distance"", ""interval_width_tokens"": 23532, ""interval_log_width"": 1.28733524019076, ""width_status"": ""finite"", ""measured_lower_bound_D_U"": null, ""measured_upper_bound_D_U"": null}",0.0
gemma3-1b,100000,qa:2Wiki-probe,0.5,delta,student_isotonic,9049.666666666666,below,"[""gemma3-1b-below-r1"", ""gemma3-1b-below-r2"", ""gemma3-1b-below-r3""]","[""gemma3-1b-below-r1"", ""gemma3-1b-below-r2"", ""gemma3-1b-below-r3""]",False,9049.666666666666,9049.666666666666,9049.666666666666,False,False,,0.008930724101904763,"{""status"": ""crossed"", ""interval"": [8971, 32503]}",gemma3-1b|100000|qa:2Wiki-probe|0.5,0.0,True,0.0,interval_distance,23532,1.28733524019076,finite,,,"{""log_distance"": 0.0, ""inside_interval"": true, ""signed_log_distance"": 0.0, ""distance_status"": ""interval_distance"", ""interval_width_tokens"": 23532, ""interval_log_width"": 1.28733524019076, ""width_status"": ""finite"", ""measured_lower_bound_D_U"": null, ""measured_upper_bound_D_U"": null}",0.0
gemma3-1b,100000,qa:MuSiQue,0.0,boundary,boundary_loglinear,158391,above,"[""gemma3-1b-above-r1"", ""gemma3-1b-above-r2"", ""gemma3-1b-above-r3""]","[""gemma3-1b-above-r1"", ""gemma3-1b-above-r2"", ""gemma3-1b-above-r3""]",False,100108,158391,100108,True,False,,0.008930724101904763,"{""status"": ""lower_bound"", ""interval"": [158391, null]}",gemma3-1b|100000|qa:MuSiQue|0.0,0.0,True,0.0,censored_distance_lower_bound,,,unbounded_log_interval,158391,,"{""log_distance"": 0.0, ""inside_interval"": true, ""signed_log_distance"": 0.0, ""distance_status"": ""censored_distance_lower_bound"", ""interval_width_tokens"": null, ""interval_log_width"": null, ""width_status"": ""unbounded_log_interval"", ""measured_lower_bound_D_U"": 158391, ""measured_upper_bound_D_U"": null}",0.0
gemma3-1b,100000,qa:MuSiQue,0.0,boundary,fixed_reuse,158391,above,"[""gemma3-1b-above-r1"", ""gemma3-1b-above-r2"", ""gemma3-1b-above-r3""]","[""gemma3-1b-above-r1"", ""gemma3-1b-above-r2"", ""gemma3-1b-above-r3""]",False,100108,158391,100108,True,False,,0.008930724101904763,"{""status"": ""lower_bound"", ""interval"": [158391, null]}",gemma3-1b|100000|qa:MuSiQue|0.0,0.0,True,0.0,censored_distance_lower_bound,,,unbounded_log_interval,158391,,"{""log_distance"": 0.0, ""inside_interval"": true, ""signed_log_distance"": 0.0, ""distance_status"": ""censored_distance_lower_bound"", ""interval_width_tokens"": null, ""interval_log_width"": null, ""width_status"": ""unbounded_log_interval"", ""measured_lower_bound_D_U"": 158391, ""measured_upper_bound_D_U"": null}",0.0
gemma3-1b,100000,qa:MuSiQue,0.0,boundary,student_isotonic,,,[],"[""gemma3-1b-above-r1"", ""gemma3-1b-above-r2"", ""gemma3-1b-above-r3""]",,,158391,100108,True,False,,0.008930724101904763,"{""status"": ""lower_bound"", ""interval"": [158391, null]}",gemma3-1b|100000|qa:MuSiQue|0.0,,,,no_recommendation,,,unbounded_log_interval,158391,,"{""log_distance"": 0.0, ""inside_interval"": true, ""signed_log_distance"": 0.0, ""distance_status"": ""censored_distance_lower_bound"", ""interval_width_tokens"": null, ""interval_log_width"": null, ""width_status"": ""unbounded_log_interval"", ""measured_lower_bound_D_U"": 158391, ""measured_upper_bound_D_U"": null}",
gemma3-1b,100000,qa:MuSiQue,0.0,delta,boundary_loglinear,158391,above,"[""gemma3-1b-above-r1"", ""gemma3-1b-above-r2"", ""gemma3-1b-above-r3""]","[""gemma3-1b-above-r1"", ""gemma3-1b-above-r2"", ""gemma3-1b-above-r3""]",False,100108,158391,100108,True,False,,0.008930724101904763,"{""status"": ""lower_bound"", ""interval"": [158391, null]}",gemma3-1b|100000|qa:MuSiQue|0.0,0.0,True,0.0,censored_distance_lower_bound,,,unbounded_log_interval,158391,,"{""log_distance"": 0.0, ""inside_interval"": true, ""signed_log_distance"": 0.0, ""distance_status"": ""censored_distance_lower_bound"", ""interval_width_tokens"": null, ""interval_log_width"": null, ""width_status"": ""unbounded_log_interval"", ""measured_lower_bound_D_U"": 158391, ""measured_upper_bound_D_U"": null}",0.0
gemma3-1b,100000,qa:MuSiQue,0.0,delta,fixed_reuse,,,[],"[""gemma3-1b-above-r1"", ""gemma3-1b-above-r2"", ""gemma3-1b-above-r3""]",,,158391,100108,True,False,,0.008930724101904763,"{""status"": ""lower_bound"", ""interval"": [158391, null]}",gemma3-1b|100000|qa:MuSiQue|0.0,,,,no_recommendation,,,unbounded_log_interval,158391,,"{""log_distance"": 0.0, ""inside_interval"": true, ""signed_log_distance"": 0.0, ""distance_status"": ""censored_distance_lower_bound"", ""interval_width_tokens"": null, ""interval_log_width"": null, ""width_status"": ""unbounded_log_interval"", ""measured_lower_bound_D_U"": 158391, ""measured_upper_bound_D_U"": null}",
gemma3-1b,100000,qa:MuSiQue,0.0,delta,student_isotonic,,,[],"[""gemma3-1b-above-r1"", ""gemma3-1b-above-r2"", ""gemma3-1b-above-r3""]",,,158391,100108,True,False,,0.008930724101904763,"{""status"": ""lower_bound"", ""interval"": [158391, null]}",gemma3-1b|100000|qa:MuSiQue|0.0,,,,no_recommendation,,,unbounded_log_interval,158391,,"{""log_distance"": 0.0, ""inside_interval"": true, ""signed_log_distance"": 0.0, ""distance_status"": ""censored_distance_lower_bound"", ""interval_width_tokens"": null, ""interval_log_width"": null, ""width_status"": ""unbounded_log_interval"", ""measured_lower_bound_D_U"": 158391, ""measured_upper_bound_D_U"": null}",
gemma3-1b,100000,qa:MuSiQue,0.1,boundary,boundary_loglinear,158391,above,"[""gemma3-1b-above-r1"", ""gemma3-1b-above-r2"", ""gemma3-1b-above-r3""]","[""gemma3-1b-above-r1"", ""gemma3-1b-above-r2"", ""gemma3-1b-above-r3""]",False,100108,158391,100108,True,False,,0.008930724101904763,"{""status"": ""lower_bound"", ""interval"": [158391, null]}",gemma3-1b|100000|qa:MuSiQue|0.1,0.0,True,0.0,censored_distance_lower_bound,,,unbounded_log_interval,158391,,"{""log_distance"": 0.0, ""inside_interval"": true, ""signed_log_distance"": 0.0, ""distance_status"": ""censored_distance_lower_bound"", ""interval_width_tokens"": null, ""interval_log_width"": null, ""width_status"": ""unbounded_log_interval"", ""measured_lower_bound_D_U"": 158391, ""measured_upper_bound_D_U"": null}",0.0
gemma3-1b,100000,qa:MuSiQue,0.1,boundary,fixed_reuse,158391,above,"[""gemma3-1b-above-r1"", ""gemma3-1b-above-r2"", ""gemma3-1b-above-r3""]","[""gemma3-1b-above-r1"", ""gemma3-1b-above-r2"", ""gemma3-1b-above-r3""]",False,100108,158391,100108,True,False,,0.008930724101904763,"{""status"": ""lower_bound"", ""interval"": [158391, null]}",gemma3-1b|100000|qa:MuSiQue|0.1,0.0,True,0.0,censored_distance_lower_bound,,,unbounded_log_interval,158391,,"{""log_distance"": 0.0, ""inside_interval"": true, ""signed_log_distance"": 0.0, ""distance_status"": ""censored_distance_lower_bound"", ""interval_width_tokens"": null, ""interval_log_width"": null, ""width_status"": ""unbounded_log_interval"", ""measured_lower_bound_D_U"": 158391, ""measured_upper_bound_D_U"": null}",0.0
gemma3-1b,100000,qa:MuSiQue,0.1,boundary,student_isotonic,,,[],"[""gemma3-1b-above-r1"", ""gemma3-1b-above-r2"", ""gemma3-1b-above-r3""]",,,158391,100108,True,False,,0.008930724101904763,"{""status"": ""lower_bound"", ""interval"": [158391, null]}",gemma3-1b|100000|qa:MuSiQue|0.1,,,,no_recommendation,,,unbounded_log_interval,158391,,"{""log_distance"": 0.0, ""inside_interval"": true, ""signed_log_distance"": 0.0, ""distance_status"": ""censored_distance_lower_bound"", ""interval_width_tokens"": null, ""interval_log_width"": null, ""width_status"": ""unbounded_log_interval"", ""measured_lower_bound_D_U"": 158391, ""measured_upper_bound_D_U"": null}",
gemma3-1b,100000,qa:MuSiQue,0.1,delta,boundary_loglinear,158391,above,"[""gemma3-1b-above-r1"", ""gemma3-1b-above-r2"", ""gemma3-1b-above-r3""]","[""gemma3-1b-above-r1"", ""gemma3-1b-above-r2"", ""gemma3-1b-above-r3""]",False,100108,158391,100108,True,False,,0.008930724101904763,"{""status"": ""lower_bound"", ""interval"": [158391, null]}",gemma3-1b|100000|qa:MuSiQue|0.1,0.0,True,0.0,censored_distance_lower_bound,,,unbounded_log_interval,158391,,"{""log_distance"": 0.0, ""inside_interval"": true, ""signed_log_distance"": 0.0, ""distance_status"": ""censored_distance_lower_bound"", ""interval_width_tokens"": null, ""interval_log_width"": null, ""width_status"": ""unbounded_log_interval"", ""measured_lower_bound_D_U"": 158391, ""measured_upper_bound_D_U"": null}",0.0
gemma3-1b,100000,qa:MuSiQue,0.1,delta,fixed_reuse,,,[],"[""gemma3-1b-above-r1"", ""gemma3-1b-above-r2"", ""gemma3-1b-above-r3""]",,,158391,100108,True,False,,0.008930724101904763,"{""status"": ""lower_bound"", ""interval"": [158391, null]}",gemma3-1b|100000|qa:MuSiQue|0.1,,,,no_recommendation,,,unbounded_log_interval,158391,,"{""log_distance"": 0.0, ""inside_interval"": true, ""signed_log_distance"": 0.0, ""distance_status"": ""censored_distance_lower_bound"", ""interval_width_tokens"": null, ""interval_log_width"": null, ""width_status"": ""unbounded_log_interval"", ""measured_lower_bound_D_U"": 158391, ""measured_upper_bound_D_U"": null}",
gemma3-1b,100000,qa:MuSiQue,0.1,delta,student_isotonic,,,[],"[""gemma3-1b-above-r1"", ""gemma3-1b-above-r2"", ""gemma3-1b-above-r3""]",,,158391,100108,True,False,,0.008930724101904763,"{""status"": ""lower_bound"", ""interval"": [158391, null]}",gemma3-1b|100000|qa:MuSiQue|0.1,,,,no_recommendation,,,unbounded_log_interval,158391,,"{""log_distance"": 0.0, ""inside_interval"": true, ""signed_log_distance"": 0.0, ""distance_status"": ""censored_distance_lower_bound"", ""interval_width_tokens"": null, ""interval_log_width"": null, ""width_status"": ""unbounded_log_interval"", ""measured_lower_bound_D_U"": 158391, ""measured_upper_bound_D_U"": null}",
gemma3-1b,100000,qa:MuSiQue,0.25,boundary,boundary_loglinear,158391,above,"[""gemma3-1b-above-r1"", ""gemma3-1b-above-r2"", ""gemma3-1b-above-r3""]","[""gemma3-1b-above-r1"", ""gemma3-1b-above-r2"", ""gemma3-1b-above-r3""]",False,100108,158391,100108,True,False,,0.008930724101904763,"{""status"": ""replicate_ambiguous"", ""interval"": null}",gemma3-1b|100000|qa:MuSiQue|0.25,,,,unresolved_interval,,,unresolved,,,"{""log_distance"": null, ""inside_interval"": null, ""signed_log_distance"": null, ""distance_status"": ""unresolved_interval"", ""interval_width_tokens"": null, ""interval_log_width"": null, ""width_status"": ""unresolved"", ""measured_lower_bound_D_U"": null, ""measured_upper_bound_D_U"": null}",0.0
gemma3-1b,100000,qa:MuSiQue,0.25,boundary,fixed_reuse,158391,above,"[""gemma3-1b-above-r1"", ""gemma3-1b-above-r2"", ""gemma3-1b-above-r3""]","[""gemma3-1b-above-r1"", ""gemma3-1b-above-r2"", ""gemma3-1b-above-r3""]",False,100108,158391,100108,True,False,,0.008930724101904763,"{""status"": ""replicate_ambiguous"", ""interval"": null}",gemma3-1b|100000|qa:MuSiQue|0.25,,,,unresolved_interval,,,unresolved,,,"{""log_distance"": null, ""inside_interval"": null, ""signed_log_distance"": null, ""distance_status"": ""unresolved_interval"", ""interval_width_tokens"": null, ""interval_log_width"": null, ""width_status"": ""unresolved"", ""measured_lower_bound_D_U"": null, ""measured_upper_bound_D_U"": null}",0.0
gemma3-1b,100000,qa:MuSiQue,0.25,boundary,student_isotonic,,,[],"[""gemma3-1b-above-r1"", ""gemma3-1b-above-r2"", ""gemma3-1b-above-r3""]",,,158391,100108,True,False,,0.008930724101904763,"{""status"": ""replicate_ambiguous"", ""interval"": null}",gemma3-1b|100000|qa:MuSiQue|0.25,,,,unresolved_interval,,,unresolved,,,"{""log_distance"": null, ""inside_interval"": null, ""signed_log_distance"": null, ""distance_status"": ""unresolved_interval"", ""interval_width_tokens"": null, ""interval_log_width"": null, ""width_status"": ""unresolved"", ""measured_lower_bound_D_U"": null, ""measured_upper_bound_D_U"": null}",
gemma3-1b,100000,qa:MuSiQue,0.25,delta,boundary_loglinear,158391,above,"[""gemma3-1b-above-r1"", ""gemma3-1b-above-r2"", ""gemma3-1b-above-r3""]","[""gemma3-1b-above-r1"", ""gemma3-1b-above-r2"", ""gemma3-1b-above-r3""]",False,100108,158391,100108,True,False,,0.008930724101904763,"{""status"": ""replicate_ambiguous"", ""interval"": null}",gemma3-1b|100000|qa:MuSiQue|0.25,,,,unresolved_interval,,,unresolved,,,"{""log_distance"": null, ""inside_interval"": null, ""signed_log_distance"": null, ""distance_status"": ""unresolved_interval"", ""interval_width_tokens"": null, ""interval_log_width"": null, ""width_status"": ""unresolved"", ""measured_lower_bound_D_U"": null, ""measured_upper_bound_D_U"": null}",0.0
gemma3-1b,100000,qa:MuSiQue,0.25,delta,fixed_reuse,,,[],"[""gemma3-1b-above-r1"", ""gemma3-1b-above-r2"", ""gemma3-1b-above-r3""]",,,158391,100108,True,False,,0.008930724101904763,"{""status"": ""replicate_ambiguous"", ""interval"": null}",gemma3-1b|100000|qa:MuSiQue|0.25,,,,unresolved_interval,,,unresolved,,,"{""log_distance"": null, ""inside_interval"": null, ""signed_log_distance"": null, ""distance_status"": ""unresolved_interval"", ""interval_width_tokens"": null, ""interval_log_width"": null, ""width_status"": ""unresolved"", ""measured_lower_bound_D_U"": null, ""measured_upper_bound_D_U"": null}",
gemma3-1b,100000,qa:MuSiQue,0.25,delta,student_isotonic,,,[],"[""gemma3-1b-above-r1"", ""gemma3-1b-above-r2"", ""gemma3-1b-above-r3""]",,,158391,100108,True,False,,0.008930724101904763,"{""status"": ""replicate_ambiguous"", ""interval"": null}",gemma3-1b|100000|qa:MuSiQue|0.25,,,,unresolved_interval,,,unresolved,,,"{""log_distance"": null, ""inside_interval"": null, ""signed_log_distance"": null, ""distance_status"": ""unresolved_interval"", ""interval_width_tokens"": null, ""interval_log_width"": null, ""width_status"": ""unresolved"", ""measured_lower_bound_D_U"": null, ""measured_upper_bound_D_U"": null}",
gemma3-1b,100000,qa:MuSiQue,0.5,boundary,boundary_loglinear,32156.666666666668,near,"[""gemma3-1b-near-r1"", ""gemma3-1b-near-r2"", ""gemma3-1b-near-r3""]","[""gemma3-1b-above-r1"", ""gemma3-1b-above-r2"", ""gemma3-1b-above-r3""]",True,32156.666666666668,158391,100108,False,True,0.7969792054683241,0.008930724101904763,"{""status"": ""crossed"", ""interval"": [8971, 32503]}",gemma3-1b|100000|qa:MuSiQue|0.5,0.0,True,0.0,interval_distance,23532,1.28733524019076,finite,,,"{""log_distance"": 1.5837342668163865, ""inside_interval"": false, ""signed_log_distance"": 1.5837342668163865, ""distance_status"": ""interval_distance"", ""interval_width_tokens"": 23532, ""interval_log_width"": 1.28733524019076, ""width_status"": ""finite"", ""measured_lower_bound_D_U"": null, ""measured_upper_bound_D_U"": null}",-1.5944468690699407
gemma3-1b,100000,qa:MuSiQue,0.5,boundary,fixed_reuse,158391,above,"[""gemma3-1b-above-r1"", ""gemma3-1b-above-r2"", ""gemma3-1b-above-r3""]","[""gemma3-1b-above-r1"", ""gemma3-1b-above-r2"", ""gemma3-1b-above-r3""]",True,100108,158391,100108,False,True,0.0,0.008930724101904763,"{""status"": ""crossed"", ""interval"": [8971, 32503]}",gemma3-1b|100000|qa:MuSiQue|0.5,1.5837342668163865,False,1.5837342668163865,interval_distance,23532,1.28733524019076,finite,,,"{""log_distance"": 1.5837342668163865, ""inside_interval"": false, ""signed_log_distance"": 1.5837342668163865, ""distance_status"": ""interval_distance"", ""interval_width_tokens"": 23532, ""interval_log_width"": 1.28733524019076, ""width_status"": ""finite"", ""measured_lower_bound_D_U"": null, ""measured_upper_bound_D_U"": null}",0.0
gemma3-1b,100000,qa:MuSiQue,0.5,boundary,student_isotonic,158391,above,"[""gemma3-1b-above-r1"", ""gemma3-1b-above-r2"", ""gemma3-1b-above-r3""]","[""gemma3-1b-above-r1"", ""gemma3-1b-above-r2"", ""gemma3-1b-above-r3""]",True,100108,158391,100108,False,True,0.0,0.008930724101904763,"{""status"": ""crossed"", ""interval"": [8971, 32503]}",gemma3-1b|100000|qa:MuSiQue|0.5,1.5837342668163865,False,1.5837342668163865,interval_distance,23532,1.28733524019076,finite,,,"{""log_distance"": 1.5837342668163865, ""inside_interval"": false, ""signed_log_distance"": 1.5837342668163865, ""distance_status"": ""interval_distance"", ""interval_width_tokens"": 23532, ""interval_log_width"": 1.28733524019076, ""width_status"": ""finite"", ""measured_lower_bound_D_U"": null, ""measured_upper_bound_D_U"": null}",0.0
gemma3-1b,100000,qa:MuSiQue,0.5,delta,boundary_loglinear,32156.666666666668,near,"[""gemma3-1b-near-r1"", ""gemma3-1b-near-r2"", ""gemma3-1b-near-r3""]","[""gemma3-1b-above-r1"", ""gemma3-1b-above-r2"", ""gemma3-1b-above-r3""]",True,32156.666666666668,158391,100108,False,True,0.7969792054683241,0.008930724101904763,"{""status"": ""crossed"", ""interval"": [8971, 32503]}",gemma3-1b|100000|qa:MuSiQue|0.5,0.0,True,0.0,interval_distance,23532,1.28733524019076,finite,,,"{""log_distance"": 1.5837342668163865, ""inside_interval"": false, ""signed_log_distance"": 1.5837342668163865, ""distance_status"": ""interval_distance"", ""interval_width_tokens"": 23532, ""interval_log_width"": 1.28733524019076, ""width_status"": ""finite"", ""measured_lower_bound_D_U"": null, ""measured_upper_bound_D_U"": null}",-1.5944468690699407
gemma3-1b,100000,qa:MuSiQue,0.5,delta,fixed_reuse,158391,above,"[""gemma3-1b-above-r1"", ""gemma3-1b-above-r2"", ""gemma3-1b-above-r3""]","[""gemma3-1b-above-r1"", ""gemma3-1b-above-r2"", ""gemma3-1b-above-r3""]",True,100108,158391,100108,False,True,0.0,0.008930724101904763,"{""status"": ""crossed"", ""interval"": [8971, 32503]}",gemma3-1b|100000|qa:MuSiQue|0.5,1.5837342668163865,False,1.5837342668163865,interval_distance,23532,1.28733524019076,finite,,,"{""log_distance"": 1.5837342668163865, ""inside_interval"": false, ""signed_log_distance"": 1.5837342668163865, ""distance_status"": ""interval_distance"", ""interval_width_tokens"": 23532, ""interval_log_width"": 1.28733524019076, ""width_status"": ""finite"", ""measured_lower_bound_D_U"": null, ""measured_upper_bound_D_U"": null}",0.0
gemma3-1b,100000,qa:MuSiQue,0.5,delta,student_isotonic,9049.666666666666,below,"[""gemma3-1b-below-r1"", ""gemma3-1b-below-r2"", ""gemma3-1b-below-r3""]","[""gemma3-1b-above-r1"", ""gemma3-1b-above-r2"", ""gemma3-1b-above-r3""]",False,9049.666666666666,158391,100108,False,True,,0.008930724101904763,"{""status"": ""crossed"", ""interval"": [8971, 32503]}",gemma3-1b|100000|qa:MuSiQue|0.5,0.0,True,0.0,interval_distance,23532,1.28733524019076,finite,,,"{""log_distance"": 1.5837342668163865, ""inside_interval"": false, ""signed_log_distance"": 1.5837342668163865, ""distance_status"": ""interval_distance"", ""interval_width_tokens"": 23532, ""interval_log_width"": 1.28733524019076, ""width_status"": ""finite"", ""measured_lower_bound_D_U"": null, ""measured_upper_bound_D_U"": null}",-2.8623387349633114
gemma3-1b,100000,qa:TriviaQA,0.0,boundary,boundary_loglinear,,,[],"[""gemma3-1b-above-r1"", ""gemma3-1b-above-r2"", ""gemma3-1b-above-r3""]",,,158391,100108,True,False,,0.008930724101904763,"{""status"": ""non_monotone"", ""interval"": null}",gemma3-1b|100000|qa:TriviaQA|0.0,,,,unresolved_interval,,,unresolved,,,"{""log_distance"": null, ""inside_interval"": null, ""signed_log_distance"": null, ""distance_status"": ""unresolved_interval"", ""interval_width_tokens"": null, ""interval_log_width"": null, ""width_status"": ""unresolved"", ""measured_lower_bound_D_U"": null, ""measured_upper_bound_D_U"": null}",
gemma3-1b,100000,qa:TriviaQA,0.0,boundary,fixed_reuse,,,[],"[""gemma3-1b-above-r1"", ""gemma3-1b-above-r2"", ""gemma3-1b-above-r3""]",,,158391,100108,True,False,,0.008930724101904763,"{""status"": ""non_monotone"", ""interval"": null}",gemma3-1b|100000|qa:TriviaQA|0.0,,,,unresolved_interval,,,unresolved,,,"{""log_distance"": null, ""inside_interval"": null, ""signed_log_distance"": null, ""distance_status"": ""unresolved_interval"", ""interval_width_tokens"": null, ""interval_log_width"": null, ""width_status"": ""unresolved"", ""measured_lower_bound_D_U"": null, ""measured_upper_bound_D_U"": null}",
gemma3-1b,100000,qa:TriviaQA,0.0,boundary,student_isotonic,,,[],"[""gemma3-1b-above-r1"", ""gemma3-1b-above-r2"", ""gemma3-1b-above-r3""]",,,158391,100108,True,False,,0.008930724101904763,"{""status"": ""non_monotone"", ""interval"": null}",gemma3-1b|100000|qa:TriviaQA|0.0,,,,unresolved_interval,,,unresolved,,,"{""log_distance"": null, ""inside_interval"": null, ""signed_log_distance"": null, ""distance_status"": ""unresolved_interval"", ""interval_width_tokens"": null, ""interval_log_width"": null, ""width_status"": ""unresolved"", ""measured_lower_bound_D_U"": null, ""measured_upper_bound_D_U"": null}",
gemma3-1b,100000,qa:TriviaQA,0.0,delta,boundary_loglinear,158391,above,"[""gemma3-1b-above-r1"", ""gemma3-1b-above-r2"", ""gemma3-1b-above-r3""]","[""gemma3-1b-above-r1"", ""gemma3-1b-above-r2"", ""gemma3-1b-above-r3""]",False,100108,158391,100108,True,False,,0.008930724101904763,"{""status"": ""non_monotone"", ""interval"": null}",gemma3-1b|100000|qa:TriviaQA|0.0,,,,unresolved_interval,,,unresolved,,,"{""log_distance"": null, ""inside_interval"": null, ""signed_log_distance"": null, ""distance_status"": ""unresolved_interval"", ""interval_width_tokens"": null, ""interval_log_width"": null, ""width_status"": ""unresolved"", ""measured_lower_bound_D_U"": null, ""measured_upper_bound_D_U"": null}",0.0
gemma3-1b,100000,qa:TriviaQA,0.0,delta,fixed_reuse,,,[],"[""gemma3-1b-above-r1"", ""gemma3-1b-above-r2"", ""gemma3-1b-above-r3""]",,,158391,100108,True,False,,0.008930724101904763,"{""status"": ""non_monotone"", ""interval"": null}",gemma3-1b|100000|qa:TriviaQA|0.0,,,,unresolved_interval,,,unresolved,,,"{""log_distance"": null, ""inside_interval"": null, ""signed_log_distance"": null, ""distance_status"": ""unresolved_interval"", ""interval_width_tokens"": null, ""interval_log_width"": null, ""width_status"": ""unresolved"", ""measured_lower_bound_D_U"": null, ""measured_upper_bound_D_U"": null}",
gemma3-1b,100000,qa:TriviaQA,0.0,delta,student_isotonic,,,[],"[""gemma3-1b-above-r1"", ""gemma3-1b-above-r2"", ""gemma3-1b-above-r3""]",,,158391,100108,True,False,,0.008930724101904763,"{""status"": ""non_monotone"", ""interval"": null}",gemma3-1b|100000|qa:TriviaQA|0.0,,,,unresolved_interval,,,unresolved,,,"{""log_distance"": null, ""inside_interval"": null, ""signed_log_distance"": null, ""distance_status"": ""unresolved_interval"", ""interval_width_tokens"": null, ""interval_log_width"": null, ""width_status"": ""unresolved"", ""measured_lower_bound_D_U"": null, ""measured_upper_bound_D_U"": null}",
gemma3-1b,100000,qa:TriviaQA,0.1,boundary,boundary_loglinear,,,[],"[""gemma3-1b-above-r1"", ""gemma3-1b-above-r2"", ""gemma3-1b-above-r3""]",,,158391,100108,True,False,,0.008930724101904763,"{""status"": ""non_monotone"", ""interval"": null}",gemma3-1b|100000|qa:TriviaQA|0.1,,,,unresolved_interval,,,unresolved,,,"{""log_distance"": null, ""inside_interval"": null, ""signed_log_distance"": null, ""distance_status"": ""unresolved_interval"", ""interval_width_tokens"": null, ""interval_log_width"": null, ""width_status"": ""unresolved"", ""measured_lower_bound_D_U"": null, ""measured_upper_bound_D_U"": null}",
gemma3-1b,100000,qa:TriviaQA,0.1,boundary,fixed_reuse,,,[],"[""gemma3-1b-above-r1"", ""gemma3-1b-above-r2"", ""gemma3-1b-above-r3""]",,,158391,100108,True,False,,0.008930724101904763,"{""status"": ""non_monotone"", ""interval"": null}",gemma3-1b|100000|qa:TriviaQA|0.1,,,,unresolved_interval,,,unresolved,,,"{""log_distance"": null, ""inside_interval"": null, ""signed_log_distance"": null, ""distance_status"": ""unresolved_interval"", ""interval_width_tokens"": null, ""interval_log_width"": null, ""width_status"": ""unresolved"", ""measured_lower_bound_D_U"": null, ""measured_upper_bound_D_U"": null}",
gemma3-1b,100000,qa:TriviaQA,0.1,boundary,student_isotonic,,,[],"[""gemma3-1b-above-r1"", ""gemma3-1b-above-r2"", ""gemma3-1b-above-r3""]",,,158391,100108,True,False,,0.008930724101904763,"{""status"": ""non_monotone"", ""interval"": null}",gemma3-1b|100000|qa:TriviaQA|0.1,,,,unresolved_interval,,,unresolved,,,"{""log_distance"": null, ""inside_interval"": null, ""signed_log_distance"": null, ""distance_status"": ""unresolved_interval"", ""interval_width_tokens"": null, ""interval_log_width"": null, ""width_status"": ""unresolved"", ""measured_lower_bound_D_U"": null, ""measured_upper_bound_D_U"": null}",
gemma3-1b,100000,qa:TriviaQA,0.1,delta,boundary_loglinear,158391,above,"[""gemma3-1b-above-r1"", ""gemma3-1b-above-r2"", ""gemma3-1b-above-r3""]","[""gemma3-1b-above-r1"", ""gemma3-1b-above-r2"", ""gemma3-1b-above-r3""]",False,100108,158391,100108,True,False,,0.008930724101904763,"{""status"": ""non_monotone"", ""interval"": null}",gemma3-1b|100000|qa:TriviaQA|0.1,,,,unresolved_interval,,,unresolved,,,"{""log_distance"": null, ""inside_interval"": null, ""signed_log_distance"": null, ""distance_status"": ""unresolved_interval"", ""interval_width_tokens"": null, ""interval_log_width"": null, ""width_status"": ""unresolved"", ""measured_lower_bound_D_U"": null, ""measured_upper_bound_D_U"": null}",0.0
gemma3-1b,100000,qa:TriviaQA,0.1,delta,fixed_reuse,,,[],"[""gemma3-1b-above-r1"", ""gemma3-1b-above-r2"", ""gemma3-1b-above-r3""]",,,158391,100108,True,False,,0.008930724101904763,"{""status"": ""non_monotone"", ""interval"": null}",gemma3-1b|100000|qa:TriviaQA|0.1,,,,unresolved_interval,,,unresolved,,,"{""log_distance"": null, ""inside_interval"": null, ""signed_log_distance"": null, ""distance_status"": ""unresolved_interval"", ""interval_width_tokens"": null, ""interval_log_width"": null, ""width_status"": ""unresolved"", ""measured_lower_bound_D_U"": null, ""measured_upper_bound_D_U"": null}",
gemma3-1b,100000,qa:TriviaQA,0.1,delta,student_isotonic,,,[],"[""gemma3-1b-above-r1"", ""gemma3-1b-above-r2"", ""gemma3-1b-above-r3""]",,,158391,100108,True,False,,0.008930724101904763,"{""status"": ""non_monotone"", ""interval"": null}",gemma3-1b|100000|qa:TriviaQA|0.1,,,,unresolved_interval,,,unresolved,,,"{""log_distance"": null, ""inside_interval"": null, ""signed_log_distance"": null, ""distance_status"": ""unresolved_interval"", ""interval_width_tokens"": null, ""interval_log_width"": null, ""width_status"": ""unresolved"", ""measured_lower_bound_D_U"": null, ""measured_upper_bound_D_U"": null}",
gemma3-1b,100000,qa:TriviaQA,0.25,boundary,boundary_loglinear,158391,above,"[""gemma3-1b-above-r1"", ""gemma3-1b-above-r2"", ""gemma3-1b-above-r3""]","[""gemma3-1b-above-r1"", ""gemma3-1b-above-r2"", ""gemma3-1b-above-r3""]",False,100108,158391,100108,True,False,,0.008930724101904763,"{""status"": ""non_monotone"", ""interval"": null}",gemma3-1b|100000|qa:TriviaQA|0.25,,,,unresolved_interval,,,unresolved,,,"{""log_distance"": null, ""inside_interval"": null, ""signed_log_distance"": null, ""distance_status"": ""unresolved_interval"", ""interval_width_tokens"": null, ""interval_log_width"": null, ""width_status"": ""unresolved"", ""measured_lower_bound_D_U"": null, ""measured_upper_bound_D_U"": null}",0.0
gemma3-1b,100000,qa:TriviaQA,0.25,boundary,fixed_reuse,158391,above,"[""gemma3-1b-above-r1"", ""gemma3-1b-above-r2"", ""gemma3-1b-above-r3""]","[""gemma3-1b-above-r1"", ""gemma3-1b-above-r2"", ""gemma3-1b-above-r3""]",False,100108,158391,100108,True,False,,0.008930724101904763,"{""status"": ""non_monotone"", ""interval"": null}",gemma3-1b|100000|qa:TriviaQA|0.25,,,,unresolved_interval,,,unresolved,,,"{""log_distance"": null, ""inside_interval"": null, ""signed_log_distance"": null, ""distance_status"": ""unresolved_interval"", ""interval_width_tokens"": null, ""interval_log_width"": null, ""width_status"": ""unresolved"", ""measured_lower_bound_D_U"": null, ""measured_upper_bound_D_U"": null}",0.0
gemma3-1b,100000,qa:TriviaQA,0.25,boundary,student_isotonic,,,[],"[""gemma3-1b-above-r1"", ""gemma3-1b-above-r2"", ""gemma3-1b-above-r3""]",,,158391,100108,True,False,,0.008930724101904763,"{""status"": ""non_monotone"", ""interval"": null}",gemma3-1b|100000|qa:TriviaQA|0.25,,,,unresolved_interval,,,unresolved,,,"{""log_distance"": null, ""inside_interval"": null, ""signed_log_distance"": null, ""distance_status"": ""unresolved_interval"", ""interval_width_tokens"": null, ""interval_log_width"": null, ""width_status"": ""unresolved"", ""measured_lower_bound_D_U"": null, ""measured_upper_bound_D_U"": null}",
gemma3-1b,100000,qa:TriviaQA,0.25,delta,boundary_loglinear,158391,above,"[""gemma3-1b-above-r1"", ""gemma3-1b-above-r2"", ""gemma3-1b-above-r3""]","[""gemma3-1b-above-r1"", ""gemma3-1b-above-r2"", ""gemma3-1b-above-r3""]",False,100108,158391,100108,True,False,,0.008930724101904763,"{""status"": ""non_monotone"", ""interval"": null}",gemma3-1b|100000|qa:TriviaQA|0.25,,,,unresolved_interval,,,unresolved,,,"{""log_distance"": null, ""inside_interval"": null, ""signed_log_distance"": null, ""distance_status"": ""unresolved_interval"", ""interval_width_tokens"": null, ""interval_log_width"": null, ""width_status"": ""unresolved"", ""measured_lower_bound_D_U"": null, ""measured_upper_bound_D_U"": null}",0.0
gemma3-1b,100000,qa:TriviaQA,0.25,delta,fixed_reuse,,,[],"[""gemma3-1b-above-r1"", ""gemma3-1b-above-r2"", ""gemma3-1b-above-r3""]",,,158391,100108,True,False,,0.008930724101904763,"{""status"": ""non_monotone"", ""interval"": null}",gemma3-1b|100000|qa:TriviaQA|0.25,,,,unresolved_interval,,,unresolved,,,"{""log_distance"": null, ""inside_interval"": null, ""signed_log_distance"": null, ""distance_status"": ""unresolved_interval"", ""interval_width_tokens"": null, ""interval_log_width"": null, ""width_status"": ""unresolved"", ""measured_lower_bound_D_U"": null, ""measured_upper_bound_D_U"": null}",
gemma3-1b,100000,qa:TriviaQA,0.25,delta,student_isotonic,,,[],"[""gemma3-1b-above-r1"", ""gemma3-1b-above-r2"", ""gemma3-1b-above-r3""]",,,158391,100108,True,False,,0.008930724101904763,"{""status"": ""non_monotone"", ""interval"": null}",gemma3-1b|100000|qa:TriviaQA|0.25,,,,unresolved_interval,,,unresolved,,,"{""log_distance"": null, ""inside_interval"": null, ""signed_log_distance"": null, ""distance_status"": ""unresolved_interval"", ""interval_width_tokens"": null, ""interval_log_width"": null, ""width_status"": ""unresolved"", ""measured_lower_bound_D_U"": null, ""measured_upper_bound_D_U"": null}",
gemma3-1b,100000,qa:TriviaQA,0.5,boundary,boundary_loglinear,158391,above,"[""gemma3-1b-above-r1"", ""gemma3-1b-above-r2"", ""gemma3-1b-above-r3""]","[""gemma3-1b-above-r1"", ""gemma3-1b-above-r2"", ""gemma3-1b-above-r3""]",True,100108,158391,100108,False,True,0.0,0.008930724101904763,"{""status"": ""non_monotone"", ""interval"": null}",gemma3-1b|100000|qa:TriviaQA|0.5,,,,unresolved_interval,,,unresolved,,,"{""log_distance"": null, ""inside_interval"": null, ""signed_log_distance"": null, ""distance_status"": ""unresolved_interval"", ""interval_width_tokens"": null, ""interval_log_width"": null, ""width_status"": ""unresolved"", ""measured_lower_bound_D_U"": null, ""measured_upper_bound_D_U"": null}",0.0
gemma3-1b,100000,qa:TriviaQA,0.5,boundary,fixed_reuse,32156.666666666668,near,"[""gemma3-1b-near-r1"", ""gemma3-1b-near-r2"", ""gemma3-1b-near-r3""]","[""gemma3-1b-above-r1"", ""gemma3-1b-above-r2"", ""gemma3-1b-above-r3""]",True,32156.666666666668,158391,100108,False,True,0.7969792054683241,0.008930724101904763,"{""status"": ""non_monotone"", ""interval"": null}",gemma3-1b|100000|qa:TriviaQA|0.5,,,,unresolved_interval,,,unresolved,,,"{""log_distance"": null, ""inside_interval"": null, ""signed_log_distance"": null, ""distance_status"": ""unresolved_interval"", ""interval_width_tokens"": null, ""interval_log_width"": null, ""width_status"": ""unresolved"", ""measured_lower_bound_D_U"": null, ""measured_upper_bound_D_U"": null}",-1.5944468690699407
gemma3-1b,100000,qa:TriviaQA,0.5,boundary,student_isotonic,158391,above,"[""gemma3-1b-above-r1"", ""gemma3-1b-above-r2"", ""gemma3-1b-above-r3""]","[""gemma3-1b-above-r1"", ""gemma3-1b-above-r2"", ""gemma3-1b-above-r3""]",True,100108,158391,100108,False,True,0.0,0.008930724101904763,"{""status"": ""non_monotone"", ""interval"": null}",gemma3-1b|100000|qa:TriviaQA|0.5,,,,unresolved_interval,,,unresolved,,,"{""log_distance"": null, ""inside_interval"": null, ""signed_log_distance"": null, ""distance_status"": ""unresolved_interval"", ""interval_width_tokens"": null, ""interval_log_width"": null, ""width_status"": ""unresolved"", ""measured_lower_bound_D_U"": null, ""measured_upper_bound_D_U"": null}",0.0
gemma3-1b,100000,qa:TriviaQA,0.5,delta,boundary_loglinear,32156.666666666668,near,"[""gemma3-1b-near-r1"", ""gemma3-1b-near-r2"", ""gemma3-1b-near-r3""]","[""gemma3-1b-above-r1"", ""gemma3-1b-above-r2"", ""gemma3-1b-above-r3""]",True,32156.666666666668,158391,100108,False,True,0.7969792054683241,0.008930724101904763,"{""status"": ""non_monotone"", ""interval"": null}",gemma3-1b|100000|qa:TriviaQA|0.5,,,,unresolved_interval,,,unresolved,,,"{""log_distance"": null, ""inside_interval"": null, ""signed_log_distance"": null, ""distance_status"": ""unresolved_interval"", ""interval_width_tokens"": null, ""interval_log_width"": null, ""width_status"": ""unresolved"", ""measured_lower_bound_D_U"": null, ""measured_upper_bound_D_U"": null}",-1.5944468690699407
gemma3-1b,100000,qa:TriviaQA,0.5,delta,fixed_reuse,158391,above,"[""gemma3-1b-above-r1"", ""gemma3-1b-above-r2"", ""gemma3-1b-above-r3""]","[""gemma3-1b-above-r1"", ""gemma3-1b-above-r2"", ""gemma3-1b-above-r3""]",True,100108,158391,100108,False,True,0.0,0.008930724101904763,"{""status"": ""non_monotone"", ""interval"": null}",gemma3-1b|100000|qa:TriviaQA|0.5,,,,unresolved_interval,,,unresolved,,,"{""log_distance"": null, ""inside_interval"": null, ""signed_log_distance"": null, ""distance_status"": ""unresolved_interval"", ""interval_width_tokens"": null, ""interval_log_width"": null, ""width_status"": ""unresolved"", ""measured_lower_bound_D_U"": null, ""measured_upper_bound_D_U"": null}",0.0
gemma3-1b,100000,qa:TriviaQA,0.5,delta,student_isotonic,9049.666666666666,below,"[""gemma3-1b-below-r1"", ""gemma3-1b-below-r2"", ""gemma3-1b-below-r3""]","[""gemma3-1b-above-r1"", ""gemma3-1b-above-r2"", ""gemma3-1b-above-r3""]",False,9049.666666666666,158391,100108,False,True,,0.008930724101904763,"{""status"": ""non_monotone"", ""interval"": null}",gemma3-1b|100000|qa:TriviaQA|0.5,,,,unresolved_interval,,,unresolved,,,"{""log_distance"": null, ""inside_interval"": null, ""signed_log_distance"": null, ""distance_status"": ""unresolved_interval"", ""interval_width_tokens"": null, ""interval_log_width"": null, ""width_status"": ""unresolved"", ""measured_lower_bound_D_U"": null, ""measured_upper_bound_D_U"": null}",-2.8623387349633114
gemma3-1b,200000,code:MBPP,0.0,boundary,boundary_loglinear,,,[],"[""gemma3-1b-above-r1"", ""gemma3-1b-above-r2"", ""gemma3-1b-above-r3""]",,,158391,158391,True,False,,0.004078483245149922,"{""status"": ""lower_bound"", ""interval"": [158391, null]}",gemma3-1b|200000|code:MBPP|0.0,,,,no_recommendation,,,unbounded_log_interval,158391,,"{""log_distance"": 0.0, ""inside_interval"": true, ""signed_log_distance"": 0.0, ""distance_status"": ""censored_distance_lower_bound"", ""interval_width_tokens"": null, ""interval_log_width"": null, ""width_status"": ""unbounded_log_interval"", ""measured_lower_bound_D_U"": 158391, ""measured_upper_bound_D_U"": null}",
gemma3-1b,200000,code:MBPP,0.0,boundary,fixed_reuse,,,[],"[""gemma3-1b-above-r1"", ""gemma3-1b-above-r2"", ""gemma3-1b-above-r3""]",,,158391,158391,True,False,,0.004078483245149922,"{""status"": ""lower_bound"", ""interval"": [158391, null]}",gemma3-1b|200000|code:MBPP|0.0,,,,no_recommendation,,,unbounded_log_interval,158391,,"{""log_distance"": 0.0, ""inside_interval"": true, ""signed_log_distance"": 0.0, ""distance_status"": ""censored_distance_lower_bound"", ""interval_width_tokens"": null, ""interval_log_width"": null, ""width_status"": ""unbounded_log_interval"", ""measured_lower_bound_D_U"": 158391, ""measured_upper_bound_D_U"": null}",
gemma3-1b,200000,code:MBPP,0.0,boundary,student_isotonic,,,[],"[""gemma3-1b-above-r1"", ""gemma3-1b-above-r2"", ""gemma3-1b-above-r3""]",,,158391,158391,True,False,,0.004078483245149922,"{""status"": ""lower_bound"", ""interval"": [158391, null]}",gemma3-1b|200000|code:MBPP|0.0,,,,no_recommendation,,,unbounded_log_interval,158391,,"{""log_distance"": 0.0, ""inside_interval"": true, ""signed_log_distance"": 0.0, ""distance_status"": ""censored_distance_lower_bound"", ""interval_width_tokens"": null, ""interval_log_width"": null, ""width_status"": ""unbounded_log_interval"", ""measured_lower_bound_D_U"": 158391, ""measured_upper_bound_D_U"": null}",
gemma3-1b,200000,code:MBPP,0.0,delta,boundary_loglinear,,,[],"[""gemma3-1b-above-r1"", ""gemma3-1b-above-r2"", ""gemma3-1b-above-r3""]",,,158391,158391,True,False,,0.004078483245149922,"{""status"": ""lower_bound"", ""interval"": [158391, null]}",gemma3-1b|200000|code:MBPP|0.0,,,,no_recommendation,,,unbounded_log_interval,158391,,"{""log_distance"": 0.0, ""inside_interval"": true, ""signed_log_distance"": 0.0, ""distance_status"": ""censored_distance_lower_bound"", ""interval_width_tokens"": null, ""interval_log_width"": null, ""width_status"": ""unbounded_log_interval"", ""measured_lower_bound_D_U"": 158391, ""measured_upper_bound_D_U"": null}",
gemma3-1b,200000,code:MBPP,0.0,delta,fixed_reuse,,,[],"[""gemma3-1b-above-r1"", ""gemma3-1b-above-r2"", ""gemma3-1b-above-r3""]",,,158391,158391,True,False,,0.004078483245149922,"{""status"": ""lower_bound"", ""interval"": [158391, null]}",gemma3-1b|200000|code:MBPP|0.0,,,,no_recommendation,,,unbounded_log_interval,158391,,"{""log_distance"": 0.0, ""inside_interval"": true, ""signed_log_distance"": 0.0, ""distance_status"": ""censored_distance_lower_bound"", ""interval_width_tokens"": null, ""interval_log_width"": null, ""width_status"": ""unbounded_log_interval"", ""measured_lower_bound_D_U"": 158391, ""measured_upper_bound_D_U"": null}",
gemma3-1b,200000,code:MBPP,0.0,delta,student_isotonic,,,[],"[""gemma3-1b-above-r1"", ""gemma3-1b-above-r2"", ""gemma3-1b-above-r3""]",,,158391,158391,True,False,,0.004078483245149922,"{""status"": ""lower_bound"", ""interval"": [158391, null]}",gemma3-1b|200000|code:MBPP|0.0,,,,no_recommendation,,,unbounded_log_interval,158391,,"{""log_distance"": 0.0, ""inside_interval"": true, ""signed_log_distance"": 0.0, ""distance_status"": ""censored_distance_lower_bound"", ""interval_width_tokens"": null, ""interval_log_width"": null, ""width_status"": ""unbounded_log_interval"", ""measured_lower_bound_D_U"": 158391, ""measured_upper_bound_D_U"": null}",
gemma3-1b,200000,code:MBPP,0.1,boundary,boundary_loglinear,,,[],"[""gemma3-1b-above-r1"", ""gemma3-1b-above-r2"", ""gemma3-1b-above-r3""]",,,158391,158391,True,False,,0.004078483245149922,"{""status"": ""lower_bound"", ""interval"": [158391, null]}",gemma3-1b|200000|code:MBPP|0.1,,,,no_recommendation,,,unbounded_log_interval,158391,,"{""log_distance"": 0.0, ""inside_interval"": true, ""signed_log_distance"": 0.0, ""distance_status"": ""censored_distance_lower_bound"", ""interval_width_tokens"": null, ""interval_log_width"": null, ""width_status"": ""unbounded_log_interval"", ""measured_lower_bound_D_U"": 158391, ""measured_upper_bound_D_U"": null}",
gemma3-1b,200000,code:MBPP,0.1,boundary,fixed_reuse,,,[],"[""gemma3-1b-above-r1"", ""gemma3-1b-above-r2"", ""gemma3-1b-above-r3""]",,,158391,158391,True,False,,0.004078483245149922,"{""status"": ""lower_bound"", ""interval"": [158391, null]}",gemma3-1b|200000|code:MBPP|0.1,,,,no_recommendation,,,unbounded_log_interval,158391,,"{""log_distance"": 0.0, ""inside_interval"": true, ""signed_log_distance"": 0.0, ""distance_status"": ""censored_distance_lower_bound"", ""interval_width_tokens"": null, ""interval_log_width"": null, ""width_status"": ""unbounded_log_interval"", ""measured_lower_bound_D_U"": 158391, ""measured_upper_bound_D_U"": null}",
gemma3-1b,200000,code:MBPP,0.1,boundary,student_isotonic,,,[],"[""gemma3-1b-above-r1"", ""gemma3-1b-above-r2"", ""gemma3-1b-above-r3""]",,,158391,158391,True,False,,0.004078483245149922,"{""status"": ""lower_bound"", ""interval"": [158391, null]}",gemma3-1b|200000|code:MBPP|0.1,,,,no_recommendation,,,unbounded_log_interval,158391,,"{""log_distance"": 0.0, ""inside_interval"": true, ""signed_log_distance"": 0.0, ""distance_status"": ""censored_distance_lower_bound"", ""interval_width_tokens"": null, ""interval_log_width"": null, ""width_status"": ""unbounded_log_interval"", ""measured_lower_bound_D_U"": 158391, ""measured_upper_bound_D_U"": null}",
gemma3-1b,200000,code:MBPP,0.1,delta,boundary_loglinear,,,[],"[""gemma3-1b-above-r1"", ""gemma3-1b-above-r2"", ""gemma3-1b-above-r3""]",,,158391,158391,True,False,,0.004078483245149922,"{""status"": ""lower_bound"", ""interval"": [158391, null]}",gemma3-1b|200000|code:MBPP|0.1,,,,no_recommendation,,,unbounded_log_interval,158391,,"{""log_distance"": 0.0, ""inside_interval"": true, ""signed_log_distance"": 0.0, ""distance_status"": ""censored_distance_lower_bound"", ""interval_width_tokens"": null, ""interval_log_width"": null, ""width_status"": ""unbounded_log_interval"", ""measured_lower_bound_D_U"": 158391, ""measured_upper_bound_D_U"": null}",
gemma3-1b,200000,code:MBPP,0.1,delta,fixed_reuse,,,[],"[""gemma3-1b-above-r1"", ""gemma3-1b-above-r2"", ""gemma3-1b-above-r3""]",,,158391,158391,True,False,,0.004078483245149922,"{""status"": ""lower_bound"", ""interval"": [158391, null]}",gemma3-1b|200000|code:MBPP|0.1,,,,no_recommendation,,,unbounded_log_interval,158391,,"{""log_distance"": 0.0, ""inside_interval"": true, ""signed_log_distance"": 0.0, ""distance_status"": ""censored_distance_lower_bound"", ""interval_width_tokens"": null, ""interval_log_width"": null, ""width_status"": ""unbounded_log_interval"", ""measured_lower_bound_D_U"": 158391, ""measured_upper_bound_D_U"": null}",
gemma3-1b,200000,code:MBPP,0.1,delta,student_isotonic,,,[],"[""gemma3-1b-above-r1"", ""gemma3-1b-above-r2"", ""gemma3-1b-above-r3""]",,,158391,158391,True,False,,0.004078483245149922,"{""status"": ""lower_bound"", ""interval"": [158391, null]}",gemma3-1b|200000|code:MBPP|0.1,,,,no_recommendation,,,unbounded_log_interval,158391,,"{""log_distance"": 0.0, ""inside_interval"": true, ""signed_log_distance"": 0.0, ""distance_status"": ""censored_distance_lower_bound"", ""interval_width_tokens"": null, ""interval_log_width"": null, ""width_status"": ""unbounded_log_interval"", ""measured_lower_bound_D_U"": 158391, ""measured_upper_bound_D_U"": null}",
gemma3-1b,200000,code:MBPP,0.25,boundary,boundary_loglinear,158391,above,"[""gemma3-1b-above-r1"", ""gemma3-1b-above-r2"", ""gemma3-1b-above-r3""]","[""gemma3-1b-near-r1"", ""gemma3-1b-near-r2"", ""gemma3-1b-near-r3""]",True,158391,32156.666666666668,32156.666666666668,False,True,-3.925603814657406,0.004078483245149922,"{""status"": ""crossed"", ""interval"": [8971, 32503]}",gemma3-1b|200000|code:MBPP|0.25,1.5837342668163865,False,1.5837342668163865,interval_distance,23532,1.28733524019076,finite,,,"{""log_distance"": 0.0, ""inside_interval"": true, ""signed_log_distance"": 0.0, ""distance_status"": ""interval_distance"", ""interval_width_tokens"": 23532, ""interval_log_width"": 1.28733524019076, ""width_status"": ""finite"", ""measured_lower_bound_D_U"": null, ""measured_upper_bound_D_U"": null}",1.5944468690699407
gemma3-1b,200000,code:MBPP,0.25,boundary,fixed_reuse,32156.666666666668,near,"[""gemma3-1b-near-r1"", ""gemma3-1b-near-r2"", ""gemma3-1b-near-r3""]","[""gemma3-1b-near-r1"", ""gemma3-1b-near-r2"", ""gemma3-1b-near-r3""]",True,32156.666666666668,32156.666666666668,32156.666666666668,False,True,0.0,0.004078483245149922,"{""status"": ""crossed"", ""interval"": [8971, 32503]}",gemma3-1b|200000|code:MBPP|0.25,0.0,True,0.0,interval_distance,23532,1.28733524019076,finite,,,"{""log_distance"": 0.0, ""inside_interval"": true, ""signed_log_distance"": 0.0, ""distance_status"": ""interval_distance"", ""interval_width_tokens"": 23532, ""interval_log_width"": 1.28733524019076, ""width_status"": ""finite"", ""measured_lower_bound_D_U"": null, ""measured_upper_bound_D_U"": null}",0.0
gemma3-1b,200000,code:MBPP,0.25,boundary,student_isotonic,32156.666666666668,near,"[""gemma3-1b-near-r1"", ""gemma3-1b-near-r2"", ""gemma3-1b-near-r3""]","[""gemma3-1b-near-r1"", ""gemma3-1b-near-r2"", ""gemma3-1b-near-r3""]",True,32156.666666666668,32156.666666666668,32156.666666666668,False,True,0.0,0.004078483245149922,"{""status"": ""crossed"", ""interval"": [8971, 32503]}",gemma3-1b|200000|code:MBPP|0.25,0.0,True,0.0,interval_distance,23532,1.28733524019076,finite,,,"{""log_distance"": 0.0, ""inside_interval"": true, ""signed_log_distance"": 0.0, ""distance_status"": ""interval_distance"", ""interval_width_tokens"": 23532, ""interval_log_width"": 1.28733524019076, ""width_status"": ""finite"", ""measured_lower_bound_D_U"": null, ""measured_upper_bound_D_U"": null}",0.0
gemma3-1b,200000,code:MBPP,0.25,delta,boundary_loglinear,32156.666666666668,near,"[""gemma3-1b-near-r1"", ""gemma3-1b-near-r2"", ""gemma3-1b-near-r3""]","[""gemma3-1b-near-r1"", ""gemma3-1b-near-r2"", ""gemma3-1b-near-r3""]",True,32156.666666666668,32156.666666666668,32156.666666666668,False,True,0.0,0.004078483245149922,"{""status"": ""crossed"", ""interval"": [8971, 32503]}",gemma3-1b|200000|code:MBPP|0.25,0.0,True,0.0,interval_distance,23532,1.28733524019076,finite,,,"{""log_distance"": 0.0, ""inside_interval"": true, ""signed_log_distance"": 0.0, ""distance_status"": ""interval_distance"", ""interval_width_tokens"": 23532, ""interval_log_width"": 1.28733524019076, ""width_status"": ""finite"", ""measured_lower_bound_D_U"": null, ""measured_upper_bound_D_U"": null}",0.0
gemma3-1b,200000,code:MBPP,0.25,delta,fixed_reuse,32156.666666666668,near,"[""gemma3-1b-near-r1"", ""gemma3-1b-near-r2"", ""gemma3-1b-near-r3""]","[""gemma3-1b-near-r1"", ""gemma3-1b-near-r2"", ""gemma3-1b-near-r3""]",True,32156.666666666668,32156.666666666668,32156.666666666668,False,True,0.0,0.004078483245149922,"{""status"": ""crossed"", ""interval"": [8971, 32503]}",gemma3-1b|200000|code:MBPP|0.25,0.0,True,0.0,interval_distance,23532,1.28733524019076,finite,,,"{""log_distance"": 0.0, ""inside_interval"": true, ""signed_log_distance"": 0.0, ""distance_status"": ""interval_distance"", ""interval_width_tokens"": 23532, ""interval_log_width"": 1.28733524019076, ""width_status"": ""finite"", ""measured_lower_bound_D_U"": null, ""measured_upper_bound_D_U"": null}",0.0
gemma3-1b,200000,code:MBPP,0.25,delta,student_isotonic,32156.666666666668,near,"[""gemma3-1b-near-r1"", ""gemma3-1b-near-r2"", ""gemma3-1b-near-r3""]","[""gemma3-1b-near-r1"", ""gemma3-1b-near-r2"", ""gemma3-1b-near-r3""]",True,32156.666666666668,32156.666666666668,32156.666666666668,False,True,0.0,0.004078483245149922,"{""status"": ""crossed"", ""interval"": [8971, 32503]}",gemma3-1b|200000|code:MBPP|0.25,0.0,True,0.0,interval_distance,23532,1.28733524019076,finite,,,"{""log_distance"": 0.0, ""inside_interval"": true, ""signed_log_distance"": 0.0, ""distance_status"": ""interval_distance"", ""interval_width_tokens"": 23532, ""interval_log_width"": 1.28733524019076, ""width_status"": ""finite"", ""measured_lower_bound_D_U"": null, ""measured_upper_bound_D_U"": null}",0.0
gemma3-1b,200000,code:MBPP,0.5,boundary,boundary_loglinear,,,[],"[""gemma3-1b-above-r1"", ""gemma3-1b-above-r2"", ""gemma3-1b-above-r3""]",,,158391,158391,True,True,,0.004078483245149922,"{""status"": ""crossed"", ""interval"": [8971, 32503]}",gemma3-1b|200000|code:MBPP|0.5,,,,no_recommendation,23532,1.28733524019076,finite,,,"{""log_distance"": 1.5837342668163865, ""inside_interval"": false, ""signed_log_distance"": 1.5837342668163865, ""distance_status"": ""interval_distance"", ""interval_width_tokens"": 23532, ""interval_log_width"": 1.28733524019076, ""width_status"": ""finite"", ""measured_lower_bound_D_U"": null, ""measured_upper_bound_D_U"": null}",
gemma3-1b,200000,code:MBPP,0.5,boundary,fixed_reuse,,,[],"[""gemma3-1b-above-r1"", ""gemma3-1b-above-r2"", ""gemma3-1b-above-r3""]",,,158391,158391,True,True,,0.004078483245149922,"{""status"": ""crossed"", ""interval"": [8971, 32503]}",gemma3-1b|200000|code:MBPP|0.5,,,,no_recommendation,23532,1.28733524019076,finite,,,"{""log_distance"": 1.5837342668163865, ""inside_interval"": false, ""signed_log_distance"": 1.5837342668163865, ""distance_status"": ""interval_distance"", ""interval_width_tokens"": 23532, ""interval_log_width"": 1.28733524019076, ""width_status"": ""finite"", ""measured_lower_bound_D_U"": null, ""measured_upper_bound_D_U"": null}",
gemma3-1b,200000,code:MBPP,0.5,boundary,student_isotonic,32156.666666666668,near,"[""gemma3-1b-near-r1"", ""gemma3-1b-near-r2"", ""gemma3-1b-near-r3""]","[""gemma3-1b-above-r1"", ""gemma3-1b-above-r2"", ""gemma3-1b-above-r3""]",True,32156.666666666668,158391,158391,True,True,0.7969792054683241,0.004078483245149922,"{""status"": ""crossed"", ""interval"": [8971, 32503]}",gemma3-1b|200000|code:MBPP|0.5,0.0,True,0.0,interval_distance,23532,1.28733524019076,finite,,,"{""log_distance"": 1.5837342668163865, ""inside_interval"": false, ""signed_log_distance"": 1.5837342668163865, ""distance_status"": ""interval_distance"", ""interval_width_tokens"": 23532, ""interval_log_width"": 1.28733524019076, ""width_status"": ""finite"", ""measured_lower_bound_D_U"": null, ""measured_upper_bound_D_U"": null}",-1.5944468690699407
gemma3-1b,200000,code:MBPP,0.5,delta,boundary_loglinear,9049.666666666666,below,"[""gemma3-1b-below-r1"", ""gemma3-1b-below-r2"", ""gemma3-1b-below-r3""]","[""gemma3-1b-below-r1"", ""gemma3-1b-below-r2"", ""gemma3-1b-below-r3""]",False,9049.666666666666,9049.666666666666,9049.666666666666,False,False,,0.004078483245149922,"{""status"": ""crossed"", ""interval"": [8971, 32503]}",gemma3-1b|200000|code:MBPP|0.5,0.0,True,0.0,interval_distance,23532,1.28733524019076,finite,,,"{""log_distance"": 0.0, ""inside_interval"": true, ""signed_log_distance"": 0.0, ""distance_status"": ""interval_distance"", ""interval_width_tokens"": 23532, ""interval_log_width"": 1.28733524019076, ""width_status"": ""finite"", ""measured_lower_bound_D_U"": null, ""measured_upper_bound_D_U"": null}",0.0
gemma3-1b,200000,code:MBPP,0.5,delta,fixed_reuse,9049.666666666666,below,"[""gemma3-1b-below-r1"", ""gemma3-1b-below-r2"", ""gemma3-1b-below-r3""]","[""gemma3-1b-below-r1"", ""gemma3-1b-below-r2"", ""gemma3-1b-below-r3""]",False,9049.666666666666,9049.666666666666,9049.666666666666,False,False,,0.004078483245149922,"{""status"": ""crossed"", ""interval"": [8971, 32503]}",gemma3-1b|200000|code:MBPP|0.5,0.0,True,0.0,interval_distance,23532,1.28733524019076,finite,,,"{""log_distance"": 0.0, ""inside_interval"": true, ""signed_log_distance"": 0.0, ""distance_status"": ""interval_distance"", ""interval_width_tokens"": 23532, ""interval_log_width"": 1.28733524019076, ""width_status"": ""finite"", ""measured_lower_bound_D_U"": null, ""measured_upper_bound_D_U"": null}",0.0
gemma3-1b,200000,code:MBPP,0.5,delta,student_isotonic,9049.666666666666,below,"[""gemma3-1b-below-r1"", ""gemma3-1b-below-r2"", ""gemma3-1b-below-r3""]","[""gemma3-1b-below-r1"", ""gemma3-1b-below-r2"", ""gemma3-1b-below-r3""]",False,9049.666666666666,9049.666666666666,9049.666666666666,False,False,,0.004078483245149922,"{""status"": ""crossed"", ""interval"": [8971, 32503]}",gemma3-1b|200000|code:MBPP|0.5,0.0,True,0.0,interval_distance,23532,1.28733524019076,finite,,,"{""log_distance"": 0.0, ""inside_interval"": true, ""signed_log_distance"": 0.0, ""distance_status"": ""interval_distance"", ""interval_width_tokens"": 23532, ""interval_log_width"": 1.28733524019076, ""width_status"": ""finite"", ""measured_lower_bound_D_U"": null, ""measured_upper_bound_D_U"": null}",0.0
gemma3-1b,200000,math:MATH-500,0.0,boundary,boundary_loglinear,,,[],"[""gemma3-1b-above-r1"", ""gemma3-1b-above-r2"", ""gemma3-1b-above-r3""]",,,158391,158391,True,False,,0.004078483245149922,"{""status"": ""lower_bound"", ""interval"": [158391, null]}",gemma3-1b|200000|math:MATH-500|0.0,,,,no_recommendation,,,unbounded_log_interval,158391,,"{""log_distance"": 0.0, ""inside_interval"": true, ""signed_log_distance"": 0.0, ""distance_status"": ""censored_distance_lower_bound"", ""interval_width_tokens"": null, ""interval_log_width"": null, ""width_status"": ""unbounded_log_interval"", ""measured_lower_bound_D_U"": 158391, ""measured_upper_bound_D_U"": null}",
gemma3-1b,200000,math:MATH-500,0.0,boundary,fixed_reuse,,,[],"[""gemma3-1b-above-r1"", ""gemma3-1b-above-r2"", ""gemma3-1b-above-r3""]",,,158391,158391,True,False,,0.004078483245149922,"{""status"": ""lower_bound"", ""interval"": [158391, null]}",gemma3-1b|200000|math:MATH-500|0.0,,,,no_recommendation,,,unbounded_log_interval,158391,,"{""log_distance"": 0.0, ""inside_interval"": true, ""signed_log_distance"": 0.0, ""distance_status"": ""censored_distance_lower_bound"", ""interval_width_tokens"": null, ""interval_log_width"": null, ""width_status"": ""unbounded_log_interval"", ""measured_lower_bound_D_U"": 158391, ""measured_upper_bound_D_U"": null}",
gemma3-1b,200000,math:MATH-500,0.0,boundary,student_isotonic,,,[],"[""gemma3-1b-above-r1"", ""gemma3-1b-above-r2"", ""gemma3-1b-above-r3""]",,,158391,158391,True,False,,0.004078483245149922,"{""status"": ""lower_bound"", ""interval"": [158391, null]}",gemma3-1b|200000|math:MATH-500|0.0,,,,no_recommendation,,,unbounded_log_interval,158391,,"{""log_distance"": 0.0, ""inside_interval"": true, ""signed_log_distance"": 0.0, ""distance_status"": ""censored_distance_lower_bound"", ""interval_width_tokens"": null, ""interval_log_width"": null, ""width_status"": ""unbounded_log_interval"", ""measured_lower_bound_D_U"": 158391, ""measured_upper_bound_D_U"": null}",
gemma3-1b,200000,math:MATH-500,0.0,delta,boundary_loglinear,,,[],"[""gemma3-1b-above-r1"", ""gemma3-1b-above-r2"", ""gemma3-1b-above-r3""]",,,158391,158391,True,False,,0.004078483245149922,"{""status"": ""lower_bound"", ""interval"": [158391, null]}",gemma3-1b|200000|math:MATH-500|0.0,,,,no_recommendation,,,unbounded_log_interval,158391,,"{""log_distance"": 0.0, ""inside_interval"": true, ""signed_log_distance"": 0.0, ""distance_status"": ""censored_distance_lower_bound"", ""interval_width_tokens"": null, ""interval_log_width"": null, ""width_status"": ""unbounded_log_interval"", ""measured_lower_bound_D_U"": 158391, ""measured_upper_bound_D_U"": null}",
gemma3-1b,200000,math:MATH-500,0.0,delta,fixed_reuse,,,[],"[""gemma3-1b-above-r1"", ""gemma3-1b-above-r2"", ""gemma3-1b-above-r3""]",,,158391,158391,True,False,,0.004078483245149922,"{""status"": ""lower_bound"", ""interval"": [158391, null]}",gemma3-1b|200000|math:MATH-500|0.0,,,,no_recommendation,,,unbounded_log_interval,158391,,"{""log_distance"": 0.0, ""inside_interval"": true, ""signed_log_distance"": 0.0, ""distance_status"": ""censored_distance_lower_bound"", ""interval_width_tokens"": null, ""interval_log_width"": null, ""width_status"": ""unbounded_log_interval"", ""measured_lower_bound_D_U"": 158391, ""measured_upper_bound_D_U"": null}",
gemma3-1b,200000,math:MATH-500,0.0,delta,student_isotonic,,,[],"[""gemma3-1b-above-r1"", ""gemma3-1b-above-r2"", ""gemma3-1b-above-r3""]",,,158391,158391,True,False,,0.004078483245149922,"{""status"": ""lower_bound"", ""interval"": [158391, null]}",gemma3-1b|200000|math:MATH-500|0.0,,,,no_recommendation,,,unbounded_log_interval,158391,,"{""log_distance"": 0.0, ""inside_interval"": true, ""signed_log_distance"": 0.0, ""distance_status"": ""censored_distance_lower_bound"", ""interval_width_tokens"": null, ""interval_log_width"": null, ""width_status"": ""unbounded_log_interval"", ""measured_lower_bound_D_U"": 158391, ""measured_upper_bound_D_U"": null}",
gemma3-1b,200000,math:MATH-500,0.1,boundary,boundary_loglinear,32156.666666666668,near,"[""gemma3-1b-near-r1"", ""gemma3-1b-near-r2"", ""gemma3-1b-near-r3""]","[""gemma3-1b-above-r1"", ""gemma3-1b-above-r2"", ""gemma3-1b-above-r3""]",False,32156.666666666668,158391,158391,False,True,,0.004078483245149922,"{""status"": ""crossed"", ""interval"": [31947, 158391]}",gemma3-1b|200000|math:MATH-500|0.1,0.0,True,0.0,interval_distance,126444,1.6009883798829367,finite,,,"{""log_distance"": 0.0, ""inside_interval"": true, ""signed_log_distance"": 0.0, ""distance_status"": ""interval_distance"", ""interval_width_tokens"": 126444, ""interval_log_width"": 1.6009883798829367, ""width_status"": ""finite"", ""measured_lower_bound_D_U"": null, ""measured_upper_bound_D_U"": null}",-1.5944468690699407
gemma3-1b,200000,math:MATH-500,0.1,boundary,fixed_reuse,158391,above,"[""gemma3-1b-above-r1"", ""gemma3-1b-above-r2"", ""gemma3-1b-above-r3""]","[""gemma3-1b-above-r1"", ""gemma3-1b-above-r2"", ""gemma3-1b-above-r3""]",True,158391,158391,158391,False,True,0.0,0.004078483245149922,"{""status"": ""crossed"", ""interval"": [31947, 158391]}",gemma3-1b|200000|math:MATH-500|0.1,0.0,True,0.0,interval_distance,126444,1.6009883798829367,finite,,,"{""log_distance"": 0.0, ""inside_interval"": true, ""signed_log_distance"": 0.0, ""distance_status"": ""interval_distance"", ""interval_width_tokens"": 126444, ""interval_log_width"": 1.6009883798829367, ""width_status"": ""finite"", ""measured_lower_bound_D_U"": null, ""measured_upper_bound_D_U"": null}",0.0
gemma3-1b,200000,math:MATH-500,0.1,boundary,student_isotonic,158391,above,"[""gemma3-1b-above-r1"", ""gemma3-1b-above-r2"", ""gemma3-1b-above-r3""]","[""gemma3-1b-above-r1"", ""gemma3-1b-above-r2"", ""gemma3-1b-above-r3""]",True,158391,158391,158391,False,True,0.0,0.004078483245149922,"{""status"": ""crossed"", ""interval"": [31947, 158391]}",gemma3-1b|200000|math:MATH-500|0.1,0.0,True,0.0,interval_distance,126444,1.6009883798829367,finite,,,"{""log_distance"": 0.0, ""inside_interval"": true, ""signed_log_distance"": 0.0, ""distance_status"": ""interval_distance"", ""interval_width_tokens"": 126444, ""interval_log_width"": 1.6009883798829367, ""width_status"": ""finite"", ""measured_lower_bound_D_U"": null, ""measured_upper_bound_D_U"": null}",0.0
gemma3-1b,200000,math:MATH-500,0.1,delta,boundary_loglinear,,,[],"[""gemma3-1b-above-r1"", ""gemma3-1b-above-r2"", ""gemma3-1b-above-r3""]",,,158391,158391,False,True,,0.004078483245149922,"{""status"": ""crossed"", ""interval"": [31947, 158391]}",gemma3-1b|200000|math:MATH-500|0.1,,,,no_recommendation,126444,1.6009883798829367,finite,,,"{""log_distance"": 0.0, ""inside_interval"": true, ""signed_log_distance"": 0.0, ""distance_status"": ""interval_distance"", ""interval_width_tokens"": 126444, ""interval_log_width"": 1.6009883798829367, ""width_status"": ""finite"", ""measured_lower_bound_D_U"": null, ""measured_upper_bound_D_U"": null}",
gemma3-1b,200000,math:MATH-500,0.1,delta,fixed_reuse,158391,above,"[""gemma3-1b-above-r1"", ""gemma3-1b-above-r2"", ""gemma3-1b-above-r3""]","[""gemma3-1b-above-r1"", ""gemma3-1b-above-r2"", ""gemma3-1b-above-r3""]",True,158391,158391,158391,False,True,0.0,0.004078483245149922,"{""status"": ""crossed"", ""interval"": [31947, 158391]}",gemma3-1b|200000|math:MATH-500|0.1,0.0,True,0.0,interval_distance,126444,1.6009883798829367,finite,,,"{""log_distance"": 0.0, ""inside_interval"": true, ""signed_log_distance"": 0.0, ""distance_status"": ""interval_distance"", ""interval_width_tokens"": 126444, ""interval_log_width"": 1.6009883798829367, ""width_status"": ""finite"", ""measured_lower_bound_D_U"": null, ""measured_upper_bound_D_U"": null}",0.0
gemma3-1b,200000,math:MATH-500,0.1,delta,student_isotonic,158391,above,"[""gemma3-1b-above-r1"", ""gemma3-1b-above-r2"", ""gemma3-1b-above-r3""]","[""gemma3-1b-above-r1"", ""gemma3-1b-above-r2"", ""gemma3-1b-above-r3""]",True,158391,158391,158391,False,True,0.0,0.004078483245149922,"{""status"": ""crossed"", ""interval"": [31947, 158391]}",gemma3-1b|200000|math:MATH-500|0.1,0.0,True,0.0,interval_distance,126444,1.6009883798829367,finite,,,"{""log_distance"": 0.0, ""inside_interval"": true, ""signed_log_distance"": 0.0, ""distance_status"": ""interval_distance"", ""interval_width_tokens"": 126444, ""interval_log_width"": 1.6009883798829367, ""width_status"": ""finite"", ""measured_lower_bound_D_U"": null, ""measured_upper_bound_D_U"": null}",0.0
gemma3-1b,200000,math:MATH-500,0.25,boundary,boundary_loglinear,32156.666666666668,near,"[""gemma3-1b-near-r1"", ""gemma3-1b-near-r2"", ""gemma3-1b-near-r3""]","[""gemma3-1b-near-r1"", ""gemma3-1b-near-r2"", ""gemma3-1b-near-r3""]",True,32156.666666666668,32156.666666666668,32156.666666666668,False,True,0.0,0.004078483245149922,"{""status"": ""crossed"", ""interval"": [8971, 32503]}",gemma3-1b|200000|math:MATH-500|0.25,0.0,True,0.0,interval_distance,23532,1.28733524019076,finite,,,"{""log_distance"": 0.0, ""inside_interval"": true, ""signed_log_distance"": 0.0, ""distance_status"": ""interval_distance"", ""interval_width_tokens"": 23532, ""interval_log_width"": 1.28733524019076, ""width_status"": ""finite"", ""measured_lower_bound_D_U"": null, ""measured_upper_bound_D_U"": null}",0.0
gemma3-1b,200000,math:MATH-500,0.25,boundary,fixed_reuse,32156.666666666668,near,"[""gemma3-1b-near-r1"", ""gemma3-1b-near-r2"", ""gemma3-1b-near-r3""]","[""gemma3-1b-near-r1"", ""gemma3-1b-near-r2"", ""gemma3-1b-near-r3""]",True,32156.666666666668,32156.666666666668,32156.666666666668,False,True,0.0,0.004078483245149922,"{""status"": ""crossed"", ""interval"": [8971, 32503]}",gemma3-1b|200000|math:MATH-500|0.25,0.0,True,0.0,interval_distance,23532,1.28733524019076,finite,,,"{""log_distance"": 0.0, ""inside_interval"": true, ""signed_log_distance"": 0.0, ""distance_status"": ""interval_distance"", ""interval_width_tokens"": 23532, ""interval_log_width"": 1.28733524019076, ""width_status"": ""finite"", ""measured_lower_bound_D_U"": null, ""measured_upper_bound_D_U"": null}",0.0
gemma3-1b,200000,math:MATH-500,0.25,boundary,student_isotonic,32156.666666666668,near,"[""gemma3-1b-near-r1"", ""gemma3-1b-near-r2"", ""gemma3-1b-near-r3""]","[""gemma3-1b-near-r1"", ""gemma3-1b-near-r2"", ""gemma3-1b-near-r3""]",True,32156.666666666668,32156.666666666668,32156.666666666668,False,True,0.0,0.004078483245149922,"{""status"": ""crossed"", ""interval"": [8971, 32503]}",gemma3-1b|200000|math:MATH-500|0.25,0.0,True,0.0,interval_distance,23532,1.28733524019076,finite,,,"{""log_distance"": 0.0, ""inside_interval"": true, ""signed_log_distance"": 0.0, ""distance_status"": ""interval_distance"", ""interval_width_tokens"": 23532, ""interval_log_width"": 1.28733524019076, ""width_status"": ""finite"", ""measured_lower_bound_D_U"": null, ""measured_upper_bound_D_U"": null}",0.0
gemma3-1b,200000,math:MATH-500,0.25,delta,boundary_loglinear,9049.666666666666,below,"[""gemma3-1b-below-r1"", ""gemma3-1b-below-r2"", ""gemma3-1b-below-r3""]","[""gemma3-1b-near-r1"", ""gemma3-1b-near-r2"", ""gemma3-1b-near-r3""]",False,9049.666666666666,32156.666666666668,32156.666666666668,False,True,,0.004078483245149922,"{""status"": ""crossed"", ""interval"": [8971, 32503]}",gemma3-1b|200000|math:MATH-500|0.25,0.0,True,0.0,interval_distance,23532,1.28733524019076,finite,,,"{""log_distance"": 0.0, ""inside_interval"": true, ""signed_log_distance"": 0.0, ""distance_status"": ""interval_distance"", ""interval_width_tokens"": 23532, ""interval_log_width"": 1.28733524019076, ""width_status"": ""finite"", ""measured_lower_bound_D_U"": null, ""measured_upper_bound_D_U"": null}",-1.2678918658933709
gemma3-1b,200000,math:MATH-500,0.25,delta,fixed_reuse,32156.666666666668,near,"[""gemma3-1b-near-r1"", ""gemma3-1b-near-r2"", ""gemma3-1b-near-r3""]","[""gemma3-1b-near-r1"", ""gemma3-1b-near-r2"", ""gemma3-1b-near-r3""]",True,32156.666666666668,32156.666666666668,32156.666666666668,False,True,0.0,0.004078483245149922,"{""status"": ""crossed"", ""interval"": [8971, 32503]}",gemma3-1b|200000|math:MATH-500|0.25,0.0,True,0.0,interval_distance,23532,1.28733524019076,finite,,,"{""log_distance"": 0.0, ""inside_interval"": true, ""signed_log_distance"": 0.0, ""distance_status"": ""interval_distance"", ""interval_width_tokens"": 23532, ""interval_log_width"": 1.28733524019076, ""width_status"": ""finite"", ""measured_lower_bound_D_U"": null, ""measured_upper_bound_D_U"": null}",0.0
gemma3-1b,200000,math:MATH-500,0.25,delta,student_isotonic,32156.666666666668,near,"[""gemma3-1b-near-r1"", ""gemma3-1b-near-r2"", ""gemma3-1b-near-r3""]","[""gemma3-1b-near-r1"", ""gemma3-1b-near-r2"", ""gemma3-1b-near-r3""]",True,32156.666666666668,32156.666666666668,32156.666666666668,False,True,0.0,0.004078483245149922,"{""status"": ""crossed"", ""interval"": [8971, 32503]}",gemma3-1b|200000|math:MATH-500|0.25,0.0,True,0.0,interval_distance,23532,1.28733524019076,finite,,,"{""log_distance"": 0.0, ""inside_interval"": true, ""signed_log_distance"": 0.0, ""distance_status"": ""interval_distance"", ""interval_width_tokens"": 23532, ""interval_log_width"": 1.28733524019076, ""width_status"": ""finite"", ""measured_lower_bound_D_U"": null, ""measured_upper_bound_D_U"": null}",0.0
gemma3-1b,200000,math:MATH-500,0.5,boundary,boundary_loglinear,,,[],"[""gemma3-1b-above-r1"", ""gemma3-1b-above-r2"", ""gemma3-1b-above-r3""]",,,158391,158391,True,True,,0.004078483245149922,"{""status"": ""crossed"", ""interval"": [8971, 32503]}",gemma3-1b|200000|math:MATH-500|0.5,,,,no_recommendation,23532,1.28733524019076,finite,,,"{""log_distance"": 1.5837342668163865, ""inside_interval"": false, ""signed_log_distance"": 1.5837342668163865, ""distance_status"": ""interval_distance"", ""interval_width_tokens"": 23532, ""interval_log_width"": 1.28733524019076, ""width_status"": ""finite"", ""measured_lower_bound_D_U"": null, ""measured_upper_bound_D_U"": null}",
gemma3-1b,200000,math:MATH-500,0.5,boundary,fixed_reuse,,,[],"[""gemma3-1b-above-r1"", ""gemma3-1b-above-r2"", ""gemma3-1b-above-r3""]",,,158391,158391,True,True,,0.004078483245149922,"{""status"": ""crossed"", ""interval"": [8971, 32503]}",gemma3-1b|200000|math:MATH-500|0.5,,,,no_recommendation,23532,1.28733524019076,finite,,,"{""log_distance"": 1.5837342668163865, ""inside_interval"": false, ""signed_log_distance"": 1.5837342668163865, ""distance_status"": ""interval_distance"", ""interval_width_tokens"": 23532, ""interval_log_width"": 1.28733524019076, ""width_status"": ""finite"", ""measured_lower_bound_D_U"": null, ""measured_upper_bound_D_U"": null}",
gemma3-1b,200000,math:MATH-500,0.5,boundary,student_isotonic,32156.666666666668,near,"[""gemma3-1b-near-r1"", ""gemma3-1b-near-r2"", ""gemma3-1b-near-r3""]","[""gemma3-1b-above-r1"", ""gemma3-1b-above-r2"", ""gemma3-1b-above-r3""]",True,32156.666666666668,158391,158391,True,True,0.7969792054683241,0.004078483245149922,"{""status"": ""crossed"", ""interval"": [8971, 32503]}",gemma3-1b|200000|math:MATH-500|0.5,0.0,True,0.0,interval_distance,23532,1.28733524019076,finite,,,"{""log_distance"": 1.5837342668163865, ""inside_interval"": false, ""signed_log_distance"": 1.5837342668163865, ""distance_status"": ""interval_distance"", ""interval_width_tokens"": 23532, ""interval_log_width"": 1.28733524019076, ""width_status"": ""finite"", ""measured_lower_bound_D_U"": null, ""measured_upper_bound_D_U"": null}",-1.5944468690699407
gemma3-1b,200000,math:MATH-500,0.5,delta,boundary_loglinear,9049.666666666666,below,"[""gemma3-1b-below-r1"", ""gemma3-1b-below-r2"", ""gemma3-1b-below-r3""]","[""gemma3-1b-below-r1"", ""gemma3-1b-below-r2"", ""gemma3-1b-below-r3""]",False,9049.666666666666,9049.666666666666,9049.666666666666,False,False,,0.004078483245149922,"{""status"": ""crossed"", ""interval"": [8971, 32503]}",gemma3-1b|200000|math:MATH-500|0.5,0.0,True,0.0,interval_distance,23532,1.28733524019076,finite,,,"{""log_distance"": 0.0, ""inside_interval"": true, ""signed_log_distance"": 0.0, ""distance_status"": ""interval_distance"", ""interval_width_tokens"": 23532, ""interval_log_width"": 1.28733524019076, ""width_status"": ""finite"", ""measured_lower_bound_D_U"": null, ""measured_upper_bound_D_U"": null}",0.0
gemma3-1b,200000,math:MATH-500,0.5,delta,fixed_reuse,9049.666666666666,below,"[""gemma3-1b-below-r1"", ""gemma3-1b-below-r2"", ""gemma3-1b-below-r3""]","[""gemma3-1b-below-r1"", ""gemma3-1b-below-r2"", ""gemma3-1b-below-r3""]",False,9049.666666666666,9049.666666666666,9049.666666666666,False,False,,0.004078483245149922,"{""status"": ""crossed"", ""interval"": [8971, 32503]}",gemma3-1b|200000|math:MATH-500|0.5,0.0,True,0.0,interval_distance,23532,1.28733524019076,finite,,,"{""log_distance"": 0.0, ""inside_interval"": true, ""signed_log_distance"": 0.0, ""distance_status"": ""interval_distance"", ""interval_width_tokens"": 23532, ""interval_log_width"": 1.28733524019076, ""width_status"": ""finite"", ""measured_lower_bound_D_U"": null, ""measured_upper_bound_D_U"": null}",0.0
gemma3-1b,200000,math:MATH-500,0.5,delta,student_isotonic,9049.666666666666,below,"[""gemma3-1b-below-r1"", ""gemma3-1b-below-r2"", ""gemma3-1b-below-r3""]","[""gemma3-1b-below-r1"", ""gemma3-1b-below-r2"", ""gemma3-1b-below-r3""]",False,9049.666666666666,9049.666666666666,9049.666666666666,False,False,,0.004078483245149922,"{""status"": ""crossed"", ""interval"": [8971, 32503]}",gemma3-1b|200000|math:MATH-500|0.5,0.0,True,0.0,interval_distance,23532,1.28733524019076,finite,,,"{""log_distance"": 0.0, ""inside_interval"": true, ""signed_log_distance"": 0.0, ""distance_status"": ""interval_distance"", ""interval_width_tokens"": 23532, ""interval_log_width"": 1.28733524019076, ""width_status"": ""finite"", ""measured_lower_bound_D_U"": null, ""measured_upper_bound_D_U"": null}",0.0
gemma3-1b,200000,qa:2Wiki-fresh,0.0,boundary,boundary_loglinear,158391,above,"[""gemma3-1b-above-r1"", ""gemma3-1b-above-r2"", ""gemma3-1b-above-r3""]","[""gemma3-1b-above-r1"", ""gemma3-1b-above-r2"", ""gemma3-1b-above-r3""]",True,158391,158391,158391,False,True,0.0,0.004078483245149922,"{""status"": ""replicate_ambiguous"", ""interval"": null}",gemma3-1b|200000|qa:2Wiki-fresh|0.0,,,,unresolved_interval,,,unresolved,,,"{""log_distance"": null, ""inside_interval"": null, ""signed_log_distance"": null, ""distance_status"": ""unresolved_interval"", ""interval_width_tokens"": null, ""interval_log_width"": null, ""width_status"": ""unresolved"", ""measured_lower_bound_D_U"": null, ""measured_upper_bound_D_U"": null}",0.0
gemma3-1b,200000,qa:2Wiki-fresh,0.0,boundary,fixed_reuse,32156.666666666668,near,"[""gemma3-1b-near-r1"", ""gemma3-1b-near-r2"", ""gemma3-1b-near-r3""]","[""gemma3-1b-above-r1"", ""gemma3-1b-above-r2"", ""gemma3-1b-above-r3""]",False,32156.666666666668,158391,158391,False,True,,0.004078483245149922,"{""status"": ""replicate_ambiguous"", ""interval"": null}",gemma3-1b|200000|qa:2Wiki-fresh|0.0,,,,unresolved_interval,,,unresolved,,,"{""log_distance"": null, ""inside_interval"": null, ""signed_log_distance"": null, ""distance_status"": ""unresolved_interval"", ""interval_width_tokens"": null, ""interval_log_width"": null, ""width_status"": ""unresolved"", ""measured_lower_bound_D_U"": null, ""measured_upper_bound_D_U"": null}",-1.5944468690699407
gemma3-1b,200000,qa:2Wiki-fresh,0.0,boundary,student_isotonic,158391,above,"[""gemma3-1b-above-r1"", ""gemma3-1b-above-r2"", ""gemma3-1b-above-r3""]","[""gemma3-1b-above-r1"", ""gemma3-1b-above-r2"", ""gemma3-1b-above-r3""]",True,158391,158391,158391,False,True,0.0,0.004078483245149922,"{""status"": ""replicate_ambiguous"", ""interval"": null}",gemma3-1b|200000|qa:2Wiki-fresh|0.0,,,,unresolved_interval,,,unresolved,,,"{""log_distance"": null, ""inside_interval"": null, ""signed_log_distance"": null, ""distance_status"": ""unresolved_interval"", ""interval_width_tokens"": null, ""interval_log_width"": null, ""width_status"": ""unresolved"", ""measured_lower_bound_D_U"": null, ""measured_upper_bound_D_U"": null}",0.0
gemma3-1b,200000,qa:2Wiki-fresh,0.0,delta,boundary_loglinear,158391,above,"[""gemma3-1b-above-r1"", ""gemma3-1b-above-r2"", ""gemma3-1b-above-r3""]","[""gemma3-1b-above-r1"", ""gemma3-1b-above-r2"", ""gemma3-1b-above-r3""]",True,158391,158391,158391,True,True,0.0,0.004078483245149922,"{""status"": ""replicate_ambiguous"", ""interval"": null}",gemma3-1b|200000|qa:2Wiki-fresh|0.0,,,,unresolved_interval,,,unresolved,,,"{""log_distance"": null, ""inside_interval"": null, ""signed_log_distance"": null, ""distance_status"": ""unresolved_interval"", ""interval_width_tokens"": null, ""interval_log_width"": null, ""width_status"": ""unresolved"", ""measured_lower_bound_D_U"": null, ""measured_upper_bound_D_U"": null}",0.0
gemma3-1b,200000,qa:2Wiki-fresh,0.0,delta,fixed_reuse,,,[],"[""gemma3-1b-above-r1"", ""gemma3-1b-above-r2"", ""gemma3-1b-above-r3""]",,,158391,158391,True,True,,0.004078483245149922,"{""status"": ""replicate_ambiguous"", ""interval"": null}",gemma3-1b|200000|qa:2Wiki-fresh|0.0,,,,unresolved_interval,,,unresolved,,,"{""log_distance"": null, ""inside_interval"": null, ""signed_log_distance"": null, ""distance_status"": ""unresolved_interval"", ""interval_width_tokens"": null, ""interval_log_width"": null, ""width_status"": ""unresolved"", ""measured_lower_bound_D_U"": null, ""measured_upper_bound_D_U"": null}",
gemma3-1b,200000,qa:2Wiki-fresh,0.0,delta,student_isotonic,158391,above,"[""gemma3-1b-above-r1"", ""gemma3-1b-above-r2"", ""gemma3-1b-above-r3""]","[""gemma3-1b-above-r1"", ""gemma3-1b-above-r2"", ""gemma3-1b-above-r3""]",True,158391,158391,158391,True,True,0.0,0.004078483245149922,"{""status"": ""replicate_ambiguous"", ""interval"": null}",gemma3-1b|200000|qa:2Wiki-fresh|0.0,,,,unresolved_interval,,,unresolved,,,"{""log_distance"": null, ""inside_interval"": null, ""signed_log_distance"": null, ""distance_status"": ""unresolved_interval"", ""interval_width_tokens"": null, ""interval_log_width"": null, ""width_status"": ""unresolved"", ""measured_lower_bound_D_U"": null, ""measured_upper_bound_D_U"": null}",0.0
gemma3-1b,200000,qa:2Wiki-fresh,0.1,boundary,boundary_loglinear,158391,above,"[""gemma3-1b-above-r1"", ""gemma3-1b-above-r2"", ""gemma3-1b-above-r3""]","[""gemma3-1b-near-r1"", ""gemma3-1b-near-r2"", ""gemma3-1b-near-r3""]",True,158391,32156.666666666668,32156.666666666668,False,True,-3.925603814657406,0.004078483245149922,"{""status"": ""crossed"", ""interval"": [8971, 32503]}",gemma3-1b|200000|qa:2Wiki-fresh|0.1,1.5837342668163865,False,1.5837342668163865,interval_distance,23532,1.28733524019076,finite,,,"{""log_distance"": 0.0, ""inside_interval"": true, ""signed_log_distance"": 0.0, ""distance_status"": ""interval_distance"", ""interval_width_tokens"": 23532, ""interval_log_width"": 1.28733524019076, ""width_status"": ""finite"", ""measured_lower_bound_D_U"": null, ""measured_upper_bound_D_U"": null}",1.5944468690699407
gemma3-1b,200000,qa:2Wiki-fresh,0.1,boundary,fixed_reuse,32156.666666666668,near,"[""gemma3-1b-near-r1"", ""gemma3-1b-near-r2"", ""gemma3-1b-near-r3""]","[""gemma3-1b-near-r1"", ""gemma3-1b-near-r2"", ""gemma3-1b-near-r3""]",True,32156.666666666668,32156.666666666668,32156.666666666668,False,True,0.0,0.004078483245149922,"{""status"": ""crossed"", ""interval"": [8971, 32503]}",gemma3-1b|200000|qa:2Wiki-fresh|0.1,0.0,True,0.0,interval_distance,23532,1.28733524019076,finite,,,"{""log_distance"": 0.0, ""inside_interval"": true, ""signed_log_distance"": 0.0, ""distance_status"": ""interval_distance"", ""interval_width_tokens"": 23532, ""interval_log_width"": 1.28733524019076, ""width_status"": ""finite"", ""measured_lower_bound_D_U"": null, ""measured_upper_bound_D_U"": null}",0.0
gemma3-1b,200000,qa:2Wiki-fresh,0.1,boundary,student_isotonic,32156.666666666668,near,"[""gemma3-1b-near-r1"", ""gemma3-1b-near-r2"", ""gemma3-1b-near-r3""]","[""gemma3-1b-near-r1"", ""gemma3-1b-near-r2"", ""gemma3-1b-near-r3""]",True,32156.666666666668,32156.666666666668,32156.666666666668,False,True,0.0,0.004078483245149922,"{""status"": ""crossed"", ""interval"": [8971, 32503]}",gemma3-1b|200000|qa:2Wiki-fresh|0.1,0.0,True,0.0,interval_distance,23532,1.28733524019076,finite,,,"{""log_distance"": 0.0, ""inside_interval"": true, ""signed_log_distance"": 0.0, ""distance_status"": ""interval_distance"", ""interval_width_tokens"": 23532, ""interval_log_width"": 1.28733524019076, ""width_status"": ""finite"", ""measured_lower_bound_D_U"": null, ""measured_upper_bound_D_U"": null}",0.0
gemma3-1b,200000,qa:2Wiki-fresh,0.1,delta,boundary_loglinear,158391,above,"[""gemma3-1b-above-r1"", ""gemma3-1b-above-r2"", ""gemma3-1b-above-r3""]","[""gemma3-1b-above-r1"", ""gemma3-1b-above-r2"", ""gemma3-1b-above-r3""]",True,158391,158391,158391,True,True,0.0,0.004078483245149922,"{""status"": ""crossed"", ""interval"": [8971, 32503]}",gemma3-1b|200000|qa:2Wiki-fresh|0.1,1.5837342668163865,False,1.5837342668163865,interval_distance,23532,1.28733524019076,finite,,,"{""log_distance"": 1.5837342668163865, ""inside_interval"": false, ""signed_log_distance"": 1.5837342668163865, ""distance_status"": ""interval_distance"", ""interval_width_tokens"": 23532, ""interval_log_width"": 1.28733524019076, ""width_status"": ""finite"", ""measured_lower_bound_D_U"": null, ""measured_upper_bound_D_U"": null}",0.0
gemma3-1b,200000,qa:2Wiki-fresh,0.1,delta,fixed_reuse,,,[],"[""gemma3-1b-above-r1"", ""gemma3-1b-above-r2"", ""gemma3-1b-above-r3""]",,,158391,158391,True,True,,0.004078483245149922,"{""status"": ""crossed"", ""interval"": [8971, 32503]}",gemma3-1b|200000|qa:2Wiki-fresh|0.1,,,,no_recommendation,23532,1.28733524019076,finite,,,"{""log_distance"": 1.5837342668163865, ""inside_interval"": false, ""signed_log_distance"": 1.5837342668163865, ""distance_status"": ""interval_distance"", ""interval_width_tokens"": 23532, ""interval_log_width"": 1.28733524019076, ""width_status"": ""finite"", ""measured_lower_bound_D_U"": null, ""measured_upper_bound_D_U"": null}",
gemma3-1b,200000,qa:2Wiki-fresh,0.1,delta,student_isotonic,32156.666666666668,near,"[""gemma3-1b-near-r1"", ""gemma3-1b-near-r2"", ""gemma3-1b-near-r3""]","[""gemma3-1b-above-r1"", ""gemma3-1b-above-r2"", ""gemma3-1b-above-r3""]",True,32156.666666666668,158391,158391,True,True,0.7969792054683241,0.004078483245149922,"{""status"": ""crossed"", ""interval"": [8971, 32503]}",gemma3-1b|200000|qa:2Wiki-fresh|0.1,0.0,True,0.0,interval_distance,23532,1.28733524019076,finite,,,"{""log_distance"": 1.5837342668163865, ""inside_interval"": false, ""signed_log_distance"": 1.5837342668163865, ""distance_status"": ""interval_distance"", ""interval_width_tokens"": 23532, ""interval_log_width"": 1.28733524019076, ""width_status"": ""finite"", ""measured_lower_bound_D_U"": null, ""measured_upper_bound_D_U"": null}",-1.5944468690699407
gemma3-1b,200000,qa:2Wiki-fresh,0.25,boundary,boundary_loglinear,158391,above,"[""gemma3-1b-above-r1"", ""gemma3-1b-above-r2"", ""gemma3-1b-above-r3""]","[""gemma3-1b-near-r1"", ""gemma3-1b-near-r2"", ""gemma3-1b-near-r3""]",True,158391,32156.666666666668,32156.666666666668,False,True,-3.925603814657406,0.004078483245149922,"{""status"": ""crossed"", ""interval"": [8971, 32503]}",gemma3-1b|200000|qa:2Wiki-fresh|0.25,1.5837342668163865,False,1.5837342668163865,interval_distance,23532,1.28733524019076,finite,,,"{""log_distance"": 0.0, ""inside_interval"": true, ""signed_log_distance"": 0.0, ""distance_status"": ""interval_distance"", ""interval_width_tokens"": 23532, ""interval_log_width"": 1.28733524019076, ""width_status"": ""finite"", ""measured_lower_bound_D_U"": null, ""measured_upper_bound_D_U"": null}",1.5944468690699407
gemma3-1b,200000,qa:2Wiki-fresh,0.25,boundary,fixed_reuse,32156.666666666668,near,"[""gemma3-1b-near-r1"", ""gemma3-1b-near-r2"", ""gemma3-1b-near-r3""]","[""gemma3-1b-near-r1"", ""gemma3-1b-near-r2"", ""gemma3-1b-near-r3""]",True,32156.666666666668,32156.666666666668,32156.666666666668,False,True,0.0,0.004078483245149922,"{""status"": ""crossed"", ""interval"": [8971, 32503]}",gemma3-1b|200000|qa:2Wiki-fresh|0.25,0.0,True,0.0,interval_distance,23532,1.28733524019076,finite,,,"{""log_distance"": 0.0, ""inside_interval"": true, ""signed_log_distance"": 0.0, ""distance_status"": ""interval_distance"", ""interval_width_tokens"": 23532, ""interval_log_width"": 1.28733524019076, ""width_status"": ""finite"", ""measured_lower_bound_D_U"": null, ""measured_upper_bound_D_U"": null}",0.0
gemma3-1b,200000,qa:2Wiki-fresh,0.25,boundary,student_isotonic,32156.666666666668,near,"[""gemma3-1b-near-r1"", ""gemma3-1b-near-r2"", ""gemma3-1b-near-r3""]","[""gemma3-1b-near-r1"", ""gemma3-1b-near-r2"", ""gemma3-1b-near-r3""]",True,32156.666666666668,32156.666666666668,32156.666666666668,False,True,0.0,0.004078483245149922,"{""status"": ""crossed"", ""interval"": [8971, 32503]}",gemma3-1b|200000|qa:2Wiki-fresh|0.25,0.0,True,0.0,interval_distance,23532,1.28733524019076,finite,,,"{""log_distance"": 0.0, ""inside_interval"": true, ""signed_log_distance"": 0.0, ""distance_status"": ""interval_distance"", ""interval_width_tokens"": 23532, ""interval_log_width"": 1.28733524019076, ""width_status"": ""finite"", ""measured_lower_bound_D_U"": null, ""measured_upper_bound_D_U"": null}",0.0
gemma3-1b,200000,qa:2Wiki-fresh,0.25,delta,boundary_loglinear,158391,above,"[""gemma3-1b-above-r1"", ""gemma3-1b-above-r2"", ""gemma3-1b-above-r3""]","[""gemma3-1b-above-r1"", ""gemma3-1b-above-r2"", ""gemma3-1b-above-r3""]",True,158391,158391,158391,True,True,0.0,0.004078483245149922,"{""status"": ""crossed"", ""interval"": [8971, 32503]}",gemma3-1b|200000|qa:2Wiki-fresh|0.25,1.5837342668163865,False,1.5837342668163865,interval_distance,23532,1.28733524019076,finite,,,"{""log_distance"": 1.5837342668163865, ""inside_interval"": false, ""signed_log_distance"": 1.5837342668163865, ""distance_status"": ""interval_distance"", ""interval_width_tokens"": 23532, ""interval_log_width"": 1.28733524019076, ""width_status"": ""finite"", ""measured_lower_bound_D_U"": null, ""measured_upper_bound_D_U"": null}",0.0
gemma3-1b,200000,qa:2Wiki-fresh,0.25,delta,fixed_reuse,,,[],"[""gemma3-1b-above-r1"", ""gemma3-1b-above-r2"", ""gemma3-1b-above-r3""]",,,158391,158391,True,True,,0.004078483245149922,"{""status"": ""crossed"", ""interval"": [8971, 32503]}",gemma3-1b|200000|qa:2Wiki-fresh|0.25,,,,no_recommendation,23532,1.28733524019076,finite,,,"{""log_distance"": 1.5837342668163865, ""inside_interval"": false, ""signed_log_distance"": 1.5837342668163865, ""distance_status"": ""interval_distance"", ""interval_width_tokens"": 23532, ""interval_log_width"": 1.28733524019076, ""width_status"": ""finite"", ""measured_lower_bound_D_U"": null, ""measured_upper_bound_D_U"": null}",
gemma3-1b,200000,qa:2Wiki-fresh,0.25,delta,student_isotonic,32156.666666666668,near,"[""gemma3-1b-near-r1"", ""gemma3-1b-near-r2"", ""gemma3-1b-near-r3""]","[""gemma3-1b-above-r1"", ""gemma3-1b-above-r2"", ""gemma3-1b-above-r3""]",True,32156.666666666668,158391,158391,True,True,0.7969792054683241,0.004078483245149922,"{""status"": ""crossed"", ""interval"": [8971, 32503]}",gemma3-1b|200000|qa:2Wiki-fresh|0.25,0.0,True,0.0,interval_distance,23532,1.28733524019076,finite,,,"{""log_distance"": 1.5837342668163865, ""inside_interval"": false, ""signed_log_distance"": 1.5837342668163865, ""distance_status"": ""interval_distance"", ""interval_width_tokens"": 23532, ""interval_log_width"": 1.28733524019076, ""width_status"": ""finite"", ""measured_lower_bound_D_U"": null, ""measured_upper_bound_D_U"": null}",-1.5944468690699407
gemma3-1b,200000,qa:2Wiki-fresh,0.5,boundary,boundary_loglinear,158391,above,"[""gemma3-1b-above-r1"", ""gemma3-1b-above-r2"", ""gemma3-1b-above-r3""]","[""gemma3-1b-above-r1"", ""gemma3-1b-above-r2"", ""gemma3-1b-above-r3""]",True,158391,158391,158391,False,True,0.0,0.004078483245149922,"{""status"": ""crossed"", ""interval"": [8971, 32503]}",gemma3-1b|200000|qa:2Wiki-fresh|0.5,1.5837342668163865,False,1.5837342668163865,interval_distance,23532,1.28733524019076,finite,,,"{""log_distance"": 1.5837342668163865, ""inside_interval"": false, ""signed_log_distance"": 1.5837342668163865, ""distance_status"": ""interval_distance"", ""interval_width_tokens"": 23532, ""interval_log_width"": 1.28733524019076, ""width_status"": ""finite"", ""measured_lower_bound_D_U"": null, ""measured_upper_bound_D_U"": null}",0.0
gemma3-1b,200000,qa:2Wiki-fresh,0.5,boundary,fixed_reuse,158391,above,"[""gemma3-1b-above-r1"", ""gemma3-1b-above-r2"", ""gemma3-1b-above-r3""]","[""gemma3-1b-above-r1"", ""gemma3-1b-above-r2"", ""gemma3-1b-above-r3""]",True,158391,158391,158391,False,True,0.0,0.004078483245149922,"{""status"": ""crossed"", ""interval"": [8971, 32503]}",gemma3-1b|200000|qa:2Wiki-fresh|0.5,1.5837342668163865,False,1.5837342668163865,interval_distance,23532,1.28733524019076,finite,,,"{""log_distance"": 1.5837342668163865, ""inside_interval"": false, ""signed_log_distance"": 1.5837342668163865, ""distance_status"": ""interval_distance"", ""interval_width_tokens"": 23532, ""interval_log_width"": 1.28733524019076, ""width_status"": ""finite"", ""measured_lower_bound_D_U"": null, ""measured_upper_bound_D_U"": null}",0.0
gemma3-1b,200000,qa:2Wiki-fresh,0.5,boundary,student_isotonic,32156.666666666668,near,"[""gemma3-1b-near-r1"", ""gemma3-1b-near-r2"", ""gemma3-1b-near-r3""]","[""gemma3-1b-above-r1"", ""gemma3-1b-above-r2"", ""gemma3-1b-above-r3""]",True,32156.666666666668,158391,158391,False,True,0.7969792054683241,0.004078483245149922,"{""status"": ""crossed"", ""interval"": [8971, 32503]}",gemma3-1b|200000|qa:2Wiki-fresh|0.5,0.0,True,0.0,interval_distance,23532,1.28733524019076,finite,,,"{""log_distance"": 1.5837342668163865, ""inside_interval"": false, ""signed_log_distance"": 1.5837342668163865, ""distance_status"": ""interval_distance"", ""interval_width_tokens"": 23532, ""interval_log_width"": 1.28733524019076, ""width_status"": ""finite"", ""measured_lower_bound_D_U"": null, ""measured_upper_bound_D_U"": null}",-1.5944468690699407
gemma3-1b,200000,qa:2Wiki-fresh,0.5,delta,boundary_loglinear,158391,above,"[""gemma3-1b-above-r1"", ""gemma3-1b-above-r2"", ""gemma3-1b-above-r3""]","[""gemma3-1b-above-r1"", ""gemma3-1b-above-r2"", ""gemma3-1b-above-r3""]",True,158391,158391,158391,False,True,0.0,0.004078483245149922,"{""status"": ""crossed"", ""interval"": [8971, 32503]}",gemma3-1b|200000|qa:2Wiki-fresh|0.5,1.5837342668163865,False,1.5837342668163865,interval_distance,23532,1.28733524019076,finite,,,"{""log_distance"": 1.5837342668163865, ""inside_interval"": false, ""signed_log_distance"": 1.5837342668163865, ""distance_status"": ""interval_distance"", ""interval_width_tokens"": 23532, ""interval_log_width"": 1.28733524019076, ""width_status"": ""finite"", ""measured_lower_bound_D_U"": null, ""measured_upper_bound_D_U"": null}",0.0
gemma3-1b,200000,qa:2Wiki-fresh,0.5,delta,fixed_reuse,158391,above,"[""gemma3-1b-above-r1"", ""gemma3-1b-above-r2"", ""gemma3-1b-above-r3""]","[""gemma3-1b-above-r1"", ""gemma3-1b-above-r2"", ""gemma3-1b-above-r3""]",True,158391,158391,158391,False,True,0.0,0.004078483245149922,"{""status"": ""crossed"", ""interval"": [8971, 32503]}",gemma3-1b|200000|qa:2Wiki-fresh|0.5,1.5837342668163865,False,1.5837342668163865,interval_distance,23532,1.28733524019076,finite,,,"{""log_distance"": 1.5837342668163865, ""inside_interval"": false, ""signed_log_distance"": 1.5837342668163865, ""distance_status"": ""interval_distance"", ""interval_width_tokens"": 23532, ""interval_log_width"": 1.28733524019076, ""width_status"": ""finite"", ""measured_lower_bound_D_U"": null, ""measured_upper_bound_D_U"": null}",0.0
gemma3-1b,200000,qa:2Wiki-fresh,0.5,delta,student_isotonic,32156.666666666668,near,"[""gemma3-1b-near-r1"", ""gemma3-1b-near-r2"", ""gemma3-1b-near-r3""]","[""gemma3-1b-above-r1"", ""gemma3-1b-above-r2"", ""gemma3-1b-above-r3""]",True,32156.666666666668,158391,158391,False,True,0.7969792054683241,0.004078483245149922,"{""status"": ""crossed"", ""interval"": [8971, 32503]}",gemma3-1b|200000|qa:2Wiki-fresh|0.5,0.0,True,0.0,interval_distance,23532,1.28733524019076,finite,,,"{""log_distance"": 1.5837342668163865, ""inside_interval"": false, ""signed_log_distance"": 1.5837342668163865, ""distance_status"": ""interval_distance"", ""interval_width_tokens"": 23532, ""interval_log_width"": 1.28733524019076, ""width_status"": ""finite"", ""measured_lower_bound_D_U"": null, ""measured_upper_bound_D_U"": null}",-1.5944468690699407
gemma3-1b,200000,qa:2Wiki-probe,0.0,boundary,boundary_loglinear,158391,above,"[""gemma3-1b-above-r1"", ""gemma3-1b-above-r2"", ""gemma3-1b-above-r3""]","[""gemma3-1b-near-r1"", ""gemma3-1b-near-r2"", ""gemma3-1b-near-r3""]",True,158391,32156.666666666668,32156.666666666668,False,False,,0.004078483245149922,"{""status"": ""replicate_ambiguous"", ""interval"": null}",gemma3-1b|200000|qa:2Wiki-probe|0.0,,,,unresolved_interval,,,unresolved,,,"{""log_distance"": null, ""inside_interval"": null, ""signed_log_distance"": null, ""distance_status"": ""unresolved_interval"", ""interval_width_tokens"": null, ""interval_log_width"": null, ""width_status"": ""unresolved"", ""measured_lower_bound_D_U"": null, ""measured_upper_bound_D_U"": null}",1.5944468690699407
gemma3-1b,200000,qa:2Wiki-probe,0.0,boundary,fixed_reuse,32156.666666666668,near,"[""gemma3-1b-near-r1"", ""gemma3-1b-near-r2"", ""gemma3-1b-near-r3""]","[""gemma3-1b-near-r1"", ""gemma3-1b-near-r2"", ""gemma3-1b-near-r3""]",False,32156.666666666668,32156.666666666668,32156.666666666668,False,False,,0.004078483245149922,"{""status"": ""replicate_ambiguous"", ""interval"": null}",gemma3-1b|200000|qa:2Wiki-probe|0.0,,,,unresolved_interval,,,unresolved,,,"{""log_distance"": null, ""inside_interval"": null, ""signed_log_distance"": null, ""distance_status"": ""unresolved_interval"", ""interval_width_tokens"": null, ""interval_log_width"": null, ""width_status"": ""unresolved"", ""measured_lower_bound_D_U"": null, ""measured_upper_bound_D_U"": null}",0.0
gemma3-1b,200000,qa:2Wiki-probe,0.0,boundary,student_isotonic,32156.666666666668,near,"[""gemma3-1b-near-r1"", ""gemma3-1b-near-r2"", ""gemma3-1b-near-r3""]","[""gemma3-1b-near-r1"", ""gemma3-1b-near-r2"", ""gemma3-1b-near-r3""]",False,32156.666666666668,32156.666666666668,32156.666666666668,False,False,,0.004078483245149922,"{""status"": ""replicate_ambiguous"", ""interval"": null}",gemma3-1b|200000|qa:2Wiki-probe|0.0,,,,unresolved_interval,,,unresolved,,,"{""log_distance"": null, ""inside_interval"": null, ""signed_log_distance"": null, ""distance_status"": ""unresolved_interval"", ""interval_width_tokens"": null, ""interval_log_width"": null, ""width_status"": ""unresolved"", ""measured_lower_bound_D_U"": null, ""measured_upper_bound_D_U"": null}",0.0
gemma3-1b,200000,qa:2Wiki-probe,0.0,delta,boundary_loglinear,158391,above,"[""gemma3-1b-above-r1"", ""gemma3-1b-above-r2"", ""gemma3-1b-above-r3""]","[""gemma3-1b-near-r1"", ""gemma3-1b-near-r2"", ""gemma3-1b-near-r3""]",True,158391,32156.666666666668,32156.666666666668,False,False,,0.004078483245149922,"{""status"": ""replicate_ambiguous"", ""interval"": null}",gemma3-1b|200000|qa:2Wiki-probe|0.0,,,,unresolved_interval,,,unresolved,,,"{""log_distance"": null, ""inside_interval"": null, ""signed_log_distance"": null, ""distance_status"": ""unresolved_interval"", ""interval_width_tokens"": null, ""interval_log_width"": null, ""width_status"": ""unresolved"", ""measured_lower_bound_D_U"": null, ""measured_upper_bound_D_U"": null}",1.5944468690699407
gemma3-1b,200000,qa:2Wiki-probe,0.0,delta,fixed_reuse,9049.666666666666,below,"[""gemma3-1b-below-r1"", ""gemma3-1b-below-r2"", ""gemma3-1b-below-r3""]","[""gemma3-1b-near-r1"", ""gemma3-1b-near-r2"", ""gemma3-1b-near-r3""]",False,9049.666666666666,32156.666666666668,32156.666666666668,False,False,,0.004078483245149922,"{""status"": ""replicate_ambiguous"", ""interval"": null}",gemma3-1b|200000|qa:2Wiki-probe|0.0,,,,unresolved_interval,,,unresolved,,,"{""log_distance"": null, ""inside_interval"": null, ""signed_log_distance"": null, ""distance_status"": ""unresolved_interval"", ""interval_width_tokens"": null, ""interval_log_width"": null, ""width_status"": ""unresolved"", ""measured_lower_bound_D_U"": null, ""measured_upper_bound_D_U"": null}",-1.2678918658933709
gemma3-1b,200000,qa:2Wiki-probe,0.0,delta,student_isotonic,32156.666666666668,near,"[""gemma3-1b-near-r1"", ""gemma3-1b-near-r2"", ""gemma3-1b-near-r3""]","[""gemma3-1b-near-r1"", ""gemma3-1b-near-r2"", ""gemma3-1b-near-r3""]",False,32156.666666666668,32156.666666666668,32156.666666666668,False,False,,0.004078483245149922,"{""status"": ""replicate_ambiguous"", ""interval"": null}",gemma3-1b|200000|qa:2Wiki-probe|0.0,,,,unresolved_interval,,,unresolved,,,"{""log_distance"": null, ""inside_interval"": null, ""signed_log_distance"": null, ""distance_status"": ""unresolved_interval"", ""interval_width_tokens"": null, ""interval_log_width"": null, ""width_status"": ""unresolved"", ""measured_lower_bound_D_U"": null, ""measured_upper_bound_D_U"": null}",0.0
gemma3-1b,200000,qa:2Wiki-probe,0.1,boundary,boundary_loglinear,158391,above,"[""gemma3-1b-above-r1"", ""gemma3-1b-above-r2"", ""gemma3-1b-above-r3""]","[""gemma3-1b-above-r1"", ""gemma3-1b-above-r2"", ""gemma3-1b-above-r3""]",True,158391,158391,158391,False,True,0.0,0.004078483245149922,"{""status"": ""replicate_ambiguous"", ""interval"": null}",gemma3-1b|200000|qa:2Wiki-probe|0.1,,,,unresolved_interval,,,unresolved,,,"{""log_distance"": null, ""inside_interval"": null, ""signed_log_distance"": null, ""distance_status"": ""unresolved_interval"", ""interval_width_tokens"": null, ""interval_log_width"": null, ""width_status"": ""unresolved"", ""measured_lower_bound_D_U"": null, ""measured_upper_bound_D_U"": null}",0.0
gemma3-1b,200000,qa:2Wiki-probe,0.1,boundary,fixed_reuse,158391,above,"[""gemma3-1b-above-r1"", ""gemma3-1b-above-r2"", ""gemma3-1b-above-r3""]","[""gemma3-1b-above-r1"", ""gemma3-1b-above-r2"", ""gemma3-1b-above-r3""]",True,158391,158391,158391,False,True,0.0,0.004078483245149922,"{""status"": ""replicate_ambiguous"", ""interval"": null}",gemma3-1b|200000|qa:2Wiki-probe|0.1,,,,unresolved_interval,,,unresolved,,,"{""log_distance"": null, ""inside_interval"": null, ""signed_log_distance"": null, ""distance_status"": ""unresolved_interval"", ""interval_width_tokens"": null, ""interval_log_width"": null, ""width_status"": ""unresolved"", ""measured_lower_bound_D_U"": null, ""measured_upper_bound_D_U"": null}",0.0
gemma3-1b,200000,qa:2Wiki-probe,0.1,boundary,student_isotonic,32156.666666666668,near,"[""gemma3-1b-near-r1"", ""gemma3-1b-near-r2"", ""gemma3-1b-near-r3""]","[""gemma3-1b-above-r1"", ""gemma3-1b-above-r2"", ""gemma3-1b-above-r3""]",False,32156.666666666668,158391,158391,False,True,,0.004078483245149922,"{""status"": ""replicate_ambiguous"", ""interval"": null}",gemma3-1b|200000|qa:2Wiki-probe|0.1,,,,unresolved_interval,,,unresolved,,,"{""log_distance"": null, ""inside_interval"": null, ""signed_log_distance"": null, ""distance_status"": ""unresolved_interval"", ""interval_width_tokens"": null, ""interval_log_width"": null, ""width_status"": ""unresolved"", ""measured_lower_bound_D_U"": null, ""measured_upper_bound_D_U"": null}",-1.5944468690699407
gemma3-1b,200000,qa:2Wiki-probe,0.1,delta,boundary_loglinear,158391,above,"[""gemma3-1b-above-r1"", ""gemma3-1b-above-r2"", ""gemma3-1b-above-r3""]","[""gemma3-1b-near-r1"", ""gemma3-1b-near-r2"", ""gemma3-1b-near-r3""]",True,158391,32156.666666666668,32156.666666666668,False,False,,0.004078483245149922,"{""status"": ""replicate_ambiguous"", ""interval"": null}",gemma3-1b|200000|qa:2Wiki-probe|0.1,,,,unresolved_interval,,,unresolved,,,"{""log_distance"": null, ""inside_interval"": null, ""signed_log_distance"": null, ""distance_status"": ""unresolved_interval"", ""interval_width_tokens"": null, ""interval_log_width"": null, ""width_status"": ""unresolved"", ""measured_lower_bound_D_U"": null, ""measured_upper_bound_D_U"": null}",1.5944468690699407
gemma3-1b,200000,qa:2Wiki-probe,0.1,delta,fixed_reuse,9049.666666666666,below,"[""gemma3-1b-below-r1"", ""gemma3-1b-below-r2"", ""gemma3-1b-below-r3""]","[""gemma3-1b-near-r1"", ""gemma3-1b-near-r2"", ""gemma3-1b-near-r3""]",False,9049.666666666666,32156.666666666668,32156.666666666668,False,False,,0.004078483245149922,"{""status"": ""replicate_ambiguous"", ""interval"": null}",gemma3-1b|200000|qa:2Wiki-probe|0.1,,,,unresolved_interval,,,unresolved,,,"{""log_distance"": null, ""inside_interval"": null, ""signed_log_distance"": null, ""distance_status"": ""unresolved_interval"", ""interval_width_tokens"": null, ""interval_log_width"": null, ""width_status"": ""unresolved"", ""measured_lower_bound_D_U"": null, ""measured_upper_bound_D_U"": null}",-1.2678918658933709
gemma3-1b,200000,qa:2Wiki-probe,0.1,delta,student_isotonic,32156.666666666668,near,"[""gemma3-1b-near-r1"", ""gemma3-1b-near-r2"", ""gemma3-1b-near-r3""]","[""gemma3-1b-near-r1"", ""gemma3-1b-near-r2"", ""gemma3-1b-near-r3""]",False,32156.666666666668,32156.666666666668,32156.666666666668,False,False,,0.004078483245149922,"{""status"": ""replicate_ambiguous"", ""interval"": null}",gemma3-1b|200000|qa:2Wiki-probe|0.1,,,,unresolved_interval,,,unresolved,,,"{""log_distance"": null, ""inside_interval"": null, ""signed_log_distance"": null, ""distance_status"": ""unresolved_interval"", ""interval_width_tokens"": null, ""interval_log_width"": null, ""width_status"": ""unresolved"", ""measured_lower_bound_D_U"": null, ""measured_upper_bound_D_U"": null}",0.0
gemma3-1b,200000,qa:2Wiki-probe,0.25,boundary,boundary_loglinear,32156.666666666668,near,"[""gemma3-1b-near-r1"", ""gemma3-1b-near-r2"", ""gemma3-1b-near-r3""]","[""gemma3-1b-above-r1"", ""gemma3-1b-above-r2"", ""gemma3-1b-above-r3""]",False,32156.666666666668,158391,158391,False,True,,0.004078483245149922,"{""status"": ""replicate_ambiguous"", ""interval"": null}",gemma3-1b|200000|qa:2Wiki-probe|0.25,,,,unresolved_interval,,,unresolved,,,"{""log_distance"": null, ""inside_interval"": null, ""signed_log_distance"": null, ""distance_status"": ""unresolved_interval"", ""interval_width_tokens"": null, ""interval_log_width"": null, ""width_status"": ""unresolved"", ""measured_lower_bound_D_U"": null, ""measured_upper_bound_D_U"": null}",-1.5944468690699407
gemma3-1b,200000,qa:2Wiki-probe,0.25,boundary,fixed_reuse,158391,above,"[""gemma3-1b-above-r1"", ""gemma3-1b-above-r2"", ""gemma3-1b-above-r3""]","[""gemma3-1b-above-r1"", ""gemma3-1b-above-r2"", ""gemma3-1b-above-r3""]",True,158391,158391,158391,False,True,0.0,0.004078483245149922,"{""status"": ""replicate_ambiguous"", ""interval"": null}",gemma3-1b|200000|qa:2Wiki-probe|0.25,,,,unresolved_interval,,,unresolved,,,"{""log_distance"": null, ""inside_interval"": null, ""signed_log_distance"": null, ""distance_status"": ""unresolved_interval"", ""interval_width_tokens"": null, ""interval_log_width"": null, ""width_status"": ""unresolved"", ""measured_lower_bound_D_U"": null, ""measured_upper_bound_D_U"": null}",0.0
gemma3-1b,200000,qa:2Wiki-probe,0.25,boundary,student_isotonic,32156.666666666668,near,"[""gemma3-1b-near-r1"", ""gemma3-1b-near-r2"", ""gemma3-1b-near-r3""]","[""gemma3-1b-above-r1"", ""gemma3-1b-above-r2"", ""gemma3-1b-above-r3""]",False,32156.666666666668,158391,158391,False,True,,0.004078483245149922,"{""status"": ""replicate_ambiguous"", ""interval"": null}",gemma3-1b|200000|qa:2Wiki-probe|0.25,,,,unresolved_interval,,,unresolved,,,"{""log_distance"": null, ""inside_interval"": null, ""signed_log_distance"": null, ""distance_status"": ""unresolved_interval"", ""interval_width_tokens"": null, ""interval_log_width"": null, ""width_status"": ""unresolved"", ""measured_lower_bound_D_U"": null, ""measured_upper_bound_D_U"": null}",-1.5944468690699407
gemma3-1b,200000,qa:2Wiki-probe,0.25,delta,boundary_loglinear,32156.666666666668,near,"[""gemma3-1b-near-r1"", ""gemma3-1b-near-r2"", ""gemma3-1b-near-r3""]","[""gemma3-1b-near-r1"", ""gemma3-1b-near-r2"", ""gemma3-1b-near-r3""]",False,32156.666666666668,32156.666666666668,32156.666666666668,False,False,,0.004078483245149922,"{""status"": ""replicate_ambiguous"", ""interval"": null}",gemma3-1b|200000|qa:2Wiki-probe|0.25,,,,unresolved_interval,,,unresolved,,,"{""log_distance"": null, ""inside_interval"": null, ""signed_log_distance"": null, ""distance_status"": ""unresolved_interval"", ""interval_width_tokens"": null, ""interval_log_width"": null, ""width_status"": ""unresolved"", ""measured_lower_bound_D_U"": null, ""measured_upper_bound_D_U"": null}",0.0
gemma3-1b,200000,qa:2Wiki-probe,0.25,delta,fixed_reuse,9049.666666666666,below,"[""gemma3-1b-below-r1"", ""gemma3-1b-below-r2"", ""gemma3-1b-below-r3""]","[""gemma3-1b-near-r1"", ""gemma3-1b-near-r2"", ""gemma3-1b-near-r3""]",False,9049.666666666666,32156.666666666668,32156.666666666668,False,False,,0.004078483245149922,"{""status"": ""replicate_ambiguous"", ""interval"": null}",gemma3-1b|200000|qa:2Wiki-probe|0.25,,,,unresolved_interval,,,unresolved,,,"{""log_distance"": null, ""inside_interval"": null, ""signed_log_distance"": null, ""distance_status"": ""unresolved_interval"", ""interval_width_tokens"": null, ""interval_log_width"": null, ""width_status"": ""unresolved"", ""measured_lower_bound_D_U"": null, ""measured_upper_bound_D_U"": null}",-1.2678918658933709
gemma3-1b,200000,qa:2Wiki-probe,0.25,delta,student_isotonic,32156.666666666668,near,"[""gemma3-1b-near-r1"", ""gemma3-1b-near-r2"", ""gemma3-1b-near-r3""]","[""gemma3-1b-near-r1"", ""gemma3-1b-near-r2"", ""gemma3-1b-near-r3""]",False,32156.666666666668,32156.666666666668,32156.666666666668,False,False,,0.004078483245149922,"{""status"": ""replicate_ambiguous"", ""interval"": null}",gemma3-1b|200000|qa:2Wiki-probe|0.25,,,,unresolved_interval,,,unresolved,,,"{""log_distance"": null, ""inside_interval"": null, ""signed_log_distance"": null, ""distance_status"": ""unresolved_interval"", ""interval_width_tokens"": null, ""interval_log_width"": null, ""width_status"": ""unresolved"", ""measured_lower_bound_D_U"": null, ""measured_upper_bound_D_U"": null}",0.0
gemma3-1b,200000,qa:2Wiki-probe,0.5,boundary,boundary_loglinear,32156.666666666668,near,"[""gemma3-1b-near-r1"", ""gemma3-1b-near-r2"", ""gemma3-1b-near-r3""]","[""gemma3-1b-above-r1"", ""gemma3-1b-above-r2"", ""gemma3-1b-above-r3""]",True,32156.666666666668,158391,158391,False,True,0.7969792054683241,0.004078483245149922,"{""status"": ""crossed"", ""interval"": [8971, 32503]}",gemma3-1b|200000|qa:2Wiki-probe|0.5,0.0,True,0.0,interval_distance,23532,1.28733524019076,finite,,,"{""log_distance"": 1.5837342668163865, ""inside_interval"": false, ""signed_log_distance"": 1.5837342668163865, ""distance_status"": ""interval_distance"", ""interval_width_tokens"": 23532, ""interval_log_width"": 1.28733524019076, ""width_status"": ""finite"", ""measured_lower_bound_D_U"": null, ""measured_upper_bound_D_U"": null}",-1.5944468690699407
gemma3-1b,200000,qa:2Wiki-probe,0.5,boundary,fixed_reuse,158391,above,"[""gemma3-1b-above-r1"", ""gemma3-1b-above-r2"", ""gemma3-1b-above-r3""]","[""gemma3-1b-above-r1"", ""gemma3-1b-above-r2"", ""gemma3-1b-above-r3""]",True,158391,158391,158391,False,True,0.0,0.004078483245149922,"{""status"": ""crossed"", ""interval"": [8971, 32503]}",gemma3-1b|200000|qa:2Wiki-probe|0.5,1.5837342668163865,False,1.5837342668163865,interval_distance,23532,1.28733524019076,finite,,,"{""log_distance"": 1.5837342668163865, ""inside_interval"": false, ""signed_log_distance"": 1.5837342668163865, ""distance_status"": ""interval_distance"", ""interval_width_tokens"": 23532, ""interval_log_width"": 1.28733524019076, ""width_status"": ""finite"", ""measured_lower_bound_D_U"": null, ""measured_upper_bound_D_U"": null}",0.0
gemma3-1b,200000,qa:2Wiki-probe,0.5,boundary,student_isotonic,32156.666666666668,near,"[""gemma3-1b-near-r1"", ""gemma3-1b-near-r2"", ""gemma3-1b-near-r3""]","[""gemma3-1b-above-r1"", ""gemma3-1b-above-r2"", ""gemma3-1b-above-r3""]",True,32156.666666666668,158391,158391,False,True,0.7969792054683241,0.004078483245149922,"{""status"": ""crossed"", ""interval"": [8971, 32503]}",gemma3-1b|200000|qa:2Wiki-probe|0.5,0.0,True,0.0,interval_distance,23532,1.28733524019076,finite,,,"{""log_distance"": 1.5837342668163865, ""inside_interval"": false, ""signed_log_distance"": 1.5837342668163865, ""distance_status"": ""interval_distance"", ""interval_width_tokens"": 23532, ""interval_log_width"": 1.28733524019076, ""width_status"": ""finite"", ""measured_lower_bound_D_U"": null, ""measured_upper_bound_D_U"": null}",-1.5944468690699407
gemma3-1b,200000,qa:2Wiki-probe,0.5,delta,boundary_loglinear,32156.666666666668,near,"[""gemma3-1b-near-r1"", ""gemma3-1b-near-r2"", ""gemma3-1b-near-r3""]","[""gemma3-1b-near-r1"", ""gemma3-1b-near-r2"", ""gemma3-1b-near-r3""]",True,32156.666666666668,32156.666666666668,32156.666666666668,False,True,0.0,0.004078483245149922,"{""status"": ""crossed"", ""interval"": [8971, 32503]}",gemma3-1b|200000|qa:2Wiki-probe|0.5,0.0,True,0.0,interval_distance,23532,1.28733524019076,finite,,,"{""log_distance"": 0.0, ""inside_interval"": true, ""signed_log_distance"": 0.0, ""distance_status"": ""interval_distance"", ""interval_width_tokens"": 23532, ""interval_log_width"": 1.28733524019076, ""width_status"": ""finite"", ""measured_lower_bound_D_U"": null, ""measured_upper_bound_D_U"": null}",0.0
gemma3-1b,200000,qa:2Wiki-probe,0.5,delta,fixed_reuse,9049.666666666666,below,"[""gemma3-1b-below-r1"", ""gemma3-1b-below-r2"", ""gemma3-1b-below-r3""]","[""gemma3-1b-near-r1"", ""gemma3-1b-near-r2"", ""gemma3-1b-near-r3""]",False,9049.666666666666,32156.666666666668,32156.666666666668,False,True,,0.004078483245149922,"{""status"": ""crossed"", ""interval"": [8971, 32503]}",gemma3-1b|200000|qa:2Wiki-probe|0.5,0.0,True,0.0,interval_distance,23532,1.28733524019076,finite,,,"{""log_distance"": 0.0, ""inside_interval"": true, ""signed_log_distance"": 0.0, ""distance_status"": ""interval_distance"", ""interval_width_tokens"": 23532, ""interval_log_width"": 1.28733524019076, ""width_status"": ""finite"", ""measured_lower_bound_D_U"": null, ""measured_upper_bound_D_U"": null}",-1.2678918658933709
gemma3-1b,200000,qa:2Wiki-probe,0.5,delta,student_isotonic,32156.666666666668,near,"[""gemma3-1b-near-r1"", ""gemma3-1b-near-r2"", ""gemma3-1b-near-r3""]","[""gemma3-1b-near-r1"", ""gemma3-1b-near-r2"", ""gemma3-1b-near-r3""]",True,32156.666666666668,32156.666666666668,32156.666666666668,False,True,0.0,0.004078483245149922,"{""status"": ""crossed"", ""interval"": [8971, 32503]}",gemma3-1b|200000|qa:2Wiki-probe|0.5,0.0,True,0.0,interval_distance,23532,1.28733524019076,finite,,,"{""log_distance"": 0.0, ""inside_interval"": true, ""signed_log_distance"": 0.0, ""distance_status"": ""interval_distance"", ""interval_width_tokens"": 23532, ""interval_log_width"": 1.28733524019076, ""width_status"": ""finite"", ""measured_lower_bound_D_U"": null, ""measured_upper_bound_D_U"": null}",0.0
gemma3-1b,200000,qa:MuSiQue,0.0,boundary,boundary_loglinear,158391,above,"[""gemma3-1b-above-r1"", ""gemma3-1b-above-r2"", ""gemma3-1b-above-r3""]","[""gemma3-1b-above-r1"", ""gemma3-1b-above-r2"", ""gemma3-1b-above-r3""]",False,158391,158391,158391,True,False,,0.004078483245149922,"{""status"": ""lower_bound"", ""interval"": [158391, null]}",gemma3-1b|200000|qa:MuSiQue|0.0,0.0,True,0.0,censored_distance_lower_bound,,,unbounded_log_interval,158391,,"{""log_distance"": 0.0, ""inside_interval"": true, ""signed_log_distance"": 0.0, ""distance_status"": ""censored_distance_lower_bound"", ""interval_width_tokens"": null, ""interval_log_width"": null, ""width_status"": ""unbounded_log_interval"", ""measured_lower_bound_D_U"": 158391, ""measured_upper_bound_D_U"": null}",0.0
gemma3-1b,200000,qa:MuSiQue,0.0,boundary,fixed_reuse,158391,above,"[""gemma3-1b-above-r1"", ""gemma3-1b-above-r2"", ""gemma3-1b-above-r3""]","[""gemma3-1b-above-r1"", ""gemma3-1b-above-r2"", ""gemma3-1b-above-r3""]",False,158391,158391,158391,True,False,,0.004078483245149922,"{""status"": ""lower_bound"", ""interval"": [158391, null]}",gemma3-1b|200000|qa:MuSiQue|0.0,0.0,True,0.0,censored_distance_lower_bound,,,unbounded_log_interval,158391,,"{""log_distance"": 0.0, ""inside_interval"": true, ""signed_log_distance"": 0.0, ""distance_status"": ""censored_distance_lower_bound"", ""interval_width_tokens"": null, ""interval_log_width"": null, ""width_status"": ""unbounded_log_interval"", ""measured_lower_bound_D_U"": 158391, ""measured_upper_bound_D_U"": null}",0.0
gemma3-1b,200000,qa:MuSiQue,0.0,boundary,student_isotonic,,,[],"[""gemma3-1b-above-r1"", ""gemma3-1b-above-r2"", ""gemma3-1b-above-r3""]",,,158391,158391,True,False,,0.004078483245149922,"{""status"": ""lower_bound"", ""interval"": [158391, null]}",gemma3-1b|200000|qa:MuSiQue|0.0,,,,no_recommendation,,,unbounded_log_interval,158391,,"{""log_distance"": 0.0, ""inside_interval"": true, ""signed_log_distance"": 0.0, ""distance_status"": ""censored_distance_lower_bound"", ""interval_width_tokens"": null, ""interval_log_width"": null, ""width_status"": ""unbounded_log_interval"", ""measured_lower_bound_D_U"": 158391, ""measured_upper_bound_D_U"": null}",
gemma3-1b,200000,qa:MuSiQue,0.0,delta,boundary_loglinear,,,[],"[""gemma3-1b-above-r1"", ""gemma3-1b-above-r2"", ""gemma3-1b-above-r3""]",,,158391,158391,True,False,,0.004078483245149922,"{""status"": ""lower_bound"", ""interval"": [158391, null]}",gemma3-1b|200000|qa:MuSiQue|0.0,,,,no_recommendation,,,unbounded_log_interval,158391,,"{""log_distance"": 0.0, ""inside_interval"": true, ""signed_log_distance"": 0.0, ""distance_status"": ""censored_distance_lower_bound"", ""interval_width_tokens"": null, ""interval_log_width"": null, ""width_status"": ""unbounded_log_interval"", ""measured_lower_bound_D_U"": 158391, ""measured_upper_bound_D_U"": null}",
gemma3-1b,200000,qa:MuSiQue,0.0,delta,fixed_reuse,,,[],"[""gemma3-1b-above-r1"", ""gemma3-1b-above-r2"", ""gemma3-1b-above-r3""]",,,158391,158391,True,False,,0.004078483245149922,"{""status"": ""lower_bound"", ""interval"": [158391, null]}",gemma3-1b|200000|qa:MuSiQue|0.0,,,,no_recommendation,,,unbounded_log_interval,158391,,"{""log_distance"": 0.0, ""inside_interval"": true, ""signed_log_distance"": 0.0, ""distance_status"": ""censored_distance_lower_bound"", ""interval_width_tokens"": null, ""interval_log_width"": null, ""width_status"": ""unbounded_log_interval"", ""measured_lower_bound_D_U"": 158391, ""measured_upper_bound_D_U"": null}",
gemma3-1b,200000,qa:MuSiQue,0.0,delta,student_isotonic,,,[],"[""gemma3-1b-above-r1"", ""gemma3-1b-above-r2"", ""gemma3-1b-above-r3""]",,,158391,158391,True,False,,0.004078483245149922,"{""status"": ""lower_bound"", ""interval"": [158391, null]}",gemma3-1b|200000|qa:MuSiQue|0.0,,,,no_recommendation,,,unbounded_log_interval,158391,,"{""log_distance"": 0.0, ""inside_interval"": true, ""signed_log_distance"": 0.0, ""distance_status"": ""censored_distance_lower_bound"", ""interval_width_tokens"": null, ""interval_log_width"": null, ""width_status"": ""unbounded_log_interval"", ""measured_lower_bound_D_U"": 158391, ""measured_upper_bound_D_U"": null}",
gemma3-1b,200000,qa:MuSiQue,0.1,boundary,boundary_loglinear,158391,above,"[""gemma3-1b-above-r1"", ""gemma3-1b-above-r2"", ""gemma3-1b-above-r3""]","[""gemma3-1b-above-r1"", ""gemma3-1b-above-r2"", ""gemma3-1b-above-r3""]",False,158391,158391,158391,True,False,,0.004078483245149922,"{""status"": ""lower_bound"", ""interval"": [158391, null]}",gemma3-1b|200000|qa:MuSiQue|0.1,0.0,True,0.0,censored_distance_lower_bound,,,unbounded_log_interval,158391,,"{""log_distance"": 0.0, ""inside_interval"": true, ""signed_log_distance"": 0.0, ""distance_status"": ""censored_distance_lower_bound"", ""interval_width_tokens"": null, ""interval_log_width"": null, ""width_status"": ""unbounded_log_interval"", ""measured_lower_bound_D_U"": 158391, ""measured_upper_bound_D_U"": null}",0.0
gemma3-1b,200000,qa:MuSiQue,0.1,boundary,fixed_reuse,158391,above,"[""gemma3-1b-above-r1"", ""gemma3-1b-above-r2"", ""gemma3-1b-above-r3""]","[""gemma3-1b-above-r1"", ""gemma3-1b-above-r2"", ""gemma3-1b-above-r3""]",False,158391,158391,158391,True,False,,0.004078483245149922,"{""status"": ""lower_bound"", ""interval"": [158391, null]}",gemma3-1b|200000|qa:MuSiQue|0.1,0.0,True,0.0,censored_distance_lower_bound,,,unbounded_log_interval,158391,,"{""log_distance"": 0.0, ""inside_interval"": true, ""signed_log_distance"": 0.0, ""distance_status"": ""censored_distance_lower_bound"", ""interval_width_tokens"": null, ""interval_log_width"": null, ""width_status"": ""unbounded_log_interval"", ""measured_lower_bound_D_U"": 158391, ""measured_upper_bound_D_U"": null}",0.0
gemma3-1b,200000,qa:MuSiQue,0.1,boundary,student_isotonic,,,[],"[""gemma3-1b-above-r1"", ""gemma3-1b-above-r2"", ""gemma3-1b-above-r3""]",,,158391,158391,True,False,,0.004078483245149922,"{""status"": ""lower_bound"", ""interval"": [158391, null]}",gemma3-1b|200000|qa:MuSiQue|0.1,,,,no_recommendation,,,unbounded_log_interval,158391,,"{""log_distance"": 0.0, ""inside_interval"": true, ""signed_log_distance"": 0.0, ""distance_status"": ""censored_distance_lower_bound"", ""interval_width_tokens"": null, ""interval_log_width"": null, ""width_status"": ""unbounded_log_interval"", ""measured_lower_bound_D_U"": 158391, ""measured_upper_bound_D_U"": null}",
gemma3-1b,200000,qa:MuSiQue,0.1,delta,boundary_loglinear,158391,above,"[""gemma3-1b-above-r1"", ""gemma3-1b-above-r2"", ""gemma3-1b-above-r3""]","[""gemma3-1b-above-r1"", ""gemma3-1b-above-r2"", ""gemma3-1b-above-r3""]",False,158391,158391,158391,True,False,,0.004078483245149922,"{""status"": ""lower_bound"", ""interval"": [158391, null]}",gemma3-1b|200000|qa:MuSiQue|0.1,0.0,True,0.0,censored_distance_lower_bound,,,unbounded_log_interval,158391,,"{""log_distance"": 0.0, ""inside_interval"": true, ""signed_log_distance"": 0.0, ""distance_status"": ""censored_distance_lower_bound"", ""interval_width_tokens"": null, ""interval_log_width"": null, ""width_status"": ""unbounded_log_interval"", ""measured_lower_bound_D_U"": 158391, ""measured_upper_bound_D_U"": null}",0.0
gemma3-1b,200000,qa:MuSiQue,0.1,delta,fixed_reuse,,,[],"[""gemma3-1b-above-r1"", ""gemma3-1b-above-r2"", ""gemma3-1b-above-r3""]",,,158391,158391,True,False,,0.004078483245149922,"{""status"": ""lower_bound"", ""interval"": [158391, null]}",gemma3-1b|200000|qa:MuSiQue|0.1,,,,no_recommendation,,,unbounded_log_interval,158391,,"{""log_distance"": 0.0, ""inside_interval"": true, ""signed_log_distance"": 0.0, ""distance_status"": ""censored_distance_lower_bound"", ""interval_width_tokens"": null, ""interval_log_width"": null, ""width_status"": ""unbounded_log_interval"", ""measured_lower_bound_D_U"": 158391, ""measured_upper_bound_D_U"": null}",
gemma3-1b,200000,qa:MuSiQue,0.1,delta,student_isotonic,,,[],"[""gemma3-1b-above-r1"", ""gemma3-1b-above-r2"", ""gemma3-1b-above-r3""]",,,158391,158391,True,False,,0.004078483245149922,"{""status"": ""lower_bound"", ""interval"": [158391, null]}",gemma3-1b|200000|qa:MuSiQue|0.1,,,,no_recommendation,,,unbounded_log_interval,158391,,"{""log_distance"": 0.0, ""inside_interval"": true, ""signed_log_distance"": 0.0, ""distance_status"": ""censored_distance_lower_bound"", ""interval_width_tokens"": null, ""interval_log_width"": null, ""width_status"": ""unbounded_log_interval"", ""measured_lower_bound_D_U"": 158391, ""measured_upper_bound_D_U"": null}",
gemma3-1b,200000,qa:MuSiQue,0.25,boundary,boundary_loglinear,,,[],"[""gemma3-1b-above-r1"", ""gemma3-1b-above-r2"", ""gemma3-1b-above-r3""]",,,158391,158391,True,False,,0.004078483245149922,"{""status"": ""replicate_ambiguous"", ""interval"": null}",gemma3-1b|200000|qa:MuSiQue|0.25,,,,unresolved_interval,,,unresolved,,,"{""log_distance"": null, ""inside_interval"": null, ""signed_log_distance"": null, ""distance_status"": ""unresolved_interval"", ""interval_width_tokens"": null, ""interval_log_width"": null, ""width_status"": ""unresolved"", ""measured_lower_bound_D_U"": null, ""measured_upper_bound_D_U"": null}",
gemma3-1b,200000,qa:MuSiQue,0.25,boundary,fixed_reuse,158391,above,"[""gemma3-1b-above-r1"", ""gemma3-1b-above-r2"", ""gemma3-1b-above-r3""]","[""gemma3-1b-above-r1"", ""gemma3-1b-above-r2"", ""gemma3-1b-above-r3""]",False,158391,158391,158391,True,False,,0.004078483245149922,"{""status"": ""replicate_ambiguous"", ""interval"": null}",gemma3-1b|200000|qa:MuSiQue|0.25,,,,unresolved_interval,,,unresolved,,,"{""log_distance"": null, ""inside_interval"": null, ""signed_log_distance"": null, ""distance_status"": ""unresolved_interval"", ""interval_width_tokens"": null, ""interval_log_width"": null, ""width_status"": ""unresolved"", ""measured_lower_bound_D_U"": null, ""measured_upper_bound_D_U"": null}",0.0
gemma3-1b,200000,qa:MuSiQue,0.25,boundary,student_isotonic,,,[],"[""gemma3-1b-above-r1"", ""gemma3-1b-above-r2"", ""gemma3-1b-above-r3""]",,,158391,158391,True,False,,0.004078483245149922,"{""status"": ""replicate_ambiguous"", ""interval"": null}",gemma3-1b|200000|qa:MuSiQue|0.25,,,,unresolved_interval,,,unresolved,,,"{""log_distance"": null, ""inside_interval"": null, ""signed_log_distance"": null, ""distance_status"": ""unresolved_interval"", ""interval_width_tokens"": null, ""interval_log_width"": null, ""width_status"": ""unresolved"", ""measured_lower_bound_D_U"": null, ""measured_upper_bound_D_U"": null}",
gemma3-1b,200000,qa:MuSiQue,0.25,delta,boundary_loglinear,158391,above,"[""gemma3-1b-above-r1"", ""gemma3-1b-above-r2"", ""gemma3-1b-above-r3""]","[""gemma3-1b-above-r1"", ""gemma3-1b-above-r2"", ""gemma3-1b-above-r3""]",False,158391,158391,158391,True,False,,0.004078483245149922,"{""status"": ""replicate_ambiguous"", ""interval"": null}",gemma3-1b|200000|qa:MuSiQue|0.25,,,,unresolved_interval,,,unresolved,,,"{""log_distance"": null, ""inside_interval"": null, ""signed_log_distance"": null, ""distance_status"": ""unresolved_interval"", ""interval_width_tokens"": null, ""interval_log_width"": null, ""width_status"": ""unresolved"", ""measured_lower_bound_D_U"": null, ""measured_upper_bound_D_U"": null}",0.0
gemma3-1b,200000,qa:MuSiQue,0.25,delta,fixed_reuse,,,[],"[""gemma3-1b-above-r1"", ""gemma3-1b-above-r2"", ""gemma3-1b-above-r3""]",,,158391,158391,True,False,,0.004078483245149922,"{""status"": ""replicate_ambiguous"", ""interval"": null}",gemma3-1b|200000|qa:MuSiQue|0.25,,,,unresolved_interval,,,unresolved,,,"{""log_distance"": null, ""inside_interval"": null, ""signed_log_distance"": null, ""distance_status"": ""unresolved_interval"", ""interval_width_tokens"": null, ""interval_log_width"": null, ""width_status"": ""unresolved"", ""measured_lower_bound_D_U"": null, ""measured_upper_bound_D_U"": null}",
gemma3-1b,200000,qa:MuSiQue,0.25,delta,student_isotonic,,,[],"[""gemma3-1b-above-r1"", ""gemma3-1b-above-r2"", ""gemma3-1b-above-r3""]",,,158391,158391,True,False,,0.004078483245149922,"{""status"": ""replicate_ambiguous"", ""interval"": null}",gemma3-1b|200000|qa:MuSiQue|0.25,,,,unresolved_interval,,,unresolved,,,"{""log_distance"": null, ""inside_interval"": null, ""signed_log_distance"": null, ""distance_status"": ""unresolved_interval"", ""interval_width_tokens"": null, ""interval_log_width"": null, ""width_status"": ""unresolved"", ""measured_lower_bound_D_U"": null, ""measured_upper_bound_D_U"": null}",
gemma3-1b,200000,qa:MuSiQue,0.5,boundary,boundary_loglinear,158391,above,"[""gemma3-1b-above-r1"", ""gemma3-1b-above-r2"", ""gemma3-1b-above-r3""]","[""gemma3-1b-above-r1"", ""gemma3-1b-above-r2"", ""gemma3-1b-above-r3""]",True,158391,158391,158391,False,True,0.0,0.004078483245149922,"{""status"": ""crossed"", ""interval"": [31947, 158391]}",gemma3-1b|200000|qa:MuSiQue|0.5,0.0,True,0.0,interval_distance,126444,1.6009883798829367,finite,,,"{""log_distance"": 0.0, ""inside_interval"": true, ""signed_log_distance"": 0.0, ""distance_status"": ""interval_distance"", ""interval_width_tokens"": 126444, ""interval_log_width"": 1.6009883798829367, ""width_status"": ""finite"", ""measured_lower_bound_D_U"": null, ""measured_upper_bound_D_U"": null}",0.0
gemma3-1b,200000,qa:MuSiQue,0.5,boundary,fixed_reuse,158391,above,"[""gemma3-1b-above-r1"", ""gemma3-1b-above-r2"", ""gemma3-1b-above-r3""]","[""gemma3-1b-above-r1"", ""gemma3-1b-above-r2"", ""gemma3-1b-above-r3""]",True,158391,158391,158391,False,True,0.0,0.004078483245149922,"{""status"": ""crossed"", ""interval"": [31947, 158391]}",gemma3-1b|200000|qa:MuSiQue|0.5,0.0,True,0.0,interval_distance,126444,1.6009883798829367,finite,,,"{""log_distance"": 0.0, ""inside_interval"": true, ""signed_log_distance"": 0.0, ""distance_status"": ""interval_distance"", ""interval_width_tokens"": 126444, ""interval_log_width"": 1.6009883798829367, ""width_status"": ""finite"", ""measured_lower_bound_D_U"": null, ""measured_upper_bound_D_U"": null}",0.0
gemma3-1b,200000,qa:MuSiQue,0.5,boundary,student_isotonic,158391,above,"[""gemma3-1b-above-r1"", ""gemma3-1b-above-r2"", ""gemma3-1b-above-r3""]","[""gemma3-1b-above-r1"", ""gemma3-1b-above-r2"", ""gemma3-1b-above-r3""]",True,158391,158391,158391,False,True,0.0,0.004078483245149922,"{""status"": ""crossed"", ""interval"": [31947, 158391]}",gemma3-1b|200000|qa:MuSiQue|0.5,0.0,True,0.0,interval_distance,126444,1.6009883798829367,finite,,,"{""log_distance"": 0.0, ""inside_interval"": true, ""signed_log_distance"": 0.0, ""distance_status"": ""interval_distance"", ""interval_width_tokens"": 126444, ""interval_log_width"": 1.6009883798829367, ""width_status"": ""finite"", ""measured_lower_bound_D_U"": null, ""measured_upper_bound_D_U"": null}",0.0
gemma3-1b,200000,qa:MuSiQue,0.5,delta,boundary_loglinear,158391,above,"[""gemma3-1b-above-r1"", ""gemma3-1b-above-r2"", ""gemma3-1b-above-r3""]","[""gemma3-1b-above-r1"", ""gemma3-1b-above-r2"", ""gemma3-1b-above-r3""]",True,158391,158391,158391,False,True,0.0,0.004078483245149922,"{""status"": ""crossed"", ""interval"": [31947, 158391]}",gemma3-1b|200000|qa:MuSiQue|0.5,0.0,True,0.0,interval_distance,126444,1.6009883798829367,finite,,,"{""log_distance"": 0.0, ""inside_interval"": true, ""signed_log_distance"": 0.0, ""distance_status"": ""interval_distance"", ""interval_width_tokens"": 126444, ""interval_log_width"": 1.6009883798829367, ""width_status"": ""finite"", ""measured_lower_bound_D_U"": null, ""measured_upper_bound_D_U"": null}",0.0
gemma3-1b,200000,qa:MuSiQue,0.5,delta,fixed_reuse,158391,above,"[""gemma3-1b-above-r1"", ""gemma3-1b-above-r2"", ""gemma3-1b-above-r3""]","[""gemma3-1b-above-r1"", ""gemma3-1b-above-r2"", ""gemma3-1b-above-r3""]",True,158391,158391,158391,False,True,0.0,0.004078483245149922,"{""status"": ""crossed"", ""interval"": [31947, 158391]}",gemma3-1b|200000|qa:MuSiQue|0.5,0.0,True,0.0,interval_distance,126444,1.6009883798829367,finite,,,"{""log_distance"": 0.0, ""inside_interval"": true, ""signed_log_distance"": 0.0, ""distance_status"": ""interval_distance"", ""interval_width_tokens"": 126444, ""interval_log_width"": 1.6009883798829367, ""width_status"": ""finite"", ""measured_lower_bound_D_U"": null, ""measured_upper_bound_D_U"": null}",0.0
gemma3-1b,200000,qa:MuSiQue,0.5,delta,student_isotonic,158391,above,"[""gemma3-1b-above-r1"", ""gemma3-1b-above-r2"", ""gemma3-1b-above-r3""]","[""gemma3-1b-above-r1"", ""gemma3-1b-above-r2"", ""gemma3-1b-above-r3""]",True,158391,158391,158391,False,True,0.0,0.004078483245149922,"{""status"": ""crossed"", ""interval"": [31947, 158391]}",gemma3-1b|200000|qa:MuSiQue|0.5,0.0,True,0.0,interval_distance,126444,1.6009883798829367,finite,,,"{""log_distance"": 0.0, ""inside_interval"": true, ""signed_log_distance"": 0.0, ""distance_status"": ""interval_distance"", ""interval_width_tokens"": 126444, ""interval_log_width"": 1.6009883798829367, ""width_status"": ""finite"", ""measured_lower_bound_D_U"": null, ""measured_upper_bound_D_U"": null}",0.0
gemma3-1b,200000,qa:TriviaQA,0.0,boundary,boundary_loglinear,,,[],"[""gemma3-1b-above-r1"", ""gemma3-1b-above-r2"", ""gemma3-1b-above-r3""]",,,158391,158391,True,False,,0.004078483245149922,"{""status"": ""lower_bound"", ""interval"": [158391, null]}",gemma3-1b|200000|qa:TriviaQA|0.0,,,,no_recommendation,,,unbounded_log_interval,158391,,"{""log_distance"": 0.0, ""inside_interval"": true, ""signed_log_distance"": 0.0, ""distance_status"": ""censored_distance_lower_bound"", ""interval_width_tokens"": null, ""interval_log_width"": null, ""width_status"": ""unbounded_log_interval"", ""measured_lower_bound_D_U"": 158391, ""measured_upper_bound_D_U"": null}",
gemma3-1b,200000,qa:TriviaQA,0.0,boundary,fixed_reuse,,,[],"[""gemma3-1b-above-r1"", ""gemma3-1b-above-r2"", ""gemma3-1b-above-r3""]",,,158391,158391,True,False,,0.004078483245149922,"{""status"": ""lower_bound"", ""interval"": [158391, null]}",gemma3-1b|200000|qa:TriviaQA|0.0,,,,no_recommendation,,,unbounded_log_interval,158391,,"{""log_distance"": 0.0, ""inside_interval"": true, ""signed_log_distance"": 0.0, ""distance_status"": ""censored_distance_lower_bound"", ""interval_width_tokens"": null, ""interval_log_width"": null, ""width_status"": ""unbounded_log_interval"", ""measured_lower_bound_D_U"": 158391, ""measured_upper_bound_D_U"": null}",
gemma3-1b,200000,qa:TriviaQA,0.0,boundary,student_isotonic,,,[],"[""gemma3-1b-above-r1"", ""gemma3-1b-above-r2"", ""gemma3-1b-above-r3""]",,,158391,158391,True,False,,0.004078483245149922,"{""status"": ""lower_bound"", ""interval"": [158391, null]}",gemma3-1b|200000|qa:TriviaQA|0.0,,,,no_recommendation,,,unbounded_log_interval,158391,,"{""log_distance"": 0.0, ""inside_interval"": true, ""signed_log_distance"": 0.0, ""distance_status"": ""censored_distance_lower_bound"", ""interval_width_tokens"": null, ""interval_log_width"": null, ""width_status"": ""unbounded_log_interval"", ""measured_lower_bound_D_U"": 158391, ""measured_upper_bound_D_U"": null}",
gemma3-1b,200000,qa:TriviaQA,0.0,delta,boundary_loglinear,,,[],"[""gemma3-1b-above-r1"", ""gemma3-1b-above-r2"", ""gemma3-1b-above-r3""]",,,158391,158391,True,False,,0.004078483245149922,"{""status"": ""lower_bound"", ""interval"": [158391, null]}",gemma3-1b|200000|qa:TriviaQA|0.0,,,,no_recommendation,,,unbounded_log_interval,158391,,"{""log_distance"": 0.0, ""inside_interval"": true, ""signed_log_distance"": 0.0, ""distance_status"": ""censored_distance_lower_bound"", ""interval_width_tokens"": null, ""interval_log_width"": null, ""width_status"": ""unbounded_log_interval"", ""measured_lower_bound_D_U"": 158391, ""measured_upper_bound_D_U"": null}",
gemma3-1b,200000,qa:TriviaQA,0.0,delta,fixed_reuse,,,[],"[""gemma3-1b-above-r1"", ""gemma3-1b-above-r2"", ""gemma3-1b-above-r3""]",,,158391,158391,True,False,,0.004078483245149922,"{""status"": ""lower_bound"", ""interval"": [158391, null]}",gemma3-1b|200000|qa:TriviaQA|0.0,,,,no_recommendation,,,unbounded_log_interval,158391,,"{""log_distance"": 0.0, ""inside_interval"": true, ""signed_log_distance"": 0.0, ""distance_status"": ""censored_distance_lower_bound"", ""interval_width_tokens"": null, ""interval_log_width"": null, ""width_status"": ""unbounded_log_interval"", ""measured_lower_bound_D_U"": 158391, ""measured_upper_bound_D_U"": null}",
gemma3-1b,200000,qa:TriviaQA,0.0,delta,student_isotonic,,,[],"[""gemma3-1b-above-r1"", ""gemma3-1b-above-r2"", ""gemma3-1b-above-r3""]",,,158391,158391,True,False,,0.004078483245149922,"{""status"": ""lower_bound"", ""interval"": [158391, null]}",gemma3-1b|200000|qa:TriviaQA|0.0,,,,no_recommendation,,,unbounded_log_interval,158391,,"{""log_distance"": 0.0, ""inside_interval"": true, ""signed_log_distance"": 0.0, ""distance_status"": ""censored_distance_lower_bound"", ""interval_width_tokens"": null, ""interval_log_width"": null, ""width_status"": ""unbounded_log_interval"", ""measured_lower_bound_D_U"": 158391, ""measured_upper_bound_D_U"": null}",
gemma3-1b,200000,qa:TriviaQA,0.1,boundary,boundary_loglinear,,,[],"[""gemma3-1b-above-r1"", ""gemma3-1b-above-r2"", ""gemma3-1b-above-r3""]",,,158391,158391,True,False,,0.004078483245149922,"{""status"": ""lower_bound"", ""interval"": [158391, null]}",gemma3-1b|200000|qa:TriviaQA|0.1,,,,no_recommendation,,,unbounded_log_interval,158391,,"{""log_distance"": 0.0, ""inside_interval"": true, ""signed_log_distance"": 0.0, ""distance_status"": ""censored_distance_lower_bound"", ""interval_width_tokens"": null, ""interval_log_width"": null, ""width_status"": ""unbounded_log_interval"", ""measured_lower_bound_D_U"": 158391, ""measured_upper_bound_D_U"": null}",
gemma3-1b,200000,qa:TriviaQA,0.1,boundary,fixed_reuse,,,[],"[""gemma3-1b-above-r1"", ""gemma3-1b-above-r2"", ""gemma3-1b-above-r3""]",,,158391,158391,True,False,,0.004078483245149922,"{""status"": ""lower_bound"", ""interval"": [158391, null]}",gemma3-1b|200000|qa:TriviaQA|0.1,,,,no_recommendation,,,unbounded_log_interval,158391,,"{""log_distance"": 0.0, ""inside_interval"": true, ""signed_log_distance"": 0.0, ""distance_status"": ""censored_distance_lower_bound"", ""interval_width_tokens"": null, ""interval_log_width"": null, ""width_status"": ""unbounded_log_interval"", ""measured_lower_bound_D_U"": 158391, ""measured_upper_bound_D_U"": null}",
gemma3-1b,200000,qa:TriviaQA,0.1,boundary,student_isotonic,,,[],"[""gemma3-1b-above-r1"", ""gemma3-1b-above-r2"", ""gemma3-1b-above-r3""]",,,158391,158391,True,False,,0.004078483245149922,"{""status"": ""lower_bound"", ""interval"": [158391, null]}",gemma3-1b|200000|qa:TriviaQA|0.1,,,,no_recommendation,,,unbounded_log_interval,158391,,"{""log_distance"": 0.0, ""inside_interval"": true, ""signed_log_distance"": 0.0, ""distance_status"": ""censored_distance_lower_bound"", ""interval_width_tokens"": null, ""interval_log_width"": null, ""width_status"": ""unbounded_log_interval"", ""measured_lower_bound_D_U"": 158391, ""measured_upper_bound_D_U"": null}",
gemma3-1b,200000,qa:TriviaQA,0.1,delta,boundary_loglinear,158391,above,"[""gemma3-1b-above-r1"", ""gemma3-1b-above-r2"", ""gemma3-1b-above-r3""]","[""gemma3-1b-above-r1"", ""gemma3-1b-above-r2"", ""gemma3-1b-above-r3""]",False,158391,158391,158391,True,False,,0.004078483245149922,"{""status"": ""lower_bound"", ""interval"": [158391, null]}",gemma3-1b|200000|qa:TriviaQA|0.1,0.0,True,0.0,censored_distance_lower_bound,,,unbounded_log_interval,158391,,"{""log_distance"": 0.0, ""inside_interval"": true, ""signed_log_distance"": 0.0, ""distance_status"": ""censored_distance_lower_bound"", ""interval_width_tokens"": null, ""interval_log_width"": null, ""width_status"": ""unbounded_log_interval"", ""measured_lower_bound_D_U"": 158391, ""measured_upper_bound_D_U"": null}",0.0
gemma3-1b,200000,qa:TriviaQA,0.1,delta,fixed_reuse,,,[],"[""gemma3-1b-above-r1"", ""gemma3-1b-above-r2"", ""gemma3-1b-above-r3""]",,,158391,158391,True,False,,0.004078483245149922,"{""status"": ""lower_bound"", ""interval"": [158391, null]}",gemma3-1b|200000|qa:TriviaQA|0.1,,,,no_recommendation,,,unbounded_log_interval,158391,,"{""log_distance"": 0.0, ""inside_interval"": true, ""signed_log_distance"": 0.0, ""distance_status"": ""censored_distance_lower_bound"", ""interval_width_tokens"": null, ""interval_log_width"": null, ""width_status"": ""unbounded_log_interval"", ""measured_lower_bound_D_U"": 158391, ""measured_upper_bound_D_U"": null}",
gemma3-1b,200000,qa:TriviaQA,0.1,delta,student_isotonic,,,[],"[""gemma3-1b-above-r1"", ""gemma3-1b-above-r2"", ""gemma3-1b-above-r3""]",,,158391,158391,True,False,,0.004078483245149922,"{""status"": ""lower_bound"", ""interval"": [158391, null]}",gemma3-1b|200000|qa:TriviaQA|0.1,,,,no_recommendation,,,unbounded_log_interval,158391,,"{""log_distance"": 0.0, ""inside_interval"": true, ""signed_log_distance"": 0.0, ""distance_status"": ""censored_distance_lower_bound"", ""interval_width_tokens"": null, ""interval_log_width"": null, ""width_status"": ""unbounded_log_interval"", ""measured_lower_bound_D_U"": 158391, ""measured_upper_bound_D_U"": null}",
gemma3-1b,200000,qa:TriviaQA,0.25,boundary,boundary_loglinear,158391,above,"[""gemma3-1b-above-r1"", ""gemma3-1b-above-r2"", ""gemma3-1b-above-r3""]","[""gemma3-1b-above-r1"", ""gemma3-1b-above-r2"", ""gemma3-1b-above-r3""]",False,158391,158391,158391,True,False,,0.004078483245149922,"{""status"": ""replicate_ambiguous"", ""interval"": null}",gemma3-1b|200000|qa:TriviaQA|0.25,,,,unresolved_interval,,,unresolved,,,"{""log_distance"": null, ""inside_interval"": null, ""signed_log_distance"": null, ""distance_status"": ""unresolved_interval"", ""interval_width_tokens"": null, ""interval_log_width"": null, ""width_status"": ""unresolved"", ""measured_lower_bound_D_U"": null, ""measured_upper_bound_D_U"": null}",0.0
gemma3-1b,200000,qa:TriviaQA,0.25,boundary,fixed_reuse,158391,above,"[""gemma3-1b-above-r1"", ""gemma3-1b-above-r2"", ""gemma3-1b-above-r3""]","[""gemma3-1b-above-r1"", ""gemma3-1b-above-r2"", ""gemma3-1b-above-r3""]",False,158391,158391,158391,True,False,,0.004078483245149922,"{""status"": ""replicate_ambiguous"", ""interval"": null}",gemma3-1b|200000|qa:TriviaQA|0.25,,,,unresolved_interval,,,unresolved,,,"{""log_distance"": null, ""inside_interval"": null, ""signed_log_distance"": null, ""distance_status"": ""unresolved_interval"", ""interval_width_tokens"": null, ""interval_log_width"": null, ""width_status"": ""unresolved"", ""measured_lower_bound_D_U"": null, ""measured_upper_bound_D_U"": null}",0.0
gemma3-1b,200000,qa:TriviaQA,0.25,boundary,student_isotonic,,,[],"[""gemma3-1b-above-r1"", ""gemma3-1b-above-r2"", ""gemma3-1b-above-r3""]",,,158391,158391,True,False,,0.004078483245149922,"{""status"": ""replicate_ambiguous"", ""interval"": null}",gemma3-1b|200000|qa:TriviaQA|0.25,,,,unresolved_interval,,,unresolved,,,"{""log_distance"": null, ""inside_interval"": null, ""signed_log_distance"": null, ""distance_status"": ""unresolved_interval"", ""interval_width_tokens"": null, ""interval_log_width"": null, ""width_status"": ""unresolved"", ""measured_lower_bound_D_U"": null, ""measured_upper_bound_D_U"": null}",
gemma3-1b,200000,qa:TriviaQA,0.25,delta,boundary_loglinear,158391,above,"[""gemma3-1b-above-r1"", ""gemma3-1b-above-r2"", ""gemma3-1b-above-r3""]","[""gemma3-1b-above-r1"", ""gemma3-1b-above-r2"", ""gemma3-1b-above-r3""]",False,158391,158391,158391,True,False,,0.004078483245149922,"{""status"": ""replicate_ambiguous"", ""interval"": null}",gemma3-1b|200000|qa:TriviaQA|0.25,,,,unresolved_interval,,,unresolved,,,"{""log_distance"": null, ""inside_interval"": null, ""signed_log_distance"": null, ""distance_status"": ""unresolved_interval"", ""interval_width_tokens"": null, ""interval_log_width"": null, ""width_status"": ""unresolved"", ""measured_lower_bound_D_U"": null, ""measured_upper_bound_D_U"": null}",0.0
gemma3-1b,200000,qa:TriviaQA,0.25,delta,fixed_reuse,,,[],"[""gemma3-1b-above-r1"", ""gemma3-1b-above-r2"", ""gemma3-1b-above-r3""]",,,158391,158391,True,False,,0.004078483245149922,"{""status"": ""replicate_ambiguous"", ""interval"": null}",gemma3-1b|200000|qa:TriviaQA|0.25,,,,unresolved_interval,,,unresolved,,,"{""log_distance"": null, ""inside_interval"": null, ""signed_log_distance"": null, ""distance_status"": ""unresolved_interval"", ""interval_width_tokens"": null, ""interval_log_width"": null, ""width_status"": ""unresolved"", ""measured_lower_bound_D_U"": null, ""measured_upper_bound_D_U"": null}",
gemma3-1b,200000,qa:TriviaQA,0.25,delta,student_isotonic,,,[],"[""gemma3-1b-above-r1"", ""gemma3-1b-above-r2"", ""gemma3-1b-above-r3""]",,,158391,158391,True,False,,0.004078483245149922,"{""status"": ""replicate_ambiguous"", ""interval"": null}",gemma3-1b|200000|qa:TriviaQA|0.25,,,,unresolved_interval,,,unresolved,,,"{""log_distance"": null, ""inside_interval"": null, ""signed_log_distance"": null, ""distance_status"": ""unresolved_interval"", ""interval_width_tokens"": null, ""interval_log_width"": null, ""width_status"": ""unresolved"", ""measured_lower_bound_D_U"": null, ""measured_upper_bound_D_U"": null}",
gemma3-1b,200000,qa:TriviaQA,0.5,boundary,boundary_loglinear,158391,above,"[""gemma3-1b-above-r1"", ""gemma3-1b-above-r2"", ""gemma3-1b-above-r3""]","[""gemma3-1b-above-r1"", ""gemma3-1b-above-r2"", ""gemma3-1b-above-r3""]",True,158391,158391,158391,False,True,0.0,0.004078483245149922,"{""status"": ""replicate_ambiguous"", ""interval"": null}",gemma3-1b|200000|qa:TriviaQA|0.5,,,,unresolved_interval,,,unresolved,,,"{""log_distance"": null, ""inside_interval"": null, ""signed_log_distance"": null, ""distance_status"": ""unresolved_interval"", ""interval_width_tokens"": null, ""interval_log_width"": null, ""width_status"": ""unresolved"", ""measured_lower_bound_D_U"": null, ""measured_upper_bound_D_U"": null}",0.0
gemma3-1b,200000,qa:TriviaQA,0.5,boundary,fixed_reuse,158391,above,"[""gemma3-1b-above-r1"", ""gemma3-1b-above-r2"", ""gemma3-1b-above-r3""]","[""gemma3-1b-above-r1"", ""gemma3-1b-above-r2"", ""gemma3-1b-above-r3""]",True,158391,158391,158391,False,True,0.0,0.004078483245149922,"{""status"": ""replicate_ambiguous"", ""interval"": null}",gemma3-1b|200000|qa:TriviaQA|0.5,,,,unresolved_interval,,,unresolved,,,"{""log_distance"": null, ""inside_interval"": null, ""signed_log_distance"": null, ""distance_status"": ""unresolved_interval"", ""interval_width_tokens"": null, ""interval_log_width"": null, ""width_status"": ""unresolved"", ""measured_lower_bound_D_U"": null, ""measured_upper_bound_D_U"": null}",0.0
gemma3-1b,200000,qa:TriviaQA,0.5,boundary,student_isotonic,158391,above,"[""gemma3-1b-above-r1"", ""gemma3-1b-above-r2"", ""gemma3-1b-above-r3""]","[""gemma3-1b-above-r1"", ""gemma3-1b-above-r2"", ""gemma3-1b-above-r3""]",True,158391,158391,158391,False,True,0.0,0.004078483245149922,"{""status"": ""replicate_ambiguous"", ""interval"": null}",gemma3-1b|200000|qa:TriviaQA|0.5,,,,unresolved_interval,,,unresolved,,,"{""log_distance"": null, ""inside_interval"": null, ""signed_log_distance"": null, ""distance_status"": ""unresolved_interval"", ""interval_width_tokens"": null, ""interval_log_width"": null, ""width_status"": ""unresolved"", ""measured_lower_bound_D_U"": null, ""measured_upper_bound_D_U"": null}",0.0
gemma3-1b,200000,qa:TriviaQA,0.5,delta,boundary_loglinear,158391,above,"[""gemma3-1b-above-r1"", ""gemma3-1b-above-r2"", ""gemma3-1b-above-r3""]","[""gemma3-1b-above-r1"", ""gemma3-1b-above-r2"", ""gemma3-1b-above-r3""]",True,158391,158391,158391,False,True,0.0,0.004078483245149922,"{""status"": ""replicate_ambiguous"", ""interval"": null}",gemma3-1b|200000|qa:TriviaQA|0.5,,,,unresolved_interval,,,unresolved,,,"{""log_distance"": null, ""inside_interval"": null, ""signed_log_distance"": null, ""distance_status"": ""unresolved_interval"", ""interval_width_tokens"": null, ""interval_log_width"": null, ""width_status"": ""unresolved"", ""measured_lower_bound_D_U"": null, ""measured_upper_bound_D_U"": null}",0.0
gemma3-1b,200000,qa:TriviaQA,0.5,delta,fixed_reuse,158391,above,"[""gemma3-1b-above-r1"", ""gemma3-1b-above-r2"", ""gemma3-1b-above-r3""]","[""gemma3-1b-above-r1"", ""gemma3-1b-above-r2"", ""gemma3-1b-above-r3""]",True,158391,158391,158391,False,True,0.0,0.004078483245149922,"{""status"": ""replicate_ambiguous"", ""interval"": null}",gemma3-1b|200000|qa:TriviaQA|0.5,,,,unresolved_interval,,,unresolved,,,"{""log_distance"": null, ""inside_interval"": null, ""signed_log_distance"": null, ""distance_status"": ""unresolved_interval"", ""interval_width_tokens"": null, ""interval_log_width"": null, ""width_status"": ""unresolved"", ""measured_lower_bound_D_U"": null, ""measured_upper_bound_D_U"": null}",0.0
gemma3-1b,200000,qa:TriviaQA,0.5,delta,student_isotonic,158391,above,"[""gemma3-1b-above-r1"", ""gemma3-1b-above-r2"", ""gemma3-1b-above-r3""]","[""gemma3-1b-above-r1"", ""gemma3-1b-above-r2"", ""gemma3-1b-above-r3""]",True,158391,158391,158391,False,True,0.0,0.004078483245149922,"{""status"": ""replicate_ambiguous"", ""interval"": null}",gemma3-1b|200000|qa:TriviaQA|0.5,,,,unresolved_interval,,,unresolved,,,"{""log_distance"": null, ""inside_interval"": null, ""signed_log_distance"": null, ""distance_status"": ""unresolved_interval"", ""interval_width_tokens"": null, ""interval_log_width"": null, ""width_status"": ""unresolved"", ""measured_lower_bound_D_U"": null, ""measured_upper_bound_D_U"": null}",0.0
gemma3-4b,50000,code:MBPP,0.0,boundary,boundary_loglinear,,,[],"[""gemma3-4b-above-r1"", ""gemma3-4b-above-r2"", ""gemma3-4b-above-r3""]",,,158391,49943,True,False,,0.009122327600064262,"{""status"": ""lower_bound"", ""interval"": [158391, null]}",gemma3-4b|50000|code:MBPP|0.0,,,,no_recommendation,,,unbounded_log_interval,158391,,"{""log_distance"": 0.0, ""inside_interval"": true, ""signed_log_distance"": 0.0, ""distance_status"": ""censored_distance_lower_bound"", ""interval_width_tokens"": null, ""interval_log_width"": null, ""width_status"": ""unbounded_log_interval"", ""measured_lower_bound_D_U"": 158391, ""measured_upper_bound_D_U"": null}",
gemma3-4b,50000,code:MBPP,0.0,boundary,fixed_reuse,,,[],"[""gemma3-4b-above-r1"", ""gemma3-4b-above-r2"", ""gemma3-4b-above-r3""]",,,158391,49943,True,False,,0.009122327600064262,"{""status"": ""lower_bound"", ""interval"": [158391, null]}",gemma3-4b|50000|code:MBPP|0.0,,,,no_recommendation,,,unbounded_log_interval,158391,,"{""log_distance"": 0.0, ""inside_interval"": true, ""signed_log_distance"": 0.0, ""distance_status"": ""censored_distance_lower_bound"", ""interval_width_tokens"": null, ""interval_log_width"": null, ""width_status"": ""unbounded_log_interval"", ""measured_lower_bound_D_U"": 158391, ""measured_upper_bound_D_U"": null}",
gemma3-4b,50000,code:MBPP,0.0,boundary,student_isotonic,,,[],"[""gemma3-4b-above-r1"", ""gemma3-4b-above-r2"", ""gemma3-4b-above-r3""]",,,158391,49943,True,False,,0.009122327600064262,"{""status"": ""lower_bound"", ""interval"": [158391, null]}",gemma3-4b|50000|code:MBPP|0.0,,,,no_recommendation,,,unbounded_log_interval,158391,,"{""log_distance"": 0.0, ""inside_interval"": true, ""signed_log_distance"": 0.0, ""distance_status"": ""censored_distance_lower_bound"", ""interval_width_tokens"": null, ""interval_log_width"": null, ""width_status"": ""unbounded_log_interval"", ""measured_lower_bound_D_U"": 158391, ""measured_upper_bound_D_U"": null}",
gemma3-4b,50000,code:MBPP,0.0,delta,boundary_loglinear,,,[],"[""gemma3-4b-above-r1"", ""gemma3-4b-above-r2"", ""gemma3-4b-above-r3""]",,,158391,49943,True,False,,0.009122327600064262,"{""status"": ""lower_bound"", ""interval"": [158391, null]}",gemma3-4b|50000|code:MBPP|0.0,,,,no_recommendation,,,unbounded_log_interval,158391,,"{""log_distance"": 0.0, ""inside_interval"": true, ""signed_log_distance"": 0.0, ""distance_status"": ""censored_distance_lower_bound"", ""interval_width_tokens"": null, ""interval_log_width"": null, ""width_status"": ""unbounded_log_interval"", ""measured_lower_bound_D_U"": 158391, ""measured_upper_bound_D_U"": null}",
gemma3-4b,50000,code:MBPP,0.0,delta,fixed_reuse,,,[],"[""gemma3-4b-above-r1"", ""gemma3-4b-above-r2"", ""gemma3-4b-above-r3""]",,,158391,49943,True,False,,0.009122327600064262,"{""status"": ""lower_bound"", ""interval"": [158391, null]}",gemma3-4b|50000|code:MBPP|0.0,,,,no_recommendation,,,unbounded_log_interval,158391,,"{""log_distance"": 0.0, ""inside_interval"": true, ""signed_log_distance"": 0.0, ""distance_status"": ""censored_distance_lower_bound"", ""interval_width_tokens"": null, ""interval_log_width"": null, ""width_status"": ""unbounded_log_interval"", ""measured_lower_bound_D_U"": 158391, ""measured_upper_bound_D_U"": null}",
gemma3-4b,50000,code:MBPP,0.0,delta,student_isotonic,,,[],"[""gemma3-4b-above-r1"", ""gemma3-4b-above-r2"", ""gemma3-4b-above-r3""]",,,158391,49943,True,False,,0.009122327600064262,"{""status"": ""lower_bound"", ""interval"": [158391, null]}",gemma3-4b|50000|code:MBPP|0.0,,,,no_recommendation,,,unbounded_log_interval,158391,,"{""log_distance"": 0.0, ""inside_interval"": true, ""signed_log_distance"": 0.0, ""distance_status"": ""censored_distance_lower_bound"", ""interval_width_tokens"": null, ""interval_log_width"": null, ""width_status"": ""unbounded_log_interval"", ""measured_lower_bound_D_U"": 158391, ""measured_upper_bound_D_U"": null}",
gemma3-4b,50000,code:MBPP,0.1,boundary,boundary_loglinear,,,[],"[""gemma3-4b-above-r1"", ""gemma3-4b-above-r2"", ""gemma3-4b-above-r3""]",,,158391,49943,True,False,,0.009122327600064262,"{""status"": ""replicate_ambiguous"", ""interval"": null}",gemma3-4b|50000|code:MBPP|0.1,,,,unresolved_interval,,,unresolved,,,"{""log_distance"": null, ""inside_interval"": null, ""signed_log_distance"": null, ""distance_status"": ""unresolved_interval"", ""interval_width_tokens"": null, ""interval_log_width"": null, ""width_status"": ""unresolved"", ""measured_lower_bound_D_U"": null, ""measured_upper_bound_D_U"": null}",
gemma3-4b,50000,code:MBPP,0.1,boundary,fixed_reuse,,,[],"[""gemma3-4b-above-r1"", ""gemma3-4b-above-r2"", ""gemma3-4b-above-r3""]",,,158391,49943,True,False,,0.009122327600064262,"{""status"": ""replicate_ambiguous"", ""interval"": null}",gemma3-4b|50000|code:MBPP|0.1,,,,unresolved_interval,,,unresolved,,,"{""log_distance"": null, ""inside_interval"": null, ""signed_log_distance"": null, ""distance_status"": ""unresolved_interval"", ""interval_width_tokens"": null, ""interval_log_width"": null, ""width_status"": ""unresolved"", ""measured_lower_bound_D_U"": null, ""measured_upper_bound_D_U"": null}",
gemma3-4b,50000,code:MBPP,0.1,boundary,student_isotonic,,,[],"[""gemma3-4b-above-r1"", ""gemma3-4b-above-r2"", ""gemma3-4b-above-r3""]",,,158391,49943,True,False,,0.009122327600064262,"{""status"": ""replicate_ambiguous"", ""interval"": null}",gemma3-4b|50000|code:MBPP|0.1,,,,unresolved_interval,,,unresolved,,,"{""log_distance"": null, ""inside_interval"": null, ""signed_log_distance"": null, ""distance_status"": ""unresolved_interval"", ""interval_width_tokens"": null, ""interval_log_width"": null, ""width_status"": ""unresolved"", ""measured_lower_bound_D_U"": null, ""measured_upper_bound_D_U"": null}",
gemma3-4b,50000,code:MBPP,0.1,delta,boundary_loglinear,158391,above,"[""gemma3-4b-above-r1"", ""gemma3-4b-above-r2"", ""gemma3-4b-above-r3""]","[""gemma3-4b-above-r1"", ""gemma3-4b-above-r2"", ""gemma3-4b-above-r3""]",False,49943,158391,49943,True,False,,0.009122327600064262,"{""status"": ""replicate_ambiguous"", ""interval"": null}",gemma3-4b|50000|code:MBPP|0.1,,,,unresolved_interval,,,unresolved,,,"{""log_distance"": null, ""inside_interval"": null, ""signed_log_distance"": null, ""distance_status"": ""unresolved_interval"", ""interval_width_tokens"": null, ""interval_log_width"": null, ""width_status"": ""unresolved"", ""measured_lower_bound_D_U"": null, ""measured_upper_bound_D_U"": null}",0.0
gemma3-4b,50000,code:MBPP,0.1,delta,fixed_reuse,158391,above,"[""gemma3-4b-above-r1"", ""gemma3-4b-above-r2"", ""gemma3-4b-above-r3""]","[""gemma3-4b-above-r1"", ""gemma3-4b-above-r2"", ""gemma3-4b-above-r3""]",False,49943,158391,49943,True,False,,0.009122327600064262,"{""status"": ""replicate_ambiguous"", ""interval"": null}",gemma3-4b|50000|code:MBPP|0.1,,,,unresolved_interval,,,unresolved,,,"{""log_distance"": null, ""inside_interval"": null, ""signed_log_distance"": null, ""distance_status"": ""unresolved_interval"", ""interval_width_tokens"": null, ""interval_log_width"": null, ""width_status"": ""unresolved"", ""measured_lower_bound_D_U"": null, ""measured_upper_bound_D_U"": null}",0.0
gemma3-4b,50000,code:MBPP,0.1,delta,student_isotonic,,,[],"[""gemma3-4b-above-r1"", ""gemma3-4b-above-r2"", ""gemma3-4b-above-r3""]",,,158391,49943,True,False,,0.009122327600064262,"{""status"": ""replicate_ambiguous"", ""interval"": null}",gemma3-4b|50000|code:MBPP|0.1,,,,unresolved_interval,,,unresolved,,,"{""log_distance"": null, ""inside_interval"": null, ""signed_log_distance"": null, ""distance_status"": ""unresolved_interval"", ""interval_width_tokens"": null, ""interval_log_width"": null, ""width_status"": ""unresolved"", ""measured_lower_bound_D_U"": null, ""measured_upper_bound_D_U"": null}",
gemma3-4b,50000,code:MBPP,0.25,boundary,boundary_loglinear,,,[],"[""gemma3-4b-above-r1"", ""gemma3-4b-above-r2"", ""gemma3-4b-above-r3""]",,,158391,49943,True,True,,0.009122327600064262,"{""status"": ""upper_bound"", ""interval"": [0, 9105]}",gemma3-4b|50000|code:MBPP|0.25,,,,no_recommendation,9105,,unbounded_log_interval,,9105,"{""log_distance"": 2.856242946404722, ""inside_interval"": false, ""signed_log_distance"": 2.856242946404722, ""distance_status"": ""censored_distance_lower_bound"", ""interval_width_tokens"": 9105, ""interval_log_width"": null, ""width_status"": ""unbounded_log_interval"", ""measured_lower_bound_D_U"": null, ""measured_upper_bound_D_U"": 9105}",
gemma3-4b,50000,code:MBPP,0.25,boundary,fixed_reuse,,,[],"[""gemma3-4b-above-r1"", ""gemma3-4b-above-r2"", ""gemma3-4b-above-r3""]",,,158391,49943,True,True,,0.009122327600064262,"{""status"": ""upper_bound"", ""interval"": [0, 9105]}",gemma3-4b|50000|code:MBPP|0.25,,,,no_recommendation,9105,,unbounded_log_interval,,9105,"{""log_distance"": 2.856242946404722, ""inside_interval"": false, ""signed_log_distance"": 2.856242946404722, ""distance_status"": ""censored_distance_lower_bound"", ""interval_width_tokens"": 9105, ""interval_log_width"": null, ""width_status"": ""unbounded_log_interval"", ""measured_lower_bound_D_U"": null, ""measured_upper_bound_D_U"": 9105}",
gemma3-4b,50000,code:MBPP,0.25,boundary,student_isotonic,158391,above,"[""gemma3-4b-above-r1"", ""gemma3-4b-above-r2"", ""gemma3-4b-above-r3""]","[""gemma3-4b-above-r1"", ""gemma3-4b-above-r2"", ""gemma3-4b-above-r3""]",True,49943,158391,49943,True,True,0.0,0.009122327600064262,"{""status"": ""upper_bound"", ""interval"": [0, 9105]}",gemma3-4b|50000|code:MBPP|0.25,2.856242946404722,False,2.856242946404722,censored_distance_lower_bound,9105,,unbounded_log_interval,,9105,"{""log_distance"": 2.856242946404722, ""inside_interval"": false, ""signed_log_distance"": 2.856242946404722, ""distance_status"": ""censored_distance_lower_bound"", ""interval_width_tokens"": 9105, ""interval_log_width"": null, ""width_status"": ""unbounded_log_interval"", ""measured_lower_bound_D_U"": null, ""measured_upper_bound_D_U"": 9105}",0.0
gemma3-4b,50000,code:MBPP,0.25,delta,boundary_loglinear,9003.666666666666,below,"[""gemma3-4b-below-r1"", ""gemma3-4b-below-r2"", ""gemma3-4b-below-r3""]","[""gemma3-4b-below-r1"", ""gemma3-4b-below-r2"", ""gemma3-4b-below-r3""]",True,9003.666666666666,9003.666666666666,9003.666666666666,False,True,0.0,0.009122327600064262,"{""status"": ""upper_bound"", ""interval"": [0, 9105]}",gemma3-4b|50000|code:MBPP|0.25,0.0,True,0.0,censored_distance_lower_bound,9105,,unbounded_log_interval,,9105,"{""log_distance"": 0.0, ""inside_interval"": true, ""signed_log_distance"": 0.0, ""distance_status"": ""censored_distance_lower_bound"", ""interval_width_tokens"": 9105, ""interval_log_width"": null, ""width_status"": ""unbounded_log_interval"", ""measured_lower_bound_D_U"": null, ""measured_upper_bound_D_U"": 9105}",0.0
gemma3-4b,50000,code:MBPP,0.25,delta,fixed_reuse,9003.666666666666,below,"[""gemma3-4b-below-r1"", ""gemma3-4b-below-r2"", ""gemma3-4b-below-r3""]","[""gemma3-4b-below-r1"", ""gemma3-4b-below-r2"", ""gemma3-4b-below-r3""]",True,9003.666666666666,9003.666666666666,9003.666666666666,False,True,0.0,0.009122327600064262,"{""status"": ""upper_bound"", ""interval"": [0, 9105]}",gemma3-4b|50000|code:MBPP|0.25,0.0,True,0.0,censored_distance_lower_bound,9105,,unbounded_log_interval,,9105,"{""log_distance"": 0.0, ""inside_interval"": true, ""signed_log_distance"": 0.0, ""distance_status"": ""censored_distance_lower_bound"", ""interval_width_tokens"": 9105, ""interval_log_width"": null, ""width_status"": ""unbounded_log_interval"", ""measured_lower_bound_D_U"": null, ""measured_upper_bound_D_U"": 9105}",0.0
gemma3-4b,50000,code:MBPP,0.25,delta,student_isotonic,9003.666666666666,below,"[""gemma3-4b-below-r1"", ""gemma3-4b-below-r2"", ""gemma3-4b-below-r3""]","[""gemma3-4b-below-r1"", ""gemma3-4b-below-r2"", ""gemma3-4b-below-r3""]",True,9003.666666666666,9003.666666666666,9003.666666666666,False,True,0.0,0.009122327600064262,"{""status"": ""upper_bound"", ""interval"": [0, 9105]}",gemma3-4b|50000|code:MBPP|0.25,0.0,True,0.0,censored_distance_lower_bound,9105,,unbounded_log_interval,,9105,"{""log_distance"": 0.0, ""inside_interval"": true, ""signed_log_distance"": 0.0, ""distance_status"": ""censored_distance_lower_bound"", ""interval_width_tokens"": 9105, ""interval_log_width"": null, ""width_status"": ""unbounded_log_interval"", ""measured_lower_bound_D_U"": null, ""measured_upper_bound_D_U"": 9105}",0.0
gemma3-4b,50000,code:MBPP,0.5,boundary,boundary_loglinear,,,[],"[""gemma3-4b-above-r1"", ""gemma3-4b-above-r2"", ""gemma3-4b-above-r3""]",,,158391,49943,True,True,,0.009122327600064262,"{""status"": ""upper_bound"", ""interval"": [0, 9105]}",gemma3-4b|50000|code:MBPP|0.5,,,,no_recommendation,9105,,unbounded_log_interval,,9105,"{""log_distance"": 2.856242946404722, ""inside_interval"": false, ""signed_log_distance"": 2.856242946404722, ""distance_status"": ""censored_distance_lower_bound"", ""interval_width_tokens"": 9105, ""interval_log_width"": null, ""width_status"": ""unbounded_log_interval"", ""measured_lower_bound_D_U"": null, ""measured_upper_bound_D_U"": 9105}",
gemma3-4b,50000,code:MBPP,0.5,boundary,fixed_reuse,,,[],"[""gemma3-4b-above-r1"", ""gemma3-4b-above-r2"", ""gemma3-4b-above-r3""]",,,158391,49943,True,True,,0.009122327600064262,"{""status"": ""upper_bound"", ""interval"": [0, 9105]}",gemma3-4b|50000|code:MBPP|0.5,,,,no_recommendation,9105,,unbounded_log_interval,,9105,"{""log_distance"": 2.856242946404722, ""inside_interval"": false, ""signed_log_distance"": 2.856242946404722, ""distance_status"": ""censored_distance_lower_bound"", ""interval_width_tokens"": 9105, ""interval_log_width"": null, ""width_status"": ""unbounded_log_interval"", ""measured_lower_bound_D_U"": null, ""measured_upper_bound_D_U"": 9105}",
gemma3-4b,50000,code:MBPP,0.5,boundary,student_isotonic,158391,above,"[""gemma3-4b-above-r1"", ""gemma3-4b-above-r2"", ""gemma3-4b-above-r3""]","[""gemma3-4b-above-r1"", ""gemma3-4b-above-r2"", ""gemma3-4b-above-r3""]",True,49943,158391,49943,True,True,0.0,0.009122327600064262,"{""status"": ""upper_bound"", ""interval"": [0, 9105]}",gemma3-4b|50000|code:MBPP|0.5,2.856242946404722,False,2.856242946404722,censored_distance_lower_bound,9105,,unbounded_log_interval,,9105,"{""log_distance"": 2.856242946404722, ""inside_interval"": false, ""signed_log_distance"": 2.856242946404722, ""distance_status"": ""censored_distance_lower_bound"", ""interval_width_tokens"": 9105, ""interval_log_width"": null, ""width_status"": ""unbounded_log_interval"", ""measured_lower_bound_D_U"": null, ""measured_upper_bound_D_U"": 9105}",0.0
gemma3-4b,50000,code:MBPP,0.5,delta,boundary_loglinear,9003.666666666666,below,"[""gemma3-4b-below-r1"", ""gemma3-4b-below-r2"", ""gemma3-4b-below-r3""]","[""gemma3-4b-below-r1"", ""gemma3-4b-below-r2"", ""gemma3-4b-below-r3""]",True,9003.666666666666,9003.666666666666,9003.666666666666,False,True,0.0,0.009122327600064262,"{""status"": ""upper_bound"", ""interval"": [0, 9105]}",gemma3-4b|50000|code:MBPP|0.5,0.0,True,0.0,censored_distance_lower_bound,9105,,unbounded_log_interval,,9105,"{""log_distance"": 0.0, ""inside_interval"": true, ""signed_log_distance"": 0.0, ""distance_status"": ""censored_distance_lower_bound"", ""interval_width_tokens"": 9105, ""interval_log_width"": null, ""width_status"": ""unbounded_log_interval"", ""measured_lower_bound_D_U"": null, ""measured_upper_bound_D_U"": 9105}",0.0
gemma3-4b,50000,code:MBPP,0.5,delta,fixed_reuse,9003.666666666666,below,"[""gemma3-4b-below-r1"", ""gemma3-4b-below-r2"", ""gemma3-4b-below-r3""]","[""gemma3-4b-below-r1"", ""gemma3-4b-below-r2"", ""gemma3-4b-below-r3""]",True,9003.666666666666,9003.666666666666,9003.666666666666,False,True,0.0,0.009122327600064262,"{""status"": ""upper_bound"", ""interval"": [0, 9105]}",gemma3-4b|50000|code:MBPP|0.5,0.0,True,0.0,censored_distance_lower_bound,9105,,unbounded_log_interval,,9105,"{""log_distance"": 0.0, ""inside_interval"": true, ""signed_log_distance"": 0.0, ""distance_status"": ""censored_distance_lower_bound"", ""interval_width_tokens"": 9105, ""interval_log_width"": null, ""width_status"": ""unbounded_log_interval"", ""measured_lower_bound_D_U"": null, ""measured_upper_bound_D_U"": 9105}",0.0
gemma3-4b,50000,code:MBPP,0.5,delta,student_isotonic,9003.666666666666,below,"[""gemma3-4b-below-r1"", ""gemma3-4b-below-r2"", ""gemma3-4b-below-r3""]","[""gemma3-4b-below-r1"", ""gemma3-4b-below-r2"", ""gemma3-4b-below-r3""]",True,9003.666666666666,9003.666666666666,9003.666666666666,False,True,0.0,0.009122327600064262,"{""status"": ""upper_bound"", ""interval"": [0, 9105]}",gemma3-4b|50000|code:MBPP|0.5,0.0,True,0.0,censored_distance_lower_bound,9105,,unbounded_log_interval,,9105,"{""log_distance"": 0.0, ""inside_interval"": true, ""signed_log_distance"": 0.0, ""distance_status"": ""censored_distance_lower_bound"", ""interval_width_tokens"": 9105, ""interval_log_width"": null, ""width_status"": ""unbounded_log_interval"", ""measured_lower_bound_D_U"": null, ""measured_upper_bound_D_U"": 9105}",0.0
gemma3-4b,50000,math:MATH-500,0.0,boundary,boundary_loglinear,,,[],"[""gemma3-4b-above-r1"", ""gemma3-4b-above-r2"", ""gemma3-4b-above-r3""]",,,158391,49943,True,False,,0.009122327600064262,"{""status"": ""lower_bound"", ""interval"": [158391, null]}",gemma3-4b|50000|math:MATH-500|0.0,,,,no_recommendation,,,unbounded_log_interval,158391,,"{""log_distance"": 0.0, ""inside_interval"": true, ""signed_log_distance"": 0.0, ""distance_status"": ""censored_distance_lower_bound"", ""interval_width_tokens"": null, ""interval_log_width"": null, ""width_status"": ""unbounded_log_interval"", ""measured_lower_bound_D_U"": 158391, ""measured_upper_bound_D_U"": null}",
gemma3-4b,50000,math:MATH-500,0.0,boundary,fixed_reuse,,,[],"[""gemma3-4b-above-r1"", ""gemma3-4b-above-r2"", ""gemma3-4b-above-r3""]",,,158391,49943,True,False,,0.009122327600064262,"{""status"": ""lower_bound"", ""interval"": [158391, null]}",gemma3-4b|50000|math:MATH-500|0.0,,,,no_recommendation,,,unbounded_log_interval,158391,,"{""log_distance"": 0.0, ""inside_interval"": true, ""signed_log_distance"": 0.0, ""distance_status"": ""censored_distance_lower_bound"", ""interval_width_tokens"": null, ""interval_log_width"": null, ""width_status"": ""unbounded_log_interval"", ""measured_lower_bound_D_U"": 158391, ""measured_upper_bound_D_U"": null}",
gemma3-4b,50000,math:MATH-500,0.0,boundary,student_isotonic,,,[],"[""gemma3-4b-above-r1"", ""gemma3-4b-above-r2"", ""gemma3-4b-above-r3""]",,,158391,49943,True,False,,0.009122327600064262,"{""status"": ""lower_bound"", ""interval"": [158391, null]}",gemma3-4b|50000|math:MATH-500|0.0,,,,no_recommendation,,,unbounded_log_interval,158391,,"{""log_distance"": 0.0, ""inside_interval"": true, ""signed_log_distance"": 0.0, ""distance_status"": ""censored_distance_lower_bound"", ""interval_width_tokens"": null, ""interval_log_width"": null, ""width_status"": ""unbounded_log_interval"", ""measured_lower_bound_D_U"": 158391, ""measured_upper_bound_D_U"": null}",
gemma3-4b,50000,math:MATH-500,0.0,delta,boundary_loglinear,,,[],"[""gemma3-4b-above-r1"", ""gemma3-4b-above-r2"", ""gemma3-4b-above-r3""]",,,158391,49943,True,False,,0.009122327600064262,"{""status"": ""lower_bound"", ""interval"": [158391, null]}",gemma3-4b|50000|math:MATH-500|0.0,,,,no_recommendation,,,unbounded_log_interval,158391,,"{""log_distance"": 0.0, ""inside_interval"": true, ""signed_log_distance"": 0.0, ""distance_status"": ""censored_distance_lower_bound"", ""interval_width_tokens"": null, ""interval_log_width"": null, ""width_status"": ""unbounded_log_interval"", ""measured_lower_bound_D_U"": 158391, ""measured_upper_bound_D_U"": null}",
gemma3-4b,50000,math:MATH-500,0.0,delta,fixed_reuse,,,[],"[""gemma3-4b-above-r1"", ""gemma3-4b-above-r2"", ""gemma3-4b-above-r3""]",,,158391,49943,True,False,,0.009122327600064262,"{""status"": ""lower_bound"", ""interval"": [158391, null]}",gemma3-4b|50000|math:MATH-500|0.0,,,,no_recommendation,,,unbounded_log_interval,158391,,"{""log_distance"": 0.0, ""inside_interval"": true, ""signed_log_distance"": 0.0, ""distance_status"": ""censored_distance_lower_bound"", ""interval_width_tokens"": null, ""interval_log_width"": null, ""width_status"": ""unbounded_log_interval"", ""measured_lower_bound_D_U"": 158391, ""measured_upper_bound_D_U"": null}",
gemma3-4b,50000,math:MATH-500,0.0,delta,student_isotonic,,,[],"[""gemma3-4b-above-r1"", ""gemma3-4b-above-r2"", ""gemma3-4b-above-r3""]",,,158391,49943,True,False,,0.009122327600064262,"{""status"": ""lower_bound"", ""interval"": [158391, null]}",gemma3-4b|50000|math:MATH-500|0.0,,,,no_recommendation,,,unbounded_log_interval,158391,,"{""log_distance"": 0.0, ""inside_interval"": true, ""signed_log_distance"": 0.0, ""distance_status"": ""censored_distance_lower_bound"", ""interval_width_tokens"": null, ""interval_log_width"": null, ""width_status"": ""unbounded_log_interval"", ""measured_lower_bound_D_U"": 158391, ""measured_upper_bound_D_U"": null}",
gemma3-4b,50000,math:MATH-500,0.1,boundary,boundary_loglinear,,,[],"[""gemma3-4b-above-r1"", ""gemma3-4b-above-r2"", ""gemma3-4b-above-r3""]",,,158391,49943,True,False,,0.009122327600064262,"{""status"": ""lower_bound"", ""interval"": [158391, null]}",gemma3-4b|50000|math:MATH-500|0.1,,,,no_recommendation,,,unbounded_log_interval,158391,,"{""log_distance"": 0.0, ""inside_interval"": true, ""signed_log_distance"": 0.0, ""distance_status"": ""censored_distance_lower_bound"", ""interval_width_tokens"": null, ""interval_log_width"": null, ""width_status"": ""unbounded_log_interval"", ""measured_lower_bound_D_U"": 158391, ""measured_upper_bound_D_U"": null}",
gemma3-4b,50000,math:MATH-500,0.1,boundary,fixed_reuse,,,[],"[""gemma3-4b-above-r1"", ""gemma3-4b-above-r2"", ""gemma3-4b-above-r3""]",,,158391,49943,True,False,,0.009122327600064262,"{""status"": ""lower_bound"", ""interval"": [158391, null]}",gemma3-4b|50000|math:MATH-500|0.1,,,,no_recommendation,,,unbounded_log_interval,158391,,"{""log_distance"": 0.0, ""inside_interval"": true, ""signed_log_distance"": 0.0, ""distance_status"": ""censored_distance_lower_bound"", ""interval_width_tokens"": null, ""interval_log_width"": null, ""width_status"": ""unbounded_log_interval"", ""measured_lower_bound_D_U"": 158391, ""measured_upper_bound_D_U"": null}",
gemma3-4b,50000,math:MATH-500,0.1,boundary,student_isotonic,,,[],"[""gemma3-4b-above-r1"", ""gemma3-4b-above-r2"", ""gemma3-4b-above-r3""]",,,158391,49943,True,False,,0.009122327600064262,"{""status"": ""lower_bound"", ""interval"": [158391, null]}",gemma3-4b|50000|math:MATH-500|0.1,,,,no_recommendation,,,unbounded_log_interval,158391,,"{""log_distance"": 0.0, ""inside_interval"": true, ""signed_log_distance"": 0.0, ""distance_status"": ""censored_distance_lower_bound"", ""interval_width_tokens"": null, ""interval_log_width"": null, ""width_status"": ""unbounded_log_interval"", ""measured_lower_bound_D_U"": 158391, ""measured_upper_bound_D_U"": null}",
gemma3-4b,50000,math:MATH-500,0.1,delta,boundary_loglinear,,,[],"[""gemma3-4b-above-r1"", ""gemma3-4b-above-r2"", ""gemma3-4b-above-r3""]",,,158391,49943,True,False,,0.009122327600064262,"{""status"": ""lower_bound"", ""interval"": [158391, null]}",gemma3-4b|50000|math:MATH-500|0.1,,,,no_recommendation,,,unbounded_log_interval,158391,,"{""log_distance"": 0.0, ""inside_interval"": true, ""signed_log_distance"": 0.0, ""distance_status"": ""censored_distance_lower_bound"", ""interval_width_tokens"": null, ""interval_log_width"": null, ""width_status"": ""unbounded_log_interval"", ""measured_lower_bound_D_U"": 158391, ""measured_upper_bound_D_U"": null}",
gemma3-4b,50000,math:MATH-500,0.1,delta,fixed_reuse,38133,near,"[""gemma3-4b-near-r1"", ""gemma3-4b-near-r2"", ""gemma3-4b-near-r3""]","[""gemma3-4b-above-r1"", ""gemma3-4b-above-r2"", ""gemma3-4b-above-r3""]",False,38133,158391,49943,True,False,,0.009122327600064262,"{""status"": ""lower_bound"", ""interval"": [158391, null]}",gemma3-4b|50000|math:MATH-500|0.1,1.4239866106036516,False,-1.4239866106036516,censored_distance_lower_bound,,,unbounded_log_interval,158391,,"{""log_distance"": 0.0, ""inside_interval"": true, ""signed_log_distance"": 0.0, ""distance_status"": ""censored_distance_lower_bound"", ""interval_width_tokens"": null, ""interval_log_width"": null, ""width_status"": ""unbounded_log_interval"", ""measured_lower_bound_D_U"": 158391, ""measured_upper_bound_D_U"": null}",-1.4239866106036516
gemma3-4b,50000,math:MATH-500,0.1,delta,student_isotonic,,,[],"[""gemma3-4b-above-r1"", ""gemma3-4b-above-r2"", ""gemma3-4b-above-r3""]",,,158391,49943,True,False,,0.009122327600064262,"{""status"": ""lower_bound"", ""interval"": [158391, null]}",gemma3-4b|50000|math:MATH-500|0.1,,,,no_recommendation,,,unbounded_log_interval,158391,,"{""log_distance"": 0.0, ""inside_interval"": true, ""signed_log_distance"": 0.0, ""distance_status"": ""censored_distance_lower_bound"", ""interval_width_tokens"": null, ""interval_log_width"": null, ""width_status"": ""unbounded_log_interval"", ""measured_lower_bound_D_U"": 158391, ""measured_upper_bound_D_U"": null}",
gemma3-4b,50000,math:MATH-500,0.25,boundary,boundary_loglinear,38133,near,"[""gemma3-4b-near-r1"", ""gemma3-4b-near-r2"", ""gemma3-4b-near-r3""]","[""gemma3-4b-above-r1"", ""gemma3-4b-above-r2"", ""gemma3-4b-above-r3""]",True,38133,158391,49943,False,True,0.75924768452753,0.009122327600064262,"{""status"": ""upper_bound"", ""interval"": [0, 9105]}",gemma3-4b|50000|math:MATH-500|0.25,1.4322563358010703,False,1.4322563358010703,censored_distance_lower_bound,9105,,unbounded_log_interval,,9105,"{""log_distance"": 2.856242946404722, ""inside_interval"": false, ""signed_log_distance"": 2.856242946404722, ""distance_status"": ""censored_distance_lower_bound"", ""interval_width_tokens"": 9105, ""interval_log_width"": null, ""width_status"": ""unbounded_log_interval"", ""measured_lower_bound_D_U"": null, ""measured_upper_bound_D_U"": 9105}",-1.4239866106036516
gemma3-4b,50000,math:MATH-500,0.25,boundary,fixed_reuse,9003.666666666666,below,"[""gemma3-4b-below-r1"", ""gemma3-4b-below-r2"", ""gemma3-4b-below-r3""]","[""gemma3-4b-above-r1"", ""gemma3-4b-above-r2"", ""gemma3-4b-above-r3""]",True,9003.666666666666,158391,49943,False,True,0.9431554402291376,0.009122327600064262,"{""status"": ""upper_bound"", ""interval"": [0, 9105]}",gemma3-4b|50000|math:MATH-500|0.25,0.0,True,0.0,censored_distance_lower_bound,9105,,unbounded_log_interval,,9105,"{""log_distance"": 2.856242946404722, ""inside_interval"": false, ""signed_log_distance"": 2.856242946404722, ""distance_status"": ""censored_distance_lower_bound"", ""interval_width_tokens"": 9105, ""interval_log_width"": null, ""width_status"": ""unbounded_log_interval"", ""measured_lower_bound_D_U"": null, ""measured_upper_bound_D_U"": 9105}",-2.8674347578085304
gemma3-4b,50000,math:MATH-500,0.25,boundary,student_isotonic,158391,above,"[""gemma3-4b-above-r1"", ""gemma3-4b-above-r2"", ""gemma3-4b-above-r3""]","[""gemma3-4b-above-r1"", ""gemma3-4b-above-r2"", ""gemma3-4b-above-r3""]",True,49943,158391,49943,False,True,0.0,0.009122327600064262,"{""status"": ""upper_bound"", ""interval"": [0, 9105]}",gemma3-4b|50000|math:MATH-500|0.25,2.856242946404722,False,2.856242946404722,censored_distance_lower_bound,9105,,unbounded_log_interval,,9105,"{""log_distance"": 2.856242946404722, ""inside_interval"": false, ""signed_log_distance"": 2.856242946404722, ""distance_status"": ""censored_distance_lower_bound"", ""interval_width_tokens"": 9105, ""interval_log_width"": null, ""width_status"": ""unbounded_log_interval"", ""measured_lower_bound_D_U"": null, ""measured_upper_bound_D_U"": 9105}",0.0
gemma3-4b,50000,math:MATH-500,0.25,delta,boundary_loglinear,9003.666666666666,below,"[""gemma3-4b-below-r1"", ""gemma3-4b-below-r2"", ""gemma3-4b-below-r3""]","[""gemma3-4b-below-r1"", ""gemma3-4b-below-r2"", ""gemma3-4b-below-r3""]",True,9003.666666666666,9003.666666666666,9003.666666666666,False,True,0.0,0.009122327600064262,"{""status"": ""upper_bound"", ""interval"": [0, 9105]}",gemma3-4b|50000|math:MATH-500|0.25,0.0,True,0.0,censored_distance_lower_bound,9105,,unbounded_log_interval,,9105,"{""log_distance"": 0.0, ""inside_interval"": true, ""signed_log_distance"": 0.0, ""distance_status"": ""censored_distance_lower_bound"", ""interval_width_tokens"": 9105, ""interval_log_width"": null, ""width_status"": ""unbounded_log_interval"", ""measured_lower_bound_D_U"": null, ""measured_upper_bound_D_U"": 9105}",0.0
gemma3-4b,50000,math:MATH-500,0.25,delta,fixed_reuse,9003.666666666666,below,"[""gemma3-4b-below-r1"", ""gemma3-4b-below-r2"", ""gemma3-4b-below-r3""]","[""gemma3-4b-below-r1"", ""gemma3-4b-below-r2"", ""gemma3-4b-below-r3""]",True,9003.666666666666,9003.666666666666,9003.666666666666,False,True,0.0,0.009122327600064262,"{""status"": ""upper_bound"", ""interval"": [0, 9105]}",gemma3-4b|50000|math:MATH-500|0.25,0.0,True,0.0,censored_distance_lower_bound,9105,,unbounded_log_interval,,9105,"{""log_distance"": 0.0, ""inside_interval"": true, ""signed_log_distance"": 0.0, ""distance_status"": ""censored_distance_lower_bound"", ""interval_width_tokens"": 9105, ""interval_log_width"": null, ""width_status"": ""unbounded_log_interval"", ""measured_lower_bound_D_U"": null, ""measured_upper_bound_D_U"": 9105}",0.0
gemma3-4b,50000,math:MATH-500,0.25,delta,student_isotonic,9003.666666666666,below,"[""gemma3-4b-below-r1"", ""gemma3-4b-below-r2"", ""gemma3-4b-below-r3""]","[""gemma3-4b-below-r1"", ""gemma3-4b-below-r2"", ""gemma3-4b-below-r3""]",True,9003.666666666666,9003.666666666666,9003.666666666666,False,True,0.0,0.009122327600064262,"{""status"": ""upper_bound"", ""interval"": [0, 9105]}",gemma3-4b|50000|math:MATH-500|0.25,0.0,True,0.0,censored_distance_lower_bound,9105,,unbounded_log_interval,,9105,"{""log_distance"": 0.0, ""inside_interval"": true, ""signed_log_distance"": 0.0, ""distance_status"": ""censored_distance_lower_bound"", ""interval_width_tokens"": 9105, ""interval_log_width"": null, ""width_status"": ""unbounded_log_interval"", ""measured_lower_bound_D_U"": null, ""measured_upper_bound_D_U"": 9105}",0.0
gemma3-4b,50000,math:MATH-500,0.5,boundary,boundary_loglinear,38133,near,"[""gemma3-4b-near-r1"", ""gemma3-4b-near-r2"", ""gemma3-4b-near-r3""]","[""gemma3-4b-above-r1"", ""gemma3-4b-above-r2"", ""gemma3-4b-above-r3""]",True,38133,158391,49943,False,True,0.75924768452753,0.009122327600064262,"{""status"": ""upper_bound"", ""interval"": [0, 9105]}",gemma3-4b|50000|math:MATH-500|0.5,1.4322563358010703,False,1.4322563358010703,censored_distance_lower_bound,9105,,unbounded_log_interval,,9105,"{""log_distance"": 2.856242946404722, ""inside_interval"": false, ""signed_log_distance"": 2.856242946404722, ""distance_status"": ""censored_distance_lower_bound"", ""interval_width_tokens"": 9105, ""interval_log_width"": null, ""width_status"": ""unbounded_log_interval"", ""measured_lower_bound_D_U"": null, ""measured_upper_bound_D_U"": 9105}",-1.4239866106036516
gemma3-4b,50000,math:MATH-500,0.5,boundary,fixed_reuse,9003.666666666666,below,"[""gemma3-4b-below-r1"", ""gemma3-4b-below-r2"", ""gemma3-4b-below-r3""]","[""gemma3-4b-above-r1"", ""gemma3-4b-above-r2"", ""gemma3-4b-above-r3""]",True,9003.666666666666,158391,49943,False,True,0.9431554402291376,0.009122327600064262,"{""status"": ""upper_bound"", ""interval"": [0, 9105]}",gemma3-4b|50000|math:MATH-500|0.5,0.0,True,0.0,censored_distance_lower_bound,9105,,unbounded_log_interval,,9105,"{""log_distance"": 2.856242946404722, ""inside_interval"": false, ""signed_log_distance"": 2.856242946404722, ""distance_status"": ""censored_distance_lower_bound"", ""interval_width_tokens"": 9105, ""interval_log_width"": null, ""width_status"": ""unbounded_log_interval"", ""measured_lower_bound_D_U"": null, ""measured_upper_bound_D_U"": 9105}",-2.8674347578085304
gemma3-4b,50000,math:MATH-500,0.5,boundary,student_isotonic,158391,above,"[""gemma3-4b-above-r1"", ""gemma3-4b-above-r2"", ""gemma3-4b-above-r3""]","[""gemma3-4b-above-r1"", ""gemma3-4b-above-r2"", ""gemma3-4b-above-r3""]",True,49943,158391,49943,False,True,0.0,0.009122327600064262,"{""status"": ""upper_bound"", ""interval"": [0, 9105]}",gemma3-4b|50000|math:MATH-500|0.5,2.856242946404722,False,2.856242946404722,censored_distance_lower_bound,9105,,unbounded_log_interval,,9105,"{""log_distance"": 2.856242946404722, ""inside_interval"": false, ""signed_log_distance"": 2.856242946404722, ""distance_status"": ""censored_distance_lower_bound"", ""interval_width_tokens"": 9105, ""interval_log_width"": null, ""width_status"": ""unbounded_log_interval"", ""measured_lower_bound_D_U"": null, ""measured_upper_bound_D_U"": 9105}",0.0
gemma3-4b,50000,math:MATH-500,0.5,delta,boundary_loglinear,9003.666666666666,below,"[""gemma3-4b-below-r1"", ""gemma3-4b-below-r2"", ""gemma3-4b-below-r3""]","[""gemma3-4b-below-r1"", ""gemma3-4b-below-r2"", ""gemma3-4b-below-r3""]",True,9003.666666666666,9003.666666666666,9003.666666666666,False,True,0.0,0.009122327600064262,"{""status"": ""upper_bound"", ""interval"": [0, 9105]}",gemma3-4b|50000|math:MATH-500|0.5,0.0,True,0.0,censored_distance_lower_bound,9105,,unbounded_log_interval,,9105,"{""log_distance"": 0.0, ""inside_interval"": true, ""signed_log_distance"": 0.0, ""distance_status"": ""censored_distance_lower_bound"", ""interval_width_tokens"": 9105, ""interval_log_width"": null, ""width_status"": ""unbounded_log_interval"", ""measured_lower_bound_D_U"": null, ""measured_upper_bound_D_U"": 9105}",0.0
gemma3-4b,50000,math:MATH-500,0.5,delta,fixed_reuse,9003.666666666666,below,"[""gemma3-4b-below-r1"", ""gemma3-4b-below-r2"", ""gemma3-4b-below-r3""]","[""gemma3-4b-below-r1"", ""gemma3-4b-below-r2"", ""gemma3-4b-below-r3""]",True,9003.666666666666,9003.666666666666,9003.666666666666,False,True,0.0,0.009122327600064262,"{""status"": ""upper_bound"", ""interval"": [0, 9105]}",gemma3-4b|50000|math:MATH-500|0.5,0.0,True,0.0,censored_distance_lower_bound,9105,,unbounded_log_interval,,9105,"{""log_distance"": 0.0, ""inside_interval"": true, ""signed_log_distance"": 0.0, ""distance_status"": ""censored_distance_lower_bound"", ""interval_width_tokens"": 9105, ""interval_log_width"": null, ""width_status"": ""unbounded_log_interval"", ""measured_lower_bound_D_U"": null, ""measured_upper_bound_D_U"": 9105}",0.0
gemma3-4b,50000,math:MATH-500,0.5,delta,student_isotonic,9003.666666666666,below,"[""gemma3-4b-below-r1"", ""gemma3-4b-below-r2"", ""gemma3-4b-below-r3""]","[""gemma3-4b-below-r1"", ""gemma3-4b-below-r2"", ""gemma3-4b-below-r3""]",True,9003.666666666666,9003.666666666666,9003.666666666666,False,True,0.0,0.009122327600064262,"{""status"": ""upper_bound"", ""interval"": [0, 9105]}",gemma3-4b|50000|math:MATH-500|0.5,0.0,True,0.0,censored_distance_lower_bound,9105,,unbounded_log_interval,,9105,"{""log_distance"": 0.0, ""inside_interval"": true, ""signed_log_distance"": 0.0, ""distance_status"": ""censored_distance_lower_bound"", ""interval_width_tokens"": 9105, ""interval_log_width"": null, ""width_status"": ""unbounded_log_interval"", ""measured_lower_bound_D_U"": null, ""measured_upper_bound_D_U"": 9105}",0.0
gemma3-4b,50000,qa:2Wiki-fresh,0.0,boundary,boundary_loglinear,38133,near,"[""gemma3-4b-near-r1"", ""gemma3-4b-near-r2"", ""gemma3-4b-near-r3""]","[""gemma3-4b-near-r1"", ""gemma3-4b-near-r2"", ""gemma3-4b-near-r3""]",True,38133,38133,38133,False,True,0.0,0.009122327600064262,"{""status"": ""replicate_ambiguous"", ""interval"": null}",gemma3-4b|50000|qa:2Wiki-fresh|0.0,,,,unresolved_interval,,,unresolved,,,"{""log_distance"": null, ""inside_interval"": null, ""signed_log_distance"": null, ""distance_status"": ""unresolved_interval"", ""interval_width_tokens"": null, ""interval_log_width"": null, ""width_status"": ""unresolved"", ""measured_lower_bound_D_U"": null, ""measured_upper_bound_D_U"": null}",0.0
gemma3-4b,50000,qa:2Wiki-fresh,0.0,boundary,fixed_reuse,9003.666666666666,below,"[""gemma3-4b-below-r1"", ""gemma3-4b-below-r2"", ""gemma3-4b-below-r3""]","[""gemma3-4b-near-r1"", ""gemma3-4b-near-r2"", ""gemma3-4b-near-r3""]",False,9003.666666666666,38133,38133,False,True,,0.009122327600064262,"{""status"": ""replicate_ambiguous"", ""interval"": null}",gemma3-4b|50000|qa:2Wiki-fresh|0.0,,,,unresolved_interval,,,unresolved,,,"{""log_distance"": null, ""inside_interval"": null, ""signed_log_distance"": null, ""distance_status"": ""unresolved_interval"", ""interval_width_tokens"": null, ""interval_log_width"": null, ""width_status"": ""unresolved"", ""measured_lower_bound_D_U"": null, ""measured_upper_bound_D_U"": null}",-1.4434481472048788
gemma3-4b,50000,qa:2Wiki-fresh,0.0,boundary,student_isotonic,38133,near,"[""gemma3-4b-near-r1"", ""gemma3-4b-near-r2"", ""gemma3-4b-near-r3""]","[""gemma3-4b-near-r1"", ""gemma3-4b-near-r2"", ""gemma3-4b-near-r3""]",True,38133,38133,38133,False,True,0.0,0.009122327600064262,"{""status"": ""replicate_ambiguous"", ""interval"": null}",gemma3-4b|50000|qa:2Wiki-fresh|0.0,,,,unresolved_interval,,,unresolved,,,"{""log_distance"": null, ""inside_interval"": null, ""signed_log_distance"": null, ""distance_status"": ""unresolved_interval"", ""interval_width_tokens"": null, ""interval_log_width"": null, ""width_status"": ""unresolved"", ""measured_lower_bound_D_U"": null, ""measured_upper_bound_D_U"": null}",0.0
gemma3-4b,50000,qa:2Wiki-fresh,0.0,delta,boundary_loglinear,38133,near,"[""gemma3-4b-near-r1"", ""gemma3-4b-near-r2"", ""gemma3-4b-near-r3""]","[""gemma3-4b-above-r1"", ""gemma3-4b-above-r2"", ""gemma3-4b-above-r3""]",True,38133,158391,49943,True,True,0.75924768452753,0.009122327600064262,"{""status"": ""replicate_ambiguous"", ""interval"": null}",gemma3-4b|50000|qa:2Wiki-fresh|0.0,,,,unresolved_interval,,,unresolved,,,"{""log_distance"": null, ""inside_interval"": null, ""signed_log_distance"": null, ""distance_status"": ""unresolved_interval"", ""interval_width_tokens"": null, ""interval_log_width"": null, ""width_status"": ""unresolved"", ""measured_lower_bound_D_U"": null, ""measured_upper_bound_D_U"": null}",-1.4239866106036516
gemma3-4b,50000,qa:2Wiki-fresh,0.0,delta,fixed_reuse,,,[],"[""gemma3-4b-above-r1"", ""gemma3-4b-above-r2"", ""gemma3-4b-above-r3""]",,,158391,49943,True,True,,0.009122327600064262,"{""status"": ""replicate_ambiguous"", ""interval"": null}",gemma3-4b|50000|qa:2Wiki-fresh|0.0,,,,unresolved_interval,,,unresolved,,,"{""log_distance"": null, ""inside_interval"": null, ""signed_log_distance"": null, ""distance_status"": ""unresolved_interval"", ""interval_width_tokens"": null, ""interval_log_width"": null, ""width_status"": ""unresolved"", ""measured_lower_bound_D_U"": null, ""measured_upper_bound_D_U"": null}",
gemma3-4b,50000,qa:2Wiki-fresh,0.0,delta,student_isotonic,9003.666666666666,below,"[""gemma3-4b-below-r1"", ""gemma3-4b-below-r2"", ""gemma3-4b-below-r3""]","[""gemma3-4b-above-r1"", ""gemma3-4b-above-r2"", ""gemma3-4b-above-r3""]",False,9003.666666666666,158391,49943,True,True,,0.009122327600064262,"{""status"": ""replicate_ambiguous"", ""interval"": null}",gemma3-4b|50000|qa:2Wiki-fresh|0.0,,,,unresolved_interval,,,unresolved,,,"{""log_distance"": null, ""inside_interval"": null, ""signed_log_distance"": null, ""distance_status"": ""unresolved_interval"", ""interval_width_tokens"": null, ""interval_log_width"": null, ""width_status"": ""unresolved"", ""measured_lower_bound_D_U"": null, ""measured_upper_bound_D_U"": null}",-2.8674347578085304
gemma3-4b,50000,qa:2Wiki-fresh,0.1,boundary,boundary_loglinear,38133,near,"[""gemma3-4b-near-r1"", ""gemma3-4b-near-r2"", ""gemma3-4b-near-r3""]","[""gemma3-4b-near-r1"", ""gemma3-4b-near-r2"", ""gemma3-4b-near-r3""]",True,38133,38133,38133,False,True,0.0,0.009122327600064262,"{""status"": ""replicate_ambiguous"", ""interval"": null}",gemma3-4b|50000|qa:2Wiki-fresh|0.1,,,,unresolved_interval,,,unresolved,,,"{""log_distance"": null, ""inside_interval"": null, ""signed_log_distance"": null, ""distance_status"": ""unresolved_interval"", ""interval_width_tokens"": null, ""interval_log_width"": null, ""width_status"": ""unresolved"", ""measured_lower_bound_D_U"": null, ""measured_upper_bound_D_U"": null}",0.0
gemma3-4b,50000,qa:2Wiki-fresh,0.1,boundary,fixed_reuse,9003.666666666666,below,"[""gemma3-4b-below-r1"", ""gemma3-4b-below-r2"", ""gemma3-4b-below-r3""]","[""gemma3-4b-near-r1"", ""gemma3-4b-near-r2"", ""gemma3-4b-near-r3""]",False,9003.666666666666,38133,38133,False,True,,0.009122327600064262,"{""status"": ""replicate_ambiguous"", ""interval"": null}",gemma3-4b|50000|qa:2Wiki-fresh|0.1,,,,unresolved_interval,,,unresolved,,,"{""log_distance"": null, ""inside_interval"": null, ""signed_log_distance"": null, ""distance_status"": ""unresolved_interval"", ""interval_width_tokens"": null, ""interval_log_width"": null, ""width_status"": ""unresolved"", ""measured_lower_bound_D_U"": null, ""measured_upper_bound_D_U"": null}",-1.4434481472048788
gemma3-4b,50000,qa:2Wiki-fresh,0.1,boundary,student_isotonic,38133,near,"[""gemma3-4b-near-r1"", ""gemma3-4b-near-r2"", ""gemma3-4b-near-r3""]","[""gemma3-4b-near-r1"", ""gemma3-4b-near-r2"", ""gemma3-4b-near-r3""]",True,38133,38133,38133,False,True,0.0,0.009122327600064262,"{""status"": ""replicate_ambiguous"", ""interval"": null}",gemma3-4b|50000|qa:2Wiki-fresh|0.1,,,,unresolved_interval,,,unresolved,,,"{""log_distance"": null, ""inside_interval"": null, ""signed_log_distance"": null, ""distance_status"": ""unresolved_interval"", ""interval_width_tokens"": null, ""interval_log_width"": null, ""width_status"": ""unresolved"", ""measured_lower_bound_D_U"": null, ""measured_upper_bound_D_U"": null}",0.0
gemma3-4b,50000,qa:2Wiki-fresh,0.1,delta,boundary_loglinear,38133,near,"[""gemma3-4b-near-r1"", ""gemma3-4b-near-r2"", ""gemma3-4b-near-r3""]","[""gemma3-4b-above-r1"", ""gemma3-4b-above-r2"", ""gemma3-4b-above-r3""]",True,38133,158391,49943,True,True,0.75924768452753,0.009122327600064262,"{""status"": ""replicate_ambiguous"", ""interval"": null}",gemma3-4b|50000|qa:2Wiki-fresh|0.1,,,,unresolved_interval,,,unresolved,,,"{""log_distance"": null, ""inside_interval"": null, ""signed_log_distance"": null, ""distance_status"": ""unresolved_interval"", ""interval_width_tokens"": null, ""interval_log_width"": null, ""width_status"": ""unresolved"", ""measured_lower_bound_D_U"": null, ""measured_upper_bound_D_U"": null}",-1.4239866106036516
gemma3-4b,50000,qa:2Wiki-fresh,0.1,delta,fixed_reuse,,,[],"[""gemma3-4b-above-r1"", ""gemma3-4b-above-r2"", ""gemma3-4b-above-r3""]",,,158391,49943,True,True,,0.009122327600064262,"{""status"": ""replicate_ambiguous"", ""interval"": null}",gemma3-4b|50000|qa:2Wiki-fresh|0.1,,,,unresolved_interval,,,unresolved,,,"{""log_distance"": null, ""inside_interval"": null, ""signed_log_distance"": null, ""distance_status"": ""unresolved_interval"", ""interval_width_tokens"": null, ""interval_log_width"": null, ""width_status"": ""unresolved"", ""measured_lower_bound_D_U"": null, ""measured_upper_bound_D_U"": null}",
gemma3-4b,50000,qa:2Wiki-fresh,0.1,delta,student_isotonic,9003.666666666666,below,"[""gemma3-4b-below-r1"", ""gemma3-4b-below-r2"", ""gemma3-4b-below-r3""]","[""gemma3-4b-above-r1"", ""gemma3-4b-above-r2"", ""gemma3-4b-above-r3""]",False,9003.666666666666,158391,49943,True,True,,0.009122327600064262,"{""status"": ""replicate_ambiguous"", ""interval"": null}",gemma3-4b|50000|qa:2Wiki-fresh|0.1,,,,unresolved_interval,,,unresolved,,,"{""log_distance"": null, ""inside_interval"": null, ""signed_log_distance"": null, ""distance_status"": ""unresolved_interval"", ""interval_width_tokens"": null, ""interval_log_width"": null, ""width_status"": ""unresolved"", ""measured_lower_bound_D_U"": null, ""measured_upper_bound_D_U"": null}",-2.8674347578085304
gemma3-4b,50000,qa:2Wiki-fresh,0.25,boundary,boundary_loglinear,38133,near,"[""gemma3-4b-near-r1"", ""gemma3-4b-near-r2"", ""gemma3-4b-near-r3""]","[""gemma3-4b-near-r1"", ""gemma3-4b-near-r2"", ""gemma3-4b-near-r3""]",True,38133,38133,38133,False,True,0.0,0.009122327600064262,"{""status"": ""replicate_ambiguous"", ""interval"": null}",gemma3-4b|50000|qa:2Wiki-fresh|0.25,,,,unresolved_interval,,,unresolved,,,"{""log_distance"": null, ""inside_interval"": null, ""signed_log_distance"": null, ""distance_status"": ""unresolved_interval"", ""interval_width_tokens"": null, ""interval_log_width"": null, ""width_status"": ""unresolved"", ""measured_lower_bound_D_U"": null, ""measured_upper_bound_D_U"": null}",0.0
gemma3-4b,50000,qa:2Wiki-fresh,0.25,boundary,fixed_reuse,9003.666666666666,below,"[""gemma3-4b-below-r1"", ""gemma3-4b-below-r2"", ""gemma3-4b-below-r3""]","[""gemma3-4b-near-r1"", ""gemma3-4b-near-r2"", ""gemma3-4b-near-r3""]",False,9003.666666666666,38133,38133,False,True,,0.009122327600064262,"{""status"": ""replicate_ambiguous"", ""interval"": null}",gemma3-4b|50000|qa:2Wiki-fresh|0.25,,,,unresolved_interval,,,unresolved,,,"{""log_distance"": null, ""inside_interval"": null, ""signed_log_distance"": null, ""distance_status"": ""unresolved_interval"", ""interval_width_tokens"": null, ""interval_log_width"": null, ""width_status"": ""unresolved"", ""measured_lower_bound_D_U"": null, ""measured_upper_bound_D_U"": null}",-1.4434481472048788
gemma3-4b,50000,qa:2Wiki-fresh,0.25,boundary,student_isotonic,38133,near,"[""gemma3-4b-near-r1"", ""gemma3-4b-near-r2"", ""gemma3-4b-near-r3""]","[""gemma3-4b-near-r1"", ""gemma3-4b-near-r2"", ""gemma3-4b-near-r3""]",True,38133,38133,38133,False,True,0.0,0.009122327600064262,"{""status"": ""replicate_ambiguous"", ""interval"": null}",gemma3-4b|50000|qa:2Wiki-fresh|0.25,,,,unresolved_interval,,,unresolved,,,"{""log_distance"": null, ""inside_interval"": null, ""signed_log_distance"": null, ""distance_status"": ""unresolved_interval"", ""interval_width_tokens"": null, ""interval_log_width"": null, ""width_status"": ""unresolved"", ""measured_lower_bound_D_U"": null, ""measured_upper_bound_D_U"": null}",0.0
gemma3-4b,50000,qa:2Wiki-fresh,0.25,delta,boundary_loglinear,38133,near,"[""gemma3-4b-near-r1"", ""gemma3-4b-near-r2"", ""gemma3-4b-near-r3""]","[""gemma3-4b-above-r1"", ""gemma3-4b-above-r2"", ""gemma3-4b-above-r3""]",True,38133,158391,49943,False,True,0.75924768452753,0.009122327600064262,"{""status"": ""replicate_ambiguous"", ""interval"": null}",gemma3-4b|50000|qa:2Wiki-fresh|0.25,,,,unresolved_interval,,,unresolved,,,"{""log_distance"": null, ""inside_interval"": null, ""signed_log_distance"": null, ""distance_status"": ""unresolved_interval"", ""interval_width_tokens"": null, ""interval_log_width"": null, ""width_status"": ""unresolved"", ""measured_lower_bound_D_U"": null, ""measured_upper_bound_D_U"": null}",-1.4239866106036516
gemma3-4b,50000,qa:2Wiki-fresh,0.25,delta,fixed_reuse,158391,above,"[""gemma3-4b-above-r1"", ""gemma3-4b-above-r2"", ""gemma3-4b-above-r3""]","[""gemma3-4b-above-r1"", ""gemma3-4b-above-r2"", ""gemma3-4b-above-r3""]",True,49943,158391,49943,False,True,0.0,0.009122327600064262,"{""status"": ""replicate_ambiguous"", ""interval"": null}",gemma3-4b|50000|qa:2Wiki-fresh|0.25,,,,unresolved_interval,,,unresolved,,,"{""log_distance"": null, ""inside_interval"": null, ""signed_log_distance"": null, ""distance_status"": ""unresolved_interval"", ""interval_width_tokens"": null, ""interval_log_width"": null, ""width_status"": ""unresolved"", ""measured_lower_bound_D_U"": null, ""measured_upper_bound_D_U"": null}",0.0
gemma3-4b,50000,qa:2Wiki-fresh,0.25,delta,student_isotonic,9003.666666666666,below,"[""gemma3-4b-below-r1"", ""gemma3-4b-below-r2"", ""gemma3-4b-below-r3""]","[""gemma3-4b-above-r1"", ""gemma3-4b-above-r2"", ""gemma3-4b-above-r3""]",False,9003.666666666666,158391,49943,False,True,,0.009122327600064262,"{""status"": ""replicate_ambiguous"", ""interval"": null}",gemma3-4b|50000|qa:2Wiki-fresh|0.25,,,,unresolved_interval,,,unresolved,,,"{""log_distance"": null, ""inside_interval"": null, ""signed_log_distance"": null, ""distance_status"": ""unresolved_interval"", ""interval_width_tokens"": null, ""interval_log_width"": null, ""width_status"": ""unresolved"", ""measured_lower_bound_D_U"": null, ""measured_upper_bound_D_U"": null}",-2.8674347578085304
gemma3-4b,50000,qa:2Wiki-fresh,0.5,boundary,boundary_loglinear,38133,near,"[""gemma3-4b-near-r1"", ""gemma3-4b-near-r2"", ""gemma3-4b-near-r3""]","[""gemma3-4b-near-r1"", ""gemma3-4b-near-r2"", ""gemma3-4b-near-r3""]",True,38133,38133,38133,False,True,0.0,0.009122327600064262,"{""status"": ""replicate_ambiguous"", ""interval"": null}",gemma3-4b|50000|qa:2Wiki-fresh|0.5,,,,unresolved_interval,,,unresolved,,,"{""log_distance"": null, ""inside_interval"": null, ""signed_log_distance"": null, ""distance_status"": ""unresolved_interval"", ""interval_width_tokens"": null, ""interval_log_width"": null, ""width_status"": ""unresolved"", ""measured_lower_bound_D_U"": null, ""measured_upper_bound_D_U"": null}",0.0
gemma3-4b,50000,qa:2Wiki-fresh,0.5,boundary,fixed_reuse,38133,near,"[""gemma3-4b-near-r1"", ""gemma3-4b-near-r2"", ""gemma3-4b-near-r3""]","[""gemma3-4b-near-r1"", ""gemma3-4b-near-r2"", ""gemma3-4b-near-r3""]",True,38133,38133,38133,False,True,0.0,0.009122327600064262,"{""status"": ""replicate_ambiguous"", ""interval"": null}",gemma3-4b|50000|qa:2Wiki-fresh|0.5,,,,unresolved_interval,,,unresolved,,,"{""log_distance"": null, ""inside_interval"": null, ""signed_log_distance"": null, ""distance_status"": ""unresolved_interval"", ""interval_width_tokens"": null, ""interval_log_width"": null, ""width_status"": ""unresolved"", ""measured_lower_bound_D_U"": null, ""measured_upper_bound_D_U"": null}",0.0
gemma3-4b,50000,qa:2Wiki-fresh,0.5,boundary,student_isotonic,38133,near,"[""gemma3-4b-near-r1"", ""gemma3-4b-near-r2"", ""gemma3-4b-near-r3""]","[""gemma3-4b-near-r1"", ""gemma3-4b-near-r2"", ""gemma3-4b-near-r3""]",True,38133,38133,38133,False,True,0.0,0.009122327600064262,"{""status"": ""replicate_ambiguous"", ""interval"": null}",gemma3-4b|50000|qa:2Wiki-fresh|0.5,,,,unresolved_interval,,,unresolved,,,"{""log_distance"": null, ""inside_interval"": null, ""signed_log_distance"": null, ""distance_status"": ""unresolved_interval"", ""interval_width_tokens"": null, ""interval_log_width"": null, ""width_status"": ""unresolved"", ""measured_lower_bound_D_U"": null, ""measured_upper_bound_D_U"": null}",0.0
gemma3-4b,50000,qa:2Wiki-fresh,0.5,delta,boundary_loglinear,38133,near,"[""gemma3-4b-near-r1"", ""gemma3-4b-near-r2"", ""gemma3-4b-near-r3""]","[""gemma3-4b-near-r1"", ""gemma3-4b-near-r2"", ""gemma3-4b-near-r3""]",True,38133,38133,38133,False,True,0.0,0.009122327600064262,"{""status"": ""replicate_ambiguous"", ""interval"": null}",gemma3-4b|50000|qa:2Wiki-fresh|0.5,,,,unresolved_interval,,,unresolved,,,"{""log_distance"": null, ""inside_interval"": null, ""signed_log_distance"": null, ""distance_status"": ""unresolved_interval"", ""interval_width_tokens"": null, ""interval_log_width"": null, ""width_status"": ""unresolved"", ""measured_lower_bound_D_U"": null, ""measured_upper_bound_D_U"": null}",0.0
gemma3-4b,50000,qa:2Wiki-fresh,0.5,delta,fixed_reuse,38133,near,"[""gemma3-4b-near-r1"", ""gemma3-4b-near-r2"", ""gemma3-4b-near-r3""]","[""gemma3-4b-near-r1"", ""gemma3-4b-near-r2"", ""gemma3-4b-near-r3""]",True,38133,38133,38133,False,True,0.0,0.009122327600064262,"{""status"": ""replicate_ambiguous"", ""interval"": null}",gemma3-4b|50000|qa:2Wiki-fresh|0.5,,,,unresolved_interval,,,unresolved,,,"{""log_distance"": null, ""inside_interval"": null, ""signed_log_distance"": null, ""distance_status"": ""unresolved_interval"", ""interval_width_tokens"": null, ""interval_log_width"": null, ""width_status"": ""unresolved"", ""measured_lower_bound_D_U"": null, ""measured_upper_bound_D_U"": null}",0.0
gemma3-4b,50000,qa:2Wiki-fresh,0.5,delta,student_isotonic,9003.666666666666,below,"[""gemma3-4b-below-r1"", ""gemma3-4b-below-r2"", ""gemma3-4b-below-r3""]","[""gemma3-4b-near-r1"", ""gemma3-4b-near-r2"", ""gemma3-4b-near-r3""]",False,9003.666666666666,38133,38133,False,True,,0.009122327600064262,"{""status"": ""replicate_ambiguous"", ""interval"": null}",gemma3-4b|50000|qa:2Wiki-fresh|0.5,,,,unresolved_interval,,,unresolved,,,"{""log_distance"": null, ""inside_interval"": null, ""signed_log_distance"": null, ""distance_status"": ""unresolved_interval"", ""interval_width_tokens"": null, ""interval_log_width"": null, ""width_status"": ""unresolved"", ""measured_lower_bound_D_U"": null, ""measured_upper_bound_D_U"": null}",-1.4434481472048788
gemma3-4b,50000,qa:2Wiki-probe,0.0,boundary,boundary_loglinear,38133,near,"[""gemma3-4b-near-r1"", ""gemma3-4b-near-r2"", ""gemma3-4b-near-r3""]","[""gemma3-4b-above-r1"", ""gemma3-4b-above-r2"", ""gemma3-4b-above-r3""]",True,38133,158391,49943,False,True,0.75924768452753,0.009122327600064262,"{""status"": ""replicate_ambiguous"", ""interval"": null}",gemma3-4b|50000|qa:2Wiki-probe|0.0,,,,unresolved_interval,,,unresolved,,,"{""log_distance"": null, ""inside_interval"": null, ""signed_log_distance"": null, ""distance_status"": ""unresolved_interval"", ""interval_width_tokens"": null, ""interval_log_width"": null, ""width_status"": ""unresolved"", ""measured_lower_bound_D_U"": null, ""measured_upper_bound_D_U"": null}",-1.4239866106036516
gemma3-4b,50000,qa:2Wiki-probe,0.0,boundary,fixed_reuse,9003.666666666666,below,"[""gemma3-4b-below-r1"", ""gemma3-4b-below-r2"", ""gemma3-4b-below-r3""]","[""gemma3-4b-above-r1"", ""gemma3-4b-above-r2"", ""gemma3-4b-above-r3""]",False,9003.666666666666,158391,49943,False,True,,0.009122327600064262,"{""status"": ""replicate_ambiguous"", ""interval"": null}",gemma3-4b|50000|qa:2Wiki-probe|0.0,,,,unresolved_interval,,,unresolved,,,"{""log_distance"": null, ""inside_interval"": null, ""signed_log_distance"": null, ""distance_status"": ""unresolved_interval"", ""interval_width_tokens"": null, ""interval_log_width"": null, ""width_status"": ""unresolved"", ""measured_lower_bound_D_U"": null, ""measured_upper_bound_D_U"": null}",-2.8674347578085304
gemma3-4b,50000,qa:2Wiki-probe,0.0,boundary,student_isotonic,158391,above,"[""gemma3-4b-above-r1"", ""gemma3-4b-above-r2"", ""gemma3-4b-above-r3""]","[""gemma3-4b-above-r1"", ""gemma3-4b-above-r2"", ""gemma3-4b-above-r3""]",True,49943,158391,49943,False,True,0.0,0.009122327600064262,"{""status"": ""replicate_ambiguous"", ""interval"": null}",gemma3-4b|50000|qa:2Wiki-probe|0.0,,,,unresolved_interval,,,unresolved,,,"{""log_distance"": null, ""inside_interval"": null, ""signed_log_distance"": null, ""distance_status"": ""unresolved_interval"", ""interval_width_tokens"": null, ""interval_log_width"": null, ""width_status"": ""unresolved"", ""measured_lower_bound_D_U"": null, ""measured_upper_bound_D_U"": null}",0.0
gemma3-4b,50000,qa:2Wiki-probe,0.0,delta,boundary_loglinear,38133,near,"[""gemma3-4b-near-r1"", ""gemma3-4b-near-r2"", ""gemma3-4b-near-r3""]","[""gemma3-4b-below-r1"", ""gemma3-4b-below-r2"", ""gemma3-4b-below-r3""]",True,38133,9003.666666666666,9003.666666666666,False,False,,0.009122327600064262,"{""status"": ""replicate_ambiguous"", ""interval"": null}",gemma3-4b|50000|qa:2Wiki-probe|0.0,,,,unresolved_interval,,,unresolved,,,"{""log_distance"": null, ""inside_interval"": null, ""signed_log_distance"": null, ""distance_status"": ""unresolved_interval"", ""interval_width_tokens"": null, ""interval_log_width"": null, ""width_status"": ""unresolved"", ""measured_lower_bound_D_U"": null, ""measured_upper_bound_D_U"": null}",1.443448147204879
gemma3-4b,50000,qa:2Wiki-probe,0.0,delta,fixed_reuse,9003.666666666666,below,"[""gemma3-4b-below-r1"", ""gemma3-4b-below-r2"", ""gemma3-4b-below-r3""]","[""gemma3-4b-below-r1"", ""gemma3-4b-below-r2"", ""gemma3-4b-below-r3""]",False,9003.666666666666,9003.666666666666,9003.666666666666,False,False,,0.009122327600064262,"{""status"": ""replicate_ambiguous"", ""interval"": null}",gemma3-4b|50000|qa:2Wiki-probe|0.0,,,,unresolved_interval,,,unresolved,,,"{""log_distance"": null, ""inside_interval"": null, ""signed_log_distance"": null, ""distance_status"": ""unresolved_interval"", ""interval_width_tokens"": null, ""interval_log_width"": null, ""width_status"": ""unresolved"", ""measured_lower_bound_D_U"": null, ""measured_upper_bound_D_U"": null}",0.0
gemma3-4b,50000,qa:2Wiki-probe,0.0,delta,student_isotonic,9003.666666666666,below,"[""gemma3-4b-below-r1"", ""gemma3-4b-below-r2"", ""gemma3-4b-below-r3""]","[""gemma3-4b-below-r1"", ""gemma3-4b-below-r2"", ""gemma3-4b-below-r3""]",False,9003.666666666666,9003.666666666666,9003.666666666666,False,False,,0.009122327600064262,"{""status"": ""replicate_ambiguous"", ""interval"": null}",gemma3-4b|50000|qa:2Wiki-probe|0.0,,,,unresolved_interval,,,unresolved,,,"{""log_distance"": null, ""inside_interval"": null, ""signed_log_distance"": null, ""distance_status"": ""unresolved_interval"", ""interval_width_tokens"": null, ""interval_log_width"": null, ""width_status"": ""unresolved"", ""measured_lower_bound_D_U"": null, ""measured_upper_bound_D_U"": null}",0.0
gemma3-4b,50000,qa:2Wiki-probe,0.1,boundary,boundary_loglinear,38133,near,"[""gemma3-4b-near-r1"", ""gemma3-4b-near-r2"", ""gemma3-4b-near-r3""]","[""gemma3-4b-above-r1"", ""gemma3-4b-above-r2"", ""gemma3-4b-above-r3""]",True,38133,158391,49943,False,True,0.75924768452753,0.009122327600064262,"{""status"": ""replicate_ambiguous"", ""interval"": null}",gemma3-4b|50000|qa:2Wiki-probe|0.1,,,,unresolved_interval,,,unresolved,,,"{""log_distance"": null, ""inside_interval"": null, ""signed_log_distance"": null, ""distance_status"": ""unresolved_interval"", ""interval_width_tokens"": null, ""interval_log_width"": null, ""width_status"": ""unresolved"", ""measured_lower_bound_D_U"": null, ""measured_upper_bound_D_U"": null}",-1.4239866106036516
gemma3-4b,50000,qa:2Wiki-probe,0.1,boundary,fixed_reuse,38133,near,"[""gemma3-4b-near-r1"", ""gemma3-4b-near-r2"", ""gemma3-4b-near-r3""]","[""gemma3-4b-above-r1"", ""gemma3-4b-above-r2"", ""gemma3-4b-above-r3""]",True,38133,158391,49943,False,True,0.75924768452753,0.009122327600064262,"{""status"": ""replicate_ambiguous"", ""interval"": null}",gemma3-4b|50000|qa:2Wiki-probe|0.1,,,,unresolved_interval,,,unresolved,,,"{""log_distance"": null, ""inside_interval"": null, ""signed_log_distance"": null, ""distance_status"": ""unresolved_interval"", ""interval_width_tokens"": null, ""interval_log_width"": null, ""width_status"": ""unresolved"", ""measured_lower_bound_D_U"": null, ""measured_upper_bound_D_U"": null}",-1.4239866106036516
gemma3-4b,50000,qa:2Wiki-probe,0.1,boundary,student_isotonic,158391,above,"[""gemma3-4b-above-r1"", ""gemma3-4b-above-r2"", ""gemma3-4b-above-r3""]","[""gemma3-4b-above-r1"", ""gemma3-4b-above-r2"", ""gemma3-4b-above-r3""]",True,49943,158391,49943,False,True,0.0,0.009122327600064262,"{""status"": ""replicate_ambiguous"", ""interval"": null}",gemma3-4b|50000|qa:2Wiki-probe|0.1,,,,unresolved_interval,,,unresolved,,,"{""log_distance"": null, ""inside_interval"": null, ""signed_log_distance"": null, ""distance_status"": ""unresolved_interval"", ""interval_width_tokens"": null, ""interval_log_width"": null, ""width_status"": ""unresolved"", ""measured_lower_bound_D_U"": null, ""measured_upper_bound_D_U"": null}",0.0
gemma3-4b,50000,qa:2Wiki-probe,0.1,delta,boundary_loglinear,38133,near,"[""gemma3-4b-near-r1"", ""gemma3-4b-near-r2"", ""gemma3-4b-near-r3""]","[""gemma3-4b-below-r1"", ""gemma3-4b-below-r2"", ""gemma3-4b-below-r3""]",True,38133,9003.666666666666,9003.666666666666,False,False,,0.009122327600064262,"{""status"": ""replicate_ambiguous"", ""interval"": null}",gemma3-4b|50000|qa:2Wiki-probe|0.1,,,,unresolved_interval,,,unresolved,,,"{""log_distance"": null, ""inside_interval"": null, ""signed_log_distance"": null, ""distance_status"": ""unresolved_interval"", ""interval_width_tokens"": null, ""interval_log_width"": null, ""width_status"": ""unresolved"", ""measured_lower_bound_D_U"": null, ""measured_upper_bound_D_U"": null}",1.443448147204879
gemma3-4b,50000,qa:2Wiki-probe,0.1,delta,fixed_reuse,9003.666666666666,below,"[""gemma3-4b-below-r1"", ""gemma3-4b-below-r2"", ""gemma3-4b-below-r3""]","[""gemma3-4b-below-r1"", ""gemma3-4b-below-r2"", ""gemma3-4b-below-r3""]",False,9003.666666666666,9003.666666666666,9003.666666666666,False,False,,0.009122327600064262,"{""status"": ""replicate_ambiguous"", ""interval"": null}",gemma3-4b|50000|qa:2Wiki-probe|0.1,,,,unresolved_interval,,,unresolved,,,"{""log_distance"": null, ""inside_interval"": null, ""signed_log_distance"": null, ""distance_status"": ""unresolved_interval"", ""interval_width_tokens"": null, ""interval_log_width"": null, ""width_status"": ""unresolved"", ""measured_lower_bound_D_U"": null, ""measured_upper_bound_D_U"": null}",0.0
gemma3-4b,50000,qa:2Wiki-probe,0.1,delta,student_isotonic,9003.666666666666,below,"[""gemma3-4b-below-r1"", ""gemma3-4b-below-r2"", ""gemma3-4b-below-r3""]","[""gemma3-4b-below-r1"", ""gemma3-4b-below-r2"", ""gemma3-4b-below-r3""]",False,9003.666666666666,9003.666666666666,9003.666666666666,False,False,,0.009122327600064262,"{""status"": ""replicate_ambiguous"", ""interval"": null}",gemma3-4b|50000|qa:2Wiki-probe|0.1,,,,unresolved_interval,,,unresolved,,,"{""log_distance"": null, ""inside_interval"": null, ""signed_log_distance"": null, ""distance_status"": ""unresolved_interval"", ""interval_width_tokens"": null, ""interval_log_width"": null, ""width_status"": ""unresolved"", ""measured_lower_bound_D_U"": null, ""measured_upper_bound_D_U"": null}",0.0
gemma3-4b,50000,qa:2Wiki-probe,0.25,boundary,boundary_loglinear,38133,near,"[""gemma3-4b-near-r1"", ""gemma3-4b-near-r2"", ""gemma3-4b-near-r3""]","[""gemma3-4b-above-r1"", ""gemma3-4b-above-r2"", ""gemma3-4b-above-r3""]",True,38133,158391,49943,False,True,0.75924768452753,0.009122327600064262,"{""status"": ""replicate_ambiguous"", ""interval"": null}",gemma3-4b|50000|qa:2Wiki-probe|0.25,,,,unresolved_interval,,,unresolved,,,"{""log_distance"": null, ""inside_interval"": null, ""signed_log_distance"": null, ""distance_status"": ""unresolved_interval"", ""interval_width_tokens"": null, ""interval_log_width"": null, ""width_status"": ""unresolved"", ""measured_lower_bound_D_U"": null, ""measured_upper_bound_D_U"": null}",-1.4239866106036516
gemma3-4b,50000,qa:2Wiki-probe,0.25,boundary,fixed_reuse,38133,near,"[""gemma3-4b-near-r1"", ""gemma3-4b-near-r2"", ""gemma3-4b-near-r3""]","[""gemma3-4b-above-r1"", ""gemma3-4b-above-r2"", ""gemma3-4b-above-r3""]",True,38133,158391,49943,False,True,0.75924768452753,0.009122327600064262,"{""status"": ""replicate_ambiguous"", ""interval"": null}",gemma3-4b|50000|qa:2Wiki-probe|0.25,,,,unresolved_interval,,,unresolved,,,"{""log_distance"": null, ""inside_interval"": null, ""signed_log_distance"": null, ""distance_status"": ""unresolved_interval"", ""interval_width_tokens"": null, ""interval_log_width"": null, ""width_status"": ""unresolved"", ""measured_lower_bound_D_U"": null, ""measured_upper_bound_D_U"": null}",-1.4239866106036516
gemma3-4b,50000,qa:2Wiki-probe,0.25,boundary,student_isotonic,158391,above,"[""gemma3-4b-above-r1"", ""gemma3-4b-above-r2"", ""gemma3-4b-above-r3""]","[""gemma3-4b-above-r1"", ""gemma3-4b-above-r2"", ""gemma3-4b-above-r3""]",True,49943,158391,49943,False,True,0.0,0.009122327600064262,"{""status"": ""replicate_ambiguous"", ""interval"": null}",gemma3-4b|50000|qa:2Wiki-probe|0.25,,,,unresolved_interval,,,unresolved,,,"{""log_distance"": null, ""inside_interval"": null, ""signed_log_distance"": null, ""distance_status"": ""unresolved_interval"", ""interval_width_tokens"": null, ""interval_log_width"": null, ""width_status"": ""unresolved"", ""measured_lower_bound_D_U"": null, ""measured_upper_bound_D_U"": null}",0.0
gemma3-4b,50000,qa:2Wiki-probe,0.25,delta,boundary_loglinear,9003.666666666666,below,"[""gemma3-4b-below-r1"", ""gemma3-4b-below-r2"", ""gemma3-4b-below-r3""]","[""gemma3-4b-below-r1"", ""gemma3-4b-below-r2"", ""gemma3-4b-below-r3""]",False,9003.666666666666,9003.666666666666,9003.666666666666,False,False,,0.009122327600064262,"{""status"": ""replicate_ambiguous"", ""interval"": null}",gemma3-4b|50000|qa:2Wiki-probe|0.25,,,,unresolved_interval,,,unresolved,,,"{""log_distance"": null, ""inside_interval"": null, ""signed_log_distance"": null, ""distance_status"": ""unresolved_interval"", ""interval_width_tokens"": null, ""interval_log_width"": null, ""width_status"": ""unresolved"", ""measured_lower_bound_D_U"": null, ""measured_upper_bound_D_U"": null}",0.0
gemma3-4b,50000,qa:2Wiki-probe,0.25,delta,fixed_reuse,9003.666666666666,below,"[""gemma3-4b-below-r1"", ""gemma3-4b-below-r2"", ""gemma3-4b-below-r3""]","[""gemma3-4b-below-r1"", ""gemma3-4b-below-r2"", ""gemma3-4b-below-r3""]",False,9003.666666666666,9003.666666666666,9003.666666666666,False,False,,0.009122327600064262,"{""status"": ""replicate_ambiguous"", ""interval"": null}",gemma3-4b|50000|qa:2Wiki-probe|0.25,,,,unresolved_interval,,,unresolved,,,"{""log_distance"": null, ""inside_interval"": null, ""signed_log_distance"": null, ""distance_status"": ""unresolved_interval"", ""interval_width_tokens"": null, ""interval_log_width"": null, ""width_status"": ""unresolved"", ""measured_lower_bound_D_U"": null, ""measured_upper_bound_D_U"": null}",0.0
gemma3-4b,50000,qa:2Wiki-probe,0.25,delta,student_isotonic,9003.666666666666,below,"[""gemma3-4b-below-r1"", ""gemma3-4b-below-r2"", ""gemma3-4b-below-r3""]","[""gemma3-4b-below-r1"", ""gemma3-4b-below-r2"", ""gemma3-4b-below-r3""]",False,9003.666666666666,9003.666666666666,9003.666666666666,False,False,,0.009122327600064262,"{""status"": ""replicate_ambiguous"", ""interval"": null}",gemma3-4b|50000|qa:2Wiki-probe|0.25,,,,unresolved_interval,,,unresolved,,,"{""log_distance"": null, ""inside_interval"": null, ""signed_log_distance"": null, ""distance_status"": ""unresolved_interval"", ""interval_width_tokens"": null, ""interval_log_width"": null, ""width_status"": ""unresolved"", ""measured_lower_bound_D_U"": null, ""measured_upper_bound_D_U"": null}",0.0
gemma3-4b,50000,qa:2Wiki-probe,0.5,boundary,boundary_loglinear,38133,near,"[""gemma3-4b-near-r1"", ""gemma3-4b-near-r2"", ""gemma3-4b-near-r3""]","[""gemma3-4b-above-r1"", ""gemma3-4b-above-r2"", ""gemma3-4b-above-r3""]",True,38133,158391,49943,False,True,0.75924768452753,0.009122327600064262,"{""status"": ""replicate_ambiguous"", ""interval"": null}",gemma3-4b|50000|qa:2Wiki-probe|0.5,,,,unresolved_interval,,,unresolved,,,"{""log_distance"": null, ""inside_interval"": null, ""signed_log_distance"": null, ""distance_status"": ""unresolved_interval"", ""interval_width_tokens"": null, ""interval_log_width"": null, ""width_status"": ""unresolved"", ""measured_lower_bound_D_U"": null, ""measured_upper_bound_D_U"": null}",-1.4239866106036516
gemma3-4b,50000,qa:2Wiki-probe,0.5,boundary,fixed_reuse,38133,near,"[""gemma3-4b-near-r1"", ""gemma3-4b-near-r2"", ""gemma3-4b-near-r3""]","[""gemma3-4b-above-r1"", ""gemma3-4b-above-r2"", ""gemma3-4b-above-r3""]",True,38133,158391,49943,False,True,0.75924768452753,0.009122327600064262,"{""status"": ""replicate_ambiguous"", ""interval"": null}",gemma3-4b|50000|qa:2Wiki-probe|0.5,,,,unresolved_interval,,,unresolved,,,"{""log_distance"": null, ""inside_interval"": null, ""signed_log_distance"": null, ""distance_status"": ""unresolved_interval"", ""interval_width_tokens"": null, ""interval_log_width"": null, ""width_status"": ""unresolved"", ""measured_lower_bound_D_U"": null, ""measured_upper_bound_D_U"": null}",-1.4239866106036516
gemma3-4b,50000,qa:2Wiki-probe,0.5,boundary,student_isotonic,158391,above,"[""gemma3-4b-above-r1"", ""gemma3-4b-above-r2"", ""gemma3-4b-above-r3""]","[""gemma3-4b-above-r1"", ""gemma3-4b-above-r2"", ""gemma3-4b-above-r3""]",True,49943,158391,49943,False,True,0.0,0.009122327600064262,"{""status"": ""replicate_ambiguous"", ""interval"": null}",gemma3-4b|50000|qa:2Wiki-probe|0.5,,,,unresolved_interval,,,unresolved,,,"{""log_distance"": null, ""inside_interval"": null, ""signed_log_distance"": null, ""distance_status"": ""unresolved_interval"", ""interval_width_tokens"": null, ""interval_log_width"": null, ""width_status"": ""unresolved"", ""measured_lower_bound_D_U"": null, ""measured_upper_bound_D_U"": null}",0.0
gemma3-4b,50000,qa:2Wiki-probe,0.5,delta,boundary_loglinear,9003.666666666666,below,"[""gemma3-4b-below-r1"", ""gemma3-4b-below-r2"", ""gemma3-4b-below-r3""]","[""gemma3-4b-below-r1"", ""gemma3-4b-below-r2"", ""gemma3-4b-below-r3""]",False,9003.666666666666,9003.666666666666,9003.666666666666,False,False,,0.009122327600064262,"{""status"": ""replicate_ambiguous"", ""interval"": null}",gemma3-4b|50000|qa:2Wiki-probe|0.5,,,,unresolved_interval,,,unresolved,,,"{""log_distance"": null, ""inside_interval"": null, ""signed_log_distance"": null, ""distance_status"": ""unresolved_interval"", ""interval_width_tokens"": null, ""interval_log_width"": null, ""width_status"": ""unresolved"", ""measured_lower_bound_D_U"": null, ""measured_upper_bound_D_U"": null}",0.0
gemma3-4b,50000,qa:2Wiki-probe,0.5,delta,fixed_reuse,9003.666666666666,below,"[""gemma3-4b-below-r1"", ""gemma3-4b-below-r2"", ""gemma3-4b-below-r3""]","[""gemma3-4b-below-r1"", ""gemma3-4b-below-r2"", ""gemma3-4b-below-r3""]",False,9003.666666666666,9003.666666666666,9003.666666666666,False,False,,0.009122327600064262,"{""status"": ""replicate_ambiguous"", ""interval"": null}",gemma3-4b|50000|qa:2Wiki-probe|0.5,,,,unresolved_interval,,,unresolved,,,"{""log_distance"": null, ""inside_interval"": null, ""signed_log_distance"": null, ""distance_status"": ""unresolved_interval"", ""interval_width_tokens"": null, ""interval_log_width"": null, ""width_status"": ""unresolved"", ""measured_lower_bound_D_U"": null, ""measured_upper_bound_D_U"": null}",0.0
gemma3-4b,50000,qa:2Wiki-probe,0.5,delta,student_isotonic,9003.666666666666,below,"[""gemma3-4b-below-r1"", ""gemma3-4b-below-r2"", ""gemma3-4b-below-r3""]","[""gemma3-4b-below-r1"", ""gemma3-4b-below-r2"", ""gemma3-4b-below-r3""]",False,9003.666666666666,9003.666666666666,9003.666666666666,False,False,,0.009122327600064262,"{""status"": ""replicate_ambiguous"", ""interval"": null}",gemma3-4b|50000|qa:2Wiki-probe|0.5,,,,unresolved_interval,,,unresolved,,,"{""log_distance"": null, ""inside_interval"": null, ""signed_log_distance"": null, ""distance_status"": ""unresolved_interval"", ""interval_width_tokens"": null, ""interval_log_width"": null, ""width_status"": ""unresolved"", ""measured_lower_bound_D_U"": null, ""measured_upper_bound_D_U"": null}",0.0
gemma3-4b,50000,qa:MuSiQue,0.0,boundary,boundary_loglinear,38133,near,"[""gemma3-4b-near-r1"", ""gemma3-4b-near-r2"", ""gemma3-4b-near-r3""]","[""gemma3-4b-near-r1"", ""gemma3-4b-near-r2"", ""gemma3-4b-near-r3""]",False,38133,38133,38133,False,False,,0.009122327600064262,"{""status"": ""lower_bound"", ""interval"": [158391, null]}",gemma3-4b|50000|qa:MuSiQue|0.0,1.4239866106036516,False,-1.4239866106036516,censored_distance_lower_bound,,,unbounded_log_interval,158391,,"{""log_distance"": 1.4239866106036516, ""inside_interval"": false, ""signed_log_distance"": -1.4239866106036516, ""distance_status"": ""censored_distance_lower_bound"", ""interval_width_tokens"": null, ""interval_log_width"": null, ""width_status"": ""unbounded_log_interval"", ""measured_lower_bound_D_U"": 158391, ""measured_upper_bound_D_U"": null}",0.0
gemma3-4b,50000,qa:MuSiQue,0.0,boundary,fixed_reuse,38133,near,"[""gemma3-4b-near-r1"", ""gemma3-4b-near-r2"", ""gemma3-4b-near-r3""]","[""gemma3-4b-near-r1"", ""gemma3-4b-near-r2"", ""gemma3-4b-near-r3""]",False,38133,38133,38133,False,False,,0.009122327600064262,"{""status"": ""lower_bound"", ""interval"": [158391, null]}",gemma3-4b|50000|qa:MuSiQue|0.0,1.4239866106036516,False,-1.4239866106036516,censored_distance_lower_bound,,,unbounded_log_interval,158391,,"{""log_distance"": 1.4239866106036516, ""inside_interval"": false, ""signed_log_distance"": -1.4239866106036516, ""distance_status"": ""censored_distance_lower_bound"", ""interval_width_tokens"": null, ""interval_log_width"": null, ""width_status"": ""unbounded_log_interval"", ""measured_lower_bound_D_U"": 158391, ""measured_upper_bound_D_U"": null}",0.0
gemma3-4b,50000,qa:MuSiQue,0.0,boundary,student_isotonic,38133,near,"[""gemma3-4b-near-r1"", ""gemma3-4b-near-r2"", ""gemma3-4b-near-r3""]","[""gemma3-4b-near-r1"", ""gemma3-4b-near-r2"", ""gemma3-4b-near-r3""]",False,38133,38133,38133,False,False,,0.009122327600064262,"{""status"": ""lower_bound"", ""interval"": [158391, null]}",gemma3-4b|50000|qa:MuSiQue|0.0,1.4239866106036516,False,-1.4239866106036516,censored_distance_lower_bound,,,unbounded_log_interval,158391,,"{""log_distance"": 1.4239866106036516, ""inside_interval"": false, ""signed_log_distance"": -1.4239866106036516, ""distance_status"": ""censored_distance_lower_bound"", ""interval_width_tokens"": null, ""interval_log_width"": null, ""width_status"": ""unbounded_log_interval"", ""measured_lower_bound_D_U"": 158391, ""measured_upper_bound_D_U"": null}",0.0
gemma3-4b,50000,qa:MuSiQue,0.0,delta,boundary_loglinear,38133,near,"[""gemma3-4b-near-r1"", ""gemma3-4b-near-r2"", ""gemma3-4b-near-r3""]","[""gemma3-4b-above-r1"", ""gemma3-4b-above-r2"", ""gemma3-4b-above-r3""]",False,38133,158391,49943,True,False,,0.009122327600064262,"{""status"": ""lower_bound"", ""interval"": [158391, null]}",gemma3-4b|50000|qa:MuSiQue|0.0,1.4239866106036516,False,-1.4239866106036516,censored_distance_lower_bound,,,unbounded_log_interval,158391,,"{""log_distance"": 0.0, ""inside_interval"": true, ""signed_log_distance"": 0.0, ""distance_status"": ""censored_distance_lower_bound"", ""interval_width_tokens"": null, ""interval_log_width"": null, ""width_status"": ""unbounded_log_interval"", ""measured_lower_bound_D_U"": 158391, ""measured_upper_bound_D_U"": null}",-1.4239866106036516
gemma3-4b,50000,qa:MuSiQue,0.0,delta,fixed_reuse,,,[],"[""gemma3-4b-above-r1"", ""gemma3-4b-above-r2"", ""gemma3-4b-above-r3""]",,,158391,49943,True,False,,0.009122327600064262,"{""status"": ""lower_bound"", ""interval"": [158391, null]}",gemma3-4b|50000|qa:MuSiQue|0.0,,,,no_recommendation,,,unbounded_log_interval,158391,,"{""log_distance"": 0.0, ""inside_interval"": true, ""signed_log_distance"": 0.0, ""distance_status"": ""censored_distance_lower_bound"", ""interval_width_tokens"": null, ""interval_log_width"": null, ""width_status"": ""unbounded_log_interval"", ""measured_lower_bound_D_U"": 158391, ""measured_upper_bound_D_U"": null}",
gemma3-4b,50000,qa:MuSiQue,0.0,delta,student_isotonic,38133,near,"[""gemma3-4b-near-r1"", ""gemma3-4b-near-r2"", ""gemma3-4b-near-r3""]","[""gemma3-4b-above-r1"", ""gemma3-4b-above-r2"", ""gemma3-4b-above-r3""]",False,38133,158391,49943,True,False,,0.009122327600064262,"{""status"": ""lower_bound"", ""interval"": [158391, null]}",gemma3-4b|50000|qa:MuSiQue|0.0,1.4239866106036516,False,-1.4239866106036516,censored_distance_lower_bound,,,unbounded_log_interval,158391,,"{""log_distance"": 0.0, ""inside_interval"": true, ""signed_log_distance"": 0.0, ""distance_status"": ""censored_distance_lower_bound"", ""interval_width_tokens"": null, ""interval_log_width"": null, ""width_status"": ""unbounded_log_interval"", ""measured_lower_bound_D_U"": 158391, ""measured_upper_bound_D_U"": null}",-1.4239866106036516
gemma3-4b,50000,qa:MuSiQue,0.1,boundary,boundary_loglinear,38133,near,"[""gemma3-4b-near-r1"", ""gemma3-4b-near-r2"", ""gemma3-4b-near-r3""]","[""gemma3-4b-near-r1"", ""gemma3-4b-near-r2"", ""gemma3-4b-near-r3""]",False,38133,38133,38133,False,False,,0.009122327600064262,"{""status"": ""replicate_ambiguous"", ""interval"": null}",gemma3-4b|50000|qa:MuSiQue|0.1,,,,unresolved_interval,,,unresolved,,,"{""log_distance"": null, ""inside_interval"": null, ""signed_log_distance"": null, ""distance_status"": ""unresolved_interval"", ""interval_width_tokens"": null, ""interval_log_width"": null, ""width_status"": ""unresolved"", ""measured_lower_bound_D_U"": null, ""measured_upper_bound_D_U"": null}",0.0
gemma3-4b,50000,qa:MuSiQue,0.1,boundary,fixed_reuse,38133,near,"[""gemma3-4b-near-r1"", ""gemma3-4b-near-r2"", ""gemma3-4b-near-r3""]","[""gemma3-4b-near-r1"", ""gemma3-4b-near-r2"", ""gemma3-4b-near-r3""]",False,38133,38133,38133,False,False,,0.009122327600064262,"{""status"": ""replicate_ambiguous"", ""interval"": null}",gemma3-4b|50000|qa:MuSiQue|0.1,,,,unresolved_interval,,,unresolved,,,"{""log_distance"": null, ""inside_interval"": null, ""signed_log_distance"": null, ""distance_status"": ""unresolved_interval"", ""interval_width_tokens"": null, ""interval_log_width"": null, ""width_status"": ""unresolved"", ""measured_lower_bound_D_U"": null, ""measured_upper_bound_D_U"": null}",0.0
gemma3-4b,50000,qa:MuSiQue,0.1,boundary,student_isotonic,38133,near,"[""gemma3-4b-near-r1"", ""gemma3-4b-near-r2"", ""gemma3-4b-near-r3""]","[""gemma3-4b-near-r1"", ""gemma3-4b-near-r2"", ""gemma3-4b-near-r3""]",False,38133,38133,38133,False,False,,0.009122327600064262,"{""status"": ""replicate_ambiguous"", ""interval"": null}",gemma3-4b|50000|qa:MuSiQue|0.1,,,,unresolved_interval,,,unresolved,,,"{""log_distance"": null, ""inside_interval"": null, ""signed_log_distance"": null, ""distance_status"": ""unresolved_interval"", ""interval_width_tokens"": null, ""interval_log_width"": null, ""width_status"": ""unresolved"", ""measured_lower_bound_D_U"": null, ""measured_upper_bound_D_U"": null}",0.0
gemma3-4b,50000,qa:MuSiQue,0.1,delta,boundary_loglinear,38133,near,"[""gemma3-4b-near-r1"", ""gemma3-4b-near-r2"", ""gemma3-4b-near-r3""]","[""gemma3-4b-above-r1"", ""gemma3-4b-above-r2"", ""gemma3-4b-above-r3""]",False,38133,158391,49943,True,False,,0.009122327600064262,"{""status"": ""replicate_ambiguous"", ""interval"": null}",gemma3-4b|50000|qa:MuSiQue|0.1,,,,unresolved_interval,,,unresolved,,,"{""log_distance"": null, ""inside_interval"": null, ""signed_log_distance"": null, ""distance_status"": ""unresolved_interval"", ""interval_width_tokens"": null, ""interval_log_width"": null, ""width_status"": ""unresolved"", ""measured_lower_bound_D_U"": null, ""measured_upper_bound_D_U"": null}",-1.4239866106036516
gemma3-4b,50000,qa:MuSiQue,0.1,delta,fixed_reuse,,,[],"[""gemma3-4b-above-r1"", ""gemma3-4b-above-r2"", ""gemma3-4b-above-r3""]",,,158391,49943,True,False,,0.009122327600064262,"{""status"": ""replicate_ambiguous"", ""interval"": null}",gemma3-4b|50000|qa:MuSiQue|0.1,,,,unresolved_interval,,,unresolved,,,"{""log_distance"": null, ""inside_interval"": null, ""signed_log_distance"": null, ""distance_status"": ""unresolved_interval"", ""interval_width_tokens"": null, ""interval_log_width"": null, ""width_status"": ""unresolved"", ""measured_lower_bound_D_U"": null, ""measured_upper_bound_D_U"": null}",
gemma3-4b,50000,qa:MuSiQue,0.1,delta,student_isotonic,38133,near,"[""gemma3-4b-near-r1"", ""gemma3-4b-near-r2"", ""gemma3-4b-near-r3""]","[""gemma3-4b-above-r1"", ""gemma3-4b-above-r2"", ""gemma3-4b-above-r3""]",False,38133,158391,49943,True,False,,0.009122327600064262,"{""status"": ""replicate_ambiguous"", ""interval"": null}",gemma3-4b|50000|qa:MuSiQue|0.1,,,,unresolved_interval,,,unresolved,,,"{""log_distance"": null, ""inside_interval"": null, ""signed_log_distance"": null, ""distance_status"": ""unresolved_interval"", ""interval_width_tokens"": null, ""interval_log_width"": null, ""width_status"": ""unresolved"", ""measured_lower_bound_D_U"": null, ""measured_upper_bound_D_U"": null}",-1.4239866106036516
gemma3-4b,50000,qa:MuSiQue,0.25,boundary,boundary_loglinear,38133,near,"[""gemma3-4b-near-r1"", ""gemma3-4b-near-r2"", ""gemma3-4b-near-r3""]","[""gemma3-4b-near-r1"", ""gemma3-4b-near-r2"", ""gemma3-4b-near-r3""]",True,38133,38133,38133,False,True,0.0,0.009122327600064262,"{""status"": ""crossed"", ""interval"": [8852, 38703]}",gemma3-4b|50000|qa:MuSiQue|0.25,0.0,True,0.0,interval_distance,29851,1.475273694222306,finite,,,"{""log_distance"": 0.0, ""inside_interval"": true, ""signed_log_distance"": 0.0, ""distance_status"": ""interval_distance"", ""interval_width_tokens"": 29851, ""interval_log_width"": 1.475273694222306, ""width_status"": ""finite"", ""measured_lower_bound_D_U"": null, ""measured_upper_bound_D_U"": null}",0.0
gemma3-4b,50000,qa:MuSiQue,0.25,boundary,fixed_reuse,38133,near,"[""gemma3-4b-near-r1"", ""gemma3-4b-near-r2"", ""gemma3-4b-near-r3""]","[""gemma3-4b-near-r1"", ""gemma3-4b-near-r2"", ""gemma3-4b-near-r3""]",True,38133,38133,38133,False,True,0.0,0.009122327600064262,"{""status"": ""crossed"", ""interval"": [8852, 38703]}",gemma3-4b|50000|qa:MuSiQue|0.25,0.0,True,0.0,interval_distance,29851,1.475273694222306,finite,,,"{""log_distance"": 0.0, ""inside_interval"": true, ""signed_log_distance"": 0.0, ""distance_status"": ""interval_distance"", ""interval_width_tokens"": 29851, ""interval_log_width"": 1.475273694222306, ""width_status"": ""finite"", ""measured_lower_bound_D_U"": null, ""measured_upper_bound_D_U"": null}",0.0
gemma3-4b,50000,qa:MuSiQue,0.25,boundary,student_isotonic,38133,near,"[""gemma3-4b-near-r1"", ""gemma3-4b-near-r2"", ""gemma3-4b-near-r3""]","[""gemma3-4b-near-r1"", ""gemma3-4b-near-r2"", ""gemma3-4b-near-r3""]",True,38133,38133,38133,False,True,0.0,0.009122327600064262,"{""status"": ""crossed"", ""interval"": [8852, 38703]}",gemma3-4b|50000|qa:MuSiQue|0.25,0.0,True,0.0,interval_distance,29851,1.475273694222306,finite,,,"{""log_distance"": 0.0, ""inside_interval"": true, ""signed_log_distance"": 0.0, ""distance_status"": ""interval_distance"", ""interval_width_tokens"": 29851, ""interval_log_width"": 1.475273694222306, ""width_status"": ""finite"", ""measured_lower_bound_D_U"": null, ""measured_upper_bound_D_U"": null}",0.0
gemma3-4b,50000,qa:MuSiQue,0.25,delta,boundary_loglinear,38133,near,"[""gemma3-4b-near-r1"", ""gemma3-4b-near-r2"", ""gemma3-4b-near-r3""]","[""gemma3-4b-above-r1"", ""gemma3-4b-above-r2"", ""gemma3-4b-above-r3""]",True,38133,158391,49943,False,True,0.75924768452753,0.009122327600064262,"{""status"": ""crossed"", ""interval"": [8852, 38703]}",gemma3-4b|50000|qa:MuSiQue|0.25,0.0,True,0.0,interval_distance,29851,1.475273694222306,finite,,,"{""log_distance"": 1.409149543173184, ""inside_interval"": false, ""signed_log_distance"": 1.409149543173184, ""distance_status"": ""interval_distance"", ""interval_width_tokens"": 29851, ""interval_log_width"": 1.475273694222306, ""width_status"": ""finite"", ""measured_lower_bound_D_U"": null, ""measured_upper_bound_D_U"": null}",-1.4239866106036516
gemma3-4b,50000,qa:MuSiQue,0.25,delta,fixed_reuse,158391,above,"[""gemma3-4b-above-r1"", ""gemma3-4b-above-r2"", ""gemma3-4b-above-r3""]","[""gemma3-4b-above-r1"", ""gemma3-4b-above-r2"", ""gemma3-4b-above-r3""]",True,49943,158391,49943,False,True,0.0,0.009122327600064262,"{""status"": ""crossed"", ""interval"": [8852, 38703]}",gemma3-4b|50000|qa:MuSiQue|0.25,1.409149543173184,False,1.409149543173184,interval_distance,29851,1.475273694222306,finite,,,"{""log_distance"": 1.409149543173184, ""inside_interval"": false, ""signed_log_distance"": 1.409149543173184, ""distance_status"": ""interval_distance"", ""interval_width_tokens"": 29851, ""interval_log_width"": 1.475273694222306, ""width_status"": ""finite"", ""measured_lower_bound_D_U"": null, ""measured_upper_bound_D_U"": null}",0.0
gemma3-4b,50000,qa:MuSiQue,0.25,delta,student_isotonic,9003.666666666666,below,"[""gemma3-4b-below-r1"", ""gemma3-4b-below-r2"", ""gemma3-4b-below-r3""]","[""gemma3-4b-above-r1"", ""gemma3-4b-above-r2"", ""gemma3-4b-above-r3""]",False,9003.666666666666,158391,49943,False,True,,0.009122327600064262,"{""status"": ""crossed"", ""interval"": [8852, 38703]}",gemma3-4b|50000|qa:MuSiQue|0.25,0.0,True,0.0,interval_distance,29851,1.475273694222306,finite,,,"{""log_distance"": 1.409149543173184, ""inside_interval"": false, ""signed_log_distance"": 1.409149543173184, ""distance_status"": ""interval_distance"", ""interval_width_tokens"": 29851, ""interval_log_width"": 1.475273694222306, ""width_status"": ""finite"", ""measured_lower_bound_D_U"": null, ""measured_upper_bound_D_U"": null}",-2.8674347578085304
gemma3-4b,50000,qa:MuSiQue,0.5,boundary,boundary_loglinear,38133,near,"[""gemma3-4b-near-r1"", ""gemma3-4b-near-r2"", ""gemma3-4b-near-r3""]","[""gemma3-4b-near-r1"", ""gemma3-4b-near-r2"", ""gemma3-4b-near-r3""]",True,38133,38133,38133,False,True,0.0,0.009122327600064262,"{""status"": ""replicate_ambiguous"", ""interval"": null}",gemma3-4b|50000|qa:MuSiQue|0.5,,,,unresolved_interval,,,unresolved,,,"{""log_distance"": null, ""inside_interval"": null, ""signed_log_distance"": null, ""distance_status"": ""unresolved_interval"", ""interval_width_tokens"": null, ""interval_log_width"": null, ""width_status"": ""unresolved"", ""measured_lower_bound_D_U"": null, ""measured_upper_bound_D_U"": null}",0.0
gemma3-4b,50000,qa:MuSiQue,0.5,boundary,fixed_reuse,38133,near,"[""gemma3-4b-near-r1"", ""gemma3-4b-near-r2"", ""gemma3-4b-near-r3""]","[""gemma3-4b-near-r1"", ""gemma3-4b-near-r2"", ""gemma3-4b-near-r3""]",True,38133,38133,38133,False,True,0.0,0.009122327600064262,"{""status"": ""replicate_ambiguous"", ""interval"": null}",gemma3-4b|50000|qa:MuSiQue|0.5,,,,unresolved_interval,,,unresolved,,,"{""log_distance"": null, ""inside_interval"": null, ""signed_log_distance"": null, ""distance_status"": ""unresolved_interval"", ""interval_width_tokens"": null, ""interval_log_width"": null, ""width_status"": ""unresolved"", ""measured_lower_bound_D_U"": null, ""measured_upper_bound_D_U"": null}",0.0
gemma3-4b,50000,qa:MuSiQue,0.5,boundary,student_isotonic,38133,near,"[""gemma3-4b-near-r1"", ""gemma3-4b-near-r2"", ""gemma3-4b-near-r3""]","[""gemma3-4b-near-r1"", ""gemma3-4b-near-r2"", ""gemma3-4b-near-r3""]",True,38133,38133,38133,False,True,0.0,0.009122327600064262,"{""status"": ""replicate_ambiguous"", ""interval"": null}",gemma3-4b|50000|qa:MuSiQue|0.5,,,,unresolved_interval,,,unresolved,,,"{""log_distance"": null, ""inside_interval"": null, ""signed_log_distance"": null, ""distance_status"": ""unresolved_interval"", ""interval_width_tokens"": null, ""interval_log_width"": null, ""width_status"": ""unresolved"", ""measured_lower_bound_D_U"": null, ""measured_upper_bound_D_U"": null}",0.0
gemma3-4b,50000,qa:MuSiQue,0.5,delta,boundary_loglinear,38133,near,"[""gemma3-4b-near-r1"", ""gemma3-4b-near-r2"", ""gemma3-4b-near-r3""]","[""gemma3-4b-near-r1"", ""gemma3-4b-near-r2"", ""gemma3-4b-near-r3""]",True,38133,38133,38133,False,True,0.0,0.009122327600064262,"{""status"": ""replicate_ambiguous"", ""interval"": null}",gemma3-4b|50000|qa:MuSiQue|0.5,,,,unresolved_interval,,,unresolved,,,"{""log_distance"": null, ""inside_interval"": null, ""signed_log_distance"": null, ""distance_status"": ""unresolved_interval"", ""interval_width_tokens"": null, ""interval_log_width"": null, ""width_status"": ""unresolved"", ""measured_lower_bound_D_U"": null, ""measured_upper_bound_D_U"": null}",0.0
gemma3-4b,50000,qa:MuSiQue,0.5,delta,fixed_reuse,38133,near,"[""gemma3-4b-near-r1"", ""gemma3-4b-near-r2"", ""gemma3-4b-near-r3""]","[""gemma3-4b-near-r1"", ""gemma3-4b-near-r2"", ""gemma3-4b-near-r3""]",True,38133,38133,38133,False,True,0.0,0.009122327600064262,"{""status"": ""replicate_ambiguous"", ""interval"": null}",gemma3-4b|50000|qa:MuSiQue|0.5,,,,unresolved_interval,,,unresolved,,,"{""log_distance"": null, ""inside_interval"": null, ""signed_log_distance"": null, ""distance_status"": ""unresolved_interval"", ""interval_width_tokens"": null, ""interval_log_width"": null, ""width_status"": ""unresolved"", ""measured_lower_bound_D_U"": null, ""measured_upper_bound_D_U"": null}",0.0
gemma3-4b,50000,qa:MuSiQue,0.5,delta,student_isotonic,9003.666666666666,below,"[""gemma3-4b-below-r1"", ""gemma3-4b-below-r2"", ""gemma3-4b-below-r3""]","[""gemma3-4b-near-r1"", ""gemma3-4b-near-r2"", ""gemma3-4b-near-r3""]",False,9003.666666666666,38133,38133,False,True,,0.009122327600064262,"{""status"": ""replicate_ambiguous"", ""interval"": null}",gemma3-4b|50000|qa:MuSiQue|0.5,,,,unresolved_interval,,,unresolved,,,"{""log_distance"": null, ""inside_interval"": null, ""signed_log_distance"": null, ""distance_status"": ""unresolved_interval"", ""interval_width_tokens"": null, ""interval_log_width"": null, ""width_status"": ""unresolved"", ""measured_lower_bound_D_U"": null, ""measured_upper_bound_D_U"": null}",-1.4434481472048788
gemma3-4b,50000,qa:TriviaQA,0.0,boundary,boundary_loglinear,,,[],"[""gemma3-4b-above-r1"", ""gemma3-4b-above-r2"", ""gemma3-4b-above-r3""]",,,158391,49943,True,False,,0.009122327600064262,"{""status"": ""lower_bound"", ""interval"": [158391, null]}",gemma3-4b|50000|qa:TriviaQA|0.0,,,,no_recommendation,,,unbounded_log_interval,158391,,"{""log_distance"": 0.0, ""inside_interval"": true, ""signed_log_distance"": 0.0, ""distance_status"": ""censored_distance_lower_bound"", ""interval_width_tokens"": null, ""interval_log_width"": null, ""width_status"": ""unbounded_log_interval"", ""measured_lower_bound_D_U"": 158391, ""measured_upper_bound_D_U"": null}",
gemma3-4b,50000,qa:TriviaQA,0.0,boundary,fixed_reuse,,,[],"[""gemma3-4b-above-r1"", ""gemma3-4b-above-r2"", ""gemma3-4b-above-r3""]",,,158391,49943,True,False,,0.009122327600064262,"{""status"": ""lower_bound"", ""interval"": [158391, null]}",gemma3-4b|50000|qa:TriviaQA|0.0,,,,no_recommendation,,,unbounded_log_interval,158391,,"{""log_distance"": 0.0, ""inside_interval"": true, ""signed_log_distance"": 0.0, ""distance_status"": ""censored_distance_lower_bound"", ""interval_width_tokens"": null, ""interval_log_width"": null, ""width_status"": ""unbounded_log_interval"", ""measured_lower_bound_D_U"": 158391, ""measured_upper_bound_D_U"": null}",
gemma3-4b,50000,qa:TriviaQA,0.0,boundary,student_isotonic,,,[],"[""gemma3-4b-above-r1"", ""gemma3-4b-above-r2"", ""gemma3-4b-above-r3""]",,,158391,49943,True,False,,0.009122327600064262,"{""status"": ""lower_bound"", ""interval"": [158391, null]}",gemma3-4b|50000|qa:TriviaQA|0.0,,,,no_recommendation,,,unbounded_log_interval,158391,,"{""log_distance"": 0.0, ""inside_interval"": true, ""signed_log_distance"": 0.0, ""distance_status"": ""censored_distance_lower_bound"", ""interval_width_tokens"": null, ""interval_log_width"": null, ""width_status"": ""unbounded_log_interval"", ""measured_lower_bound_D_U"": 158391, ""measured_upper_bound_D_U"": null}",
gemma3-4b,50000,qa:TriviaQA,0.0,delta,boundary_loglinear,,,[],"[""gemma3-4b-above-r1"", ""gemma3-4b-above-r2"", ""gemma3-4b-above-r3""]",,,158391,49943,True,False,,0.009122327600064262,"{""status"": ""lower_bound"", ""interval"": [158391, null]}",gemma3-4b|50000|qa:TriviaQA|0.0,,,,no_recommendation,,,unbounded_log_interval,158391,,"{""log_distance"": 0.0, ""inside_interval"": true, ""signed_log_distance"": 0.0, ""distance_status"": ""censored_distance_lower_bound"", ""interval_width_tokens"": null, ""interval_log_width"": null, ""width_status"": ""unbounded_log_interval"", ""measured_lower_bound_D_U"": 158391, ""measured_upper_bound_D_U"": null}",
gemma3-4b,50000,qa:TriviaQA,0.0,delta,fixed_reuse,,,[],"[""gemma3-4b-above-r1"", ""gemma3-4b-above-r2"", ""gemma3-4b-above-r3""]",,,158391,49943,True,False,,0.009122327600064262,"{""status"": ""lower_bound"", ""interval"": [158391, null]}",gemma3-4b|50000|qa:TriviaQA|0.0,,,,no_recommendation,,,unbounded_log_interval,158391,,"{""log_distance"": 0.0, ""inside_interval"": true, ""signed_log_distance"": 0.0, ""distance_status"": ""censored_distance_lower_bound"", ""interval_width_tokens"": null, ""interval_log_width"": null, ""width_status"": ""unbounded_log_interval"", ""measured_lower_bound_D_U"": 158391, ""measured_upper_bound_D_U"": null}",
gemma3-4b,50000,qa:TriviaQA,0.0,delta,student_isotonic,,,[],"[""gemma3-4b-above-r1"", ""gemma3-4b-above-r2"", ""gemma3-4b-above-r3""]",,,158391,49943,True,False,,0.009122327600064262,"{""status"": ""lower_bound"", ""interval"": [158391, null]}",gemma3-4b|50000|qa:TriviaQA|0.0,,,,no_recommendation,,,unbounded_log_interval,158391,,"{""log_distance"": 0.0, ""inside_interval"": true, ""signed_log_distance"": 0.0, ""distance_status"": ""censored_distance_lower_bound"", ""interval_width_tokens"": null, ""interval_log_width"": null, ""width_status"": ""unbounded_log_interval"", ""measured_lower_bound_D_U"": 158391, ""measured_upper_bound_D_U"": null}",
gemma3-4b,50000,qa:TriviaQA,0.1,boundary,boundary_loglinear,,,[],"[""gemma3-4b-above-r1"", ""gemma3-4b-above-r2"", ""gemma3-4b-above-r3""]",,,158391,49943,True,False,,0.009122327600064262,"{""status"": ""lower_bound"", ""interval"": [158391, null]}",gemma3-4b|50000|qa:TriviaQA|0.1,,,,no_recommendation,,,unbounded_log_interval,158391,,"{""log_distance"": 0.0, ""inside_interval"": true, ""signed_log_distance"": 0.0, ""distance_status"": ""censored_distance_lower_bound"", ""interval_width_tokens"": null, ""interval_log_width"": null, ""width_status"": ""unbounded_log_interval"", ""measured_lower_bound_D_U"": 158391, ""measured_upper_bound_D_U"": null}",
gemma3-4b,50000,qa:TriviaQA,0.1,boundary,fixed_reuse,,,[],"[""gemma3-4b-above-r1"", ""gemma3-4b-above-r2"", ""gemma3-4b-above-r3""]",,,158391,49943,True,False,,0.009122327600064262,"{""status"": ""lower_bound"", ""interval"": [158391, null]}",gemma3-4b|50000|qa:TriviaQA|0.1,,,,no_recommendation,,,unbounded_log_interval,158391,,"{""log_distance"": 0.0, ""inside_interval"": true, ""signed_log_distance"": 0.0, ""distance_status"": ""censored_distance_lower_bound"", ""interval_width_tokens"": null, ""interval_log_width"": null, ""width_status"": ""unbounded_log_interval"", ""measured_lower_bound_D_U"": 158391, ""measured_upper_bound_D_U"": null}",
gemma3-4b,50000,qa:TriviaQA,0.1,boundary,student_isotonic,,,[],"[""gemma3-4b-above-r1"", ""gemma3-4b-above-r2"", ""gemma3-4b-above-r3""]",,,158391,49943,True,False,,0.009122327600064262,"{""status"": ""lower_bound"", ""interval"": [158391, null]}",gemma3-4b|50000|qa:TriviaQA|0.1,,,,no_recommendation,,,unbounded_log_interval,158391,,"{""log_distance"": 0.0, ""inside_interval"": true, ""signed_log_distance"": 0.0, ""distance_status"": ""censored_distance_lower_bound"", ""interval_width_tokens"": null, ""interval_log_width"": null, ""width_status"": ""unbounded_log_interval"", ""measured_lower_bound_D_U"": 158391, ""measured_upper_bound_D_U"": null}",
gemma3-4b,50000,qa:TriviaQA,0.1,delta,boundary_loglinear,158391,above,"[""gemma3-4b-above-r1"", ""gemma3-4b-above-r2"", ""gemma3-4b-above-r3""]","[""gemma3-4b-above-r1"", ""gemma3-4b-above-r2"", ""gemma3-4b-above-r3""]",False,49943,158391,49943,True,False,,0.009122327600064262,"{""status"": ""lower_bound"", ""interval"": [158391, null]}",gemma3-4b|50000|qa:TriviaQA|0.1,0.0,True,0.0,censored_distance_lower_bound,,,unbounded_log_interval,158391,,"{""log_distance"": 0.0, ""inside_interval"": true, ""signed_log_distance"": 0.0, ""distance_status"": ""censored_distance_lower_bound"", ""interval_width_tokens"": null, ""interval_log_width"": null, ""width_status"": ""unbounded_log_interval"", ""measured_lower_bound_D_U"": 158391, ""measured_upper_bound_D_U"": null}",0.0
gemma3-4b,50000,qa:TriviaQA,0.1,delta,fixed_reuse,,,[],"[""gemma3-4b-above-r1"", ""gemma3-4b-above-r2"", ""gemma3-4b-above-r3""]",,,158391,49943,True,False,,0.009122327600064262,"{""status"": ""lower_bound"", ""interval"": [158391, null]}",gemma3-4b|50000|qa:TriviaQA|0.1,,,,no_recommendation,,,unbounded_log_interval,158391,,"{""log_distance"": 0.0, ""inside_interval"": true, ""signed_log_distance"": 0.0, ""distance_status"": ""censored_distance_lower_bound"", ""interval_width_tokens"": null, ""interval_log_width"": null, ""width_status"": ""unbounded_log_interval"", ""measured_lower_bound_D_U"": 158391, ""measured_upper_bound_D_U"": null}",
gemma3-4b,50000,qa:TriviaQA,0.1,delta,student_isotonic,,,[],"[""gemma3-4b-above-r1"", ""gemma3-4b-above-r2"", ""gemma3-4b-above-r3""]",,,158391,49943,True,False,,0.009122327600064262,"{""status"": ""lower_bound"", ""interval"": [158391, null]}",gemma3-4b|50000|qa:TriviaQA|0.1,,,,no_recommendation,,,unbounded_log_interval,158391,,"{""log_distance"": 0.0, ""inside_interval"": true, ""signed_log_distance"": 0.0, ""distance_status"": ""censored_distance_lower_bound"", ""interval_width_tokens"": null, ""interval_log_width"": null, ""width_status"": ""unbounded_log_interval"", ""measured_lower_bound_D_U"": 158391, ""measured_upper_bound_D_U"": null}",
gemma3-4b,50000,qa:TriviaQA,0.25,boundary,boundary_loglinear,,,[],"[""gemma3-4b-above-r1"", ""gemma3-4b-above-r2"", ""gemma3-4b-above-r3""]",,,158391,49943,True,False,,0.009122327600064262,"{""status"": ""lower_bound"", ""interval"": [158391, null]}",gemma3-4b|50000|qa:TriviaQA|0.25,,,,no_recommendation,,,unbounded_log_interval,158391,,"{""log_distance"": 0.0, ""inside_interval"": true, ""signed_log_distance"": 0.0, ""distance_status"": ""censored_distance_lower_bound"", ""interval_width_tokens"": null, ""interval_log_width"": null, ""width_status"": ""unbounded_log_interval"", ""measured_lower_bound_D_U"": 158391, ""measured_upper_bound_D_U"": null}",
gemma3-4b,50000,qa:TriviaQA,0.25,boundary,fixed_reuse,,,[],"[""gemma3-4b-above-r1"", ""gemma3-4b-above-r2"", ""gemma3-4b-above-r3""]",,,158391,49943,True,False,,0.009122327600064262,"{""status"": ""lower_bound"", ""interval"": [158391, null]}",gemma3-4b|50000|qa:TriviaQA|0.25,,,,no_recommendation,,,unbounded_log_interval,158391,,"{""log_distance"": 0.0, ""inside_interval"": true, ""signed_log_distance"": 0.0, ""distance_status"": ""censored_distance_lower_bound"", ""interval_width_tokens"": null, ""interval_log_width"": null, ""width_status"": ""unbounded_log_interval"", ""measured_lower_bound_D_U"": 158391, ""measured_upper_bound_D_U"": null}",
gemma3-4b,50000,qa:TriviaQA,0.25,boundary,student_isotonic,,,[],"[""gemma3-4b-above-r1"", ""gemma3-4b-above-r2"", ""gemma3-4b-above-r3""]",,,158391,49943,True,False,,0.009122327600064262,"{""status"": ""lower_bound"", ""interval"": [158391, null]}",gemma3-4b|50000|qa:TriviaQA|0.25,,,,no_recommendation,,,unbounded_log_interval,158391,,"{""log_distance"": 0.0, ""inside_interval"": true, ""signed_log_distance"": 0.0, ""distance_status"": ""censored_distance_lower_bound"", ""interval_width_tokens"": null, ""interval_log_width"": null, ""width_status"": ""unbounded_log_interval"", ""measured_lower_bound_D_U"": 158391, ""measured_upper_bound_D_U"": null}",
gemma3-4b,50000,qa:TriviaQA,0.25,delta,boundary_loglinear,158391,above,"[""gemma3-4b-above-r1"", ""gemma3-4b-above-r2"", ""gemma3-4b-above-r3""]","[""gemma3-4b-above-r1"", ""gemma3-4b-above-r2"", ""gemma3-4b-above-r3""]",False,49943,158391,49943,True,False,,0.009122327600064262,"{""status"": ""lower_bound"", ""interval"": [158391, null]}",gemma3-4b|50000|qa:TriviaQA|0.25,0.0,True,0.0,censored_distance_lower_bound,,,unbounded_log_interval,158391,,"{""log_distance"": 0.0, ""inside_interval"": true, ""signed_log_distance"": 0.0, ""distance_status"": ""censored_distance_lower_bound"", ""interval_width_tokens"": null, ""interval_log_width"": null, ""width_status"": ""unbounded_log_interval"", ""measured_lower_bound_D_U"": 158391, ""measured_upper_bound_D_U"": null}",0.0
gemma3-4b,50000,qa:TriviaQA,0.25,delta,fixed_reuse,158391,above,"[""gemma3-4b-above-r1"", ""gemma3-4b-above-r2"", ""gemma3-4b-above-r3""]","[""gemma3-4b-above-r1"", ""gemma3-4b-above-r2"", ""gemma3-4b-above-r3""]",False,49943,158391,49943,True,False,,0.009122327600064262,"{""status"": ""lower_bound"", ""interval"": [158391, null]}",gemma3-4b|50000|qa:TriviaQA|0.25,0.0,True,0.0,censored_distance_lower_bound,,,unbounded_log_interval,158391,,"{""log_distance"": 0.0, ""inside_interval"": true, ""signed_log_distance"": 0.0, ""distance_status"": ""censored_distance_lower_bound"", ""interval_width_tokens"": null, ""interval_log_width"": null, ""width_status"": ""unbounded_log_interval"", ""measured_lower_bound_D_U"": 158391, ""measured_upper_bound_D_U"": null}",0.0
gemma3-4b,50000,qa:TriviaQA,0.25,delta,student_isotonic,,,[],"[""gemma3-4b-above-r1"", ""gemma3-4b-above-r2"", ""gemma3-4b-above-r3""]",,,158391,49943,True,False,,0.009122327600064262,"{""status"": ""lower_bound"", ""interval"": [158391, null]}",gemma3-4b|50000|qa:TriviaQA|0.25,,,,no_recommendation,,,unbounded_log_interval,158391,,"{""log_distance"": 0.0, ""inside_interval"": true, ""signed_log_distance"": 0.0, ""distance_status"": ""censored_distance_lower_bound"", ""interval_width_tokens"": null, ""interval_log_width"": null, ""width_status"": ""unbounded_log_interval"", ""measured_lower_bound_D_U"": 158391, ""measured_upper_bound_D_U"": null}",
gemma3-4b,50000,qa:TriviaQA,0.5,boundary,boundary_loglinear,,,[],"[""gemma3-4b-above-r1"", ""gemma3-4b-above-r2"", ""gemma3-4b-above-r3""]",,,158391,49943,True,False,,0.009122327600064262,"{""status"": ""lower_bound"", ""interval"": [158391, null]}",gemma3-4b|50000|qa:TriviaQA|0.5,,,,no_recommendation,,,unbounded_log_interval,158391,,"{""log_distance"": 0.0, ""inside_interval"": true, ""signed_log_distance"": 0.0, ""distance_status"": ""censored_distance_lower_bound"", ""interval_width_tokens"": null, ""interval_log_width"": null, ""width_status"": ""unbounded_log_interval"", ""measured_lower_bound_D_U"": 158391, ""measured_upper_bound_D_U"": null}",
gemma3-4b,50000,qa:TriviaQA,0.5,boundary,fixed_reuse,38133,near,"[""gemma3-4b-near-r1"", ""gemma3-4b-near-r2"", ""gemma3-4b-near-r3""]","[""gemma3-4b-above-r1"", ""gemma3-4b-above-r2"", ""gemma3-4b-above-r3""]",False,38133,158391,49943,True,False,,0.009122327600064262,"{""status"": ""lower_bound"", ""interval"": [158391, null]}",gemma3-4b|50000|qa:TriviaQA|0.5,1.4239866106036516,False,-1.4239866106036516,censored_distance_lower_bound,,,unbounded_log_interval,158391,,"{""log_distance"": 0.0, ""inside_interval"": true, ""signed_log_distance"": 0.0, ""distance_status"": ""censored_distance_lower_bound"", ""interval_width_tokens"": null, ""interval_log_width"": null, ""width_status"": ""unbounded_log_interval"", ""measured_lower_bound_D_U"": 158391, ""measured_upper_bound_D_U"": null}",-1.4239866106036516
gemma3-4b,50000,qa:TriviaQA,0.5,boundary,student_isotonic,,,[],"[""gemma3-4b-above-r1"", ""gemma3-4b-above-r2"", ""gemma3-4b-above-r3""]",,,158391,49943,True,False,,0.009122327600064262,"{""status"": ""lower_bound"", ""interval"": [158391, null]}",gemma3-4b|50000|qa:TriviaQA|0.5,,,,no_recommendation,,,unbounded_log_interval,158391,,"{""log_distance"": 0.0, ""inside_interval"": true, ""signed_log_distance"": 0.0, ""distance_status"": ""censored_distance_lower_bound"", ""interval_width_tokens"": null, ""interval_log_width"": null, ""width_status"": ""unbounded_log_interval"", ""measured_lower_bound_D_U"": 158391, ""measured_upper_bound_D_U"": null}",
gemma3-4b,50000,qa:TriviaQA,0.5,delta,boundary_loglinear,158391,above,"[""gemma3-4b-above-r1"", ""gemma3-4b-above-r2"", ""gemma3-4b-above-r3""]","[""gemma3-4b-above-r1"", ""gemma3-4b-above-r2"", ""gemma3-4b-above-r3""]",False,49943,158391,49943,True,False,,0.009122327600064262,"{""status"": ""lower_bound"", ""interval"": [158391, null]}",gemma3-4b|50000|qa:TriviaQA|0.5,0.0,True,0.0,censored_distance_lower_bound,,,unbounded_log_interval,158391,,"{""log_distance"": 0.0, ""inside_interval"": true, ""signed_log_distance"": 0.0, ""distance_status"": ""censored_distance_lower_bound"", ""interval_width_tokens"": null, ""interval_log_width"": null, ""width_status"": ""unbounded_log_interval"", ""measured_lower_bound_D_U"": 158391, ""measured_upper_bound_D_U"": null}",0.0
gemma3-4b,50000,qa:TriviaQA,0.5,delta,fixed_reuse,38133,near,"[""gemma3-4b-near-r1"", ""gemma3-4b-near-r2"", ""gemma3-4b-near-r3""]","[""gemma3-4b-above-r1"", ""gemma3-4b-above-r2"", ""gemma3-4b-above-r3""]",False,38133,158391,49943,True,False,,0.009122327600064262,"{""status"": ""lower_bound"", ""interval"": [158391, null]}",gemma3-4b|50000|qa:TriviaQA|0.5,1.4239866106036516,False,-1.4239866106036516,censored_distance_lower_bound,,,unbounded_log_interval,158391,,"{""log_distance"": 0.0, ""inside_interval"": true, ""signed_log_distance"": 0.0, ""distance_status"": ""censored_distance_lower_bound"", ""interval_width_tokens"": null, ""interval_log_width"": null, ""width_status"": ""unbounded_log_interval"", ""measured_lower_bound_D_U"": 158391, ""measured_upper_bound_D_U"": null}",-1.4239866106036516
gemma3-4b,50000,qa:TriviaQA,0.5,delta,student_isotonic,,,[],"[""gemma3-4b-above-r1"", ""gemma3-4b-above-r2"", ""gemma3-4b-above-r3""]",,,158391,49943,True,False,,0.009122327600064262,"{""status"": ""lower_bound"", ""interval"": [158391, null]}",gemma3-4b|50000|qa:TriviaQA|0.5,,,,no_recommendation,,,unbounded_log_interval,158391,,"{""log_distance"": 0.0, ""inside_interval"": true, ""signed_log_distance"": 0.0, ""distance_status"": ""censored_distance_lower_bound"", ""interval_width_tokens"": null, ""interval_log_width"": null, ""width_status"": ""unbounded_log_interval"", ""measured_lower_bound_D_U"": 158391, ""measured_upper_bound_D_U"": null}",
gemma3-4b,100000,code:MBPP,0.0,boundary,boundary_loglinear,,,[],"[""gemma3-4b-above-r1"", ""gemma3-4b-above-r2"", ""gemma3-4b-above-r3""]",,,158391,99828.66666666667,True,False,,0.006546579111191386,"{""status"": ""lower_bound"", ""interval"": [158391, null]}",gemma3-4b|100000|code:MBPP|0.0,,,,no_recommendation,,,unbounded_log_interval,158391,,"{""log_distance"": 0.0, ""inside_interval"": true, ""signed_log_distance"": 0.0, ""distance_status"": ""censored_distance_lower_bound"", ""interval_width_tokens"": null, ""interval_log_width"": null, ""width_status"": ""unbounded_log_interval"", ""measured_lower_bound_D_U"": 158391, ""measured_upper_bound_D_U"": null}",
gemma3-4b,100000,code:MBPP,0.0,boundary,fixed_reuse,,,[],"[""gemma3-4b-above-r1"", ""gemma3-4b-above-r2"", ""gemma3-4b-above-r3""]",,,158391,99828.66666666667,True,False,,0.006546579111191386,"{""status"": ""lower_bound"", ""interval"": [158391, null]}",gemma3-4b|100000|code:MBPP|0.0,,,,no_recommendation,,,unbounded_log_interval,158391,,"{""log_distance"": 0.0, ""inside_interval"": true, ""signed_log_distance"": 0.0, ""distance_status"": ""censored_distance_lower_bound"", ""interval_width_tokens"": null, ""interval_log_width"": null, ""width_status"": ""unbounded_log_interval"", ""measured_lower_bound_D_U"": 158391, ""measured_upper_bound_D_U"": null}",
gemma3-4b,100000,code:MBPP,0.0,boundary,student_isotonic,,,[],"[""gemma3-4b-above-r1"", ""gemma3-4b-above-r2"", ""gemma3-4b-above-r3""]",,,158391,99828.66666666667,True,False,,0.006546579111191386,"{""status"": ""lower_bound"", ""interval"": [158391, null]}",gemma3-4b|100000|code:MBPP|0.0,,,,no_recommendation,,,unbounded_log_interval,158391,,"{""log_distance"": 0.0, ""inside_interval"": true, ""signed_log_distance"": 0.0, ""distance_status"": ""censored_distance_lower_bound"", ""interval_width_tokens"": null, ""interval_log_width"": null, ""width_status"": ""unbounded_log_interval"", ""measured_lower_bound_D_U"": 158391, ""measured_upper_bound_D_U"": null}",
gemma3-4b,100000,code:MBPP,0.0,delta,boundary_loglinear,,,[],"[""gemma3-4b-above-r1"", ""gemma3-4b-above-r2"", ""gemma3-4b-above-r3""]",,,158391,99828.66666666667,True,False,,0.006546579111191386,"{""status"": ""lower_bound"", ""interval"": [158391, null]}",gemma3-4b|100000|code:MBPP|0.0,,,,no_recommendation,,,unbounded_log_interval,158391,,"{""log_distance"": 0.0, ""inside_interval"": true, ""signed_log_distance"": 0.0, ""distance_status"": ""censored_distance_lower_bound"", ""interval_width_tokens"": null, ""interval_log_width"": null, ""width_status"": ""unbounded_log_interval"", ""measured_lower_bound_D_U"": 158391, ""measured_upper_bound_D_U"": null}",
gemma3-4b,100000,code:MBPP,0.0,delta,fixed_reuse,,,[],"[""gemma3-4b-above-r1"", ""gemma3-4b-above-r2"", ""gemma3-4b-above-r3""]",,,158391,99828.66666666667,True,False,,0.006546579111191386,"{""status"": ""lower_bound"", ""interval"": [158391, null]}",gemma3-4b|100000|code:MBPP|0.0,,,,no_recommendation,,,unbounded_log_interval,158391,,"{""log_distance"": 0.0, ""inside_interval"": true, ""signed_log_distance"": 0.0, ""distance_status"": ""censored_distance_lower_bound"", ""interval_width_tokens"": null, ""interval_log_width"": null, ""width_status"": ""unbounded_log_interval"", ""measured_lower_bound_D_U"": 158391, ""measured_upper_bound_D_U"": null}",
gemma3-4b,100000,code:MBPP,0.0,delta,student_isotonic,,,[],"[""gemma3-4b-above-r1"", ""gemma3-4b-above-r2"", ""gemma3-4b-above-r3""]",,,158391,99828.66666666667,True,False,,0.006546579111191386,"{""status"": ""lower_bound"", ""interval"": [158391, null]}",gemma3-4b|100000|code:MBPP|0.0,,,,no_recommendation,,,unbounded_log_interval,158391,,"{""log_distance"": 0.0, ""inside_interval"": true, ""signed_log_distance"": 0.0, ""distance_status"": ""censored_distance_lower_bound"", ""interval_width_tokens"": null, ""interval_log_width"": null, ""width_status"": ""unbounded_log_interval"", ""measured_lower_bound_D_U"": 158391, ""measured_upper_bound_D_U"": null}",
gemma3-4b,100000,code:MBPP,0.1,boundary,boundary_loglinear,,,[],"[""gemma3-4b-above-r1"", ""gemma3-4b-above-r2"", ""gemma3-4b-above-r3""]",,,158391,99828.66666666667,True,False,,0.006546579111191386,"{""status"": ""lower_bound"", ""interval"": [158391, null]}",gemma3-4b|100000|code:MBPP|0.1,,,,no_recommendation,,,unbounded_log_interval,158391,,"{""log_distance"": 0.0, ""inside_interval"": true, ""signed_log_distance"": 0.0, ""distance_status"": ""censored_distance_lower_bound"", ""interval_width_tokens"": null, ""interval_log_width"": null, ""width_status"": ""unbounded_log_interval"", ""measured_lower_bound_D_U"": 158391, ""measured_upper_bound_D_U"": null}",
gemma3-4b,100000,code:MBPP,0.1,boundary,fixed_reuse,,,[],"[""gemma3-4b-above-r1"", ""gemma3-4b-above-r2"", ""gemma3-4b-above-r3""]",,,158391,99828.66666666667,True,False,,0.006546579111191386,"{""status"": ""lower_bound"", ""interval"": [158391, null]}",gemma3-4b|100000|code:MBPP|0.1,,,,no_recommendation,,,unbounded_log_interval,158391,,"{""log_distance"": 0.0, ""inside_interval"": true, ""signed_log_distance"": 0.0, ""distance_status"": ""censored_distance_lower_bound"", ""interval_width_tokens"": null, ""interval_log_width"": null, ""width_status"": ""unbounded_log_interval"", ""measured_lower_bound_D_U"": 158391, ""measured_upper_bound_D_U"": null}",
gemma3-4b,100000,code:MBPP,0.1,boundary,student_isotonic,,,[],"[""gemma3-4b-above-r1"", ""gemma3-4b-above-r2"", ""gemma3-4b-above-r3""]",,,158391,99828.66666666667,True,False,,0.006546579111191386,"{""status"": ""lower_bound"", ""interval"": [158391, null]}",gemma3-4b|100000|code:MBPP|0.1,,,,no_recommendation,,,unbounded_log_interval,158391,,"{""log_distance"": 0.0, ""inside_interval"": true, ""signed_log_distance"": 0.0, ""distance_status"": ""censored_distance_lower_bound"", ""interval_width_tokens"": null, ""interval_log_width"": null, ""width_status"": ""unbounded_log_interval"", ""measured_lower_bound_D_U"": 158391, ""measured_upper_bound_D_U"": null}",
gemma3-4b,100000,code:MBPP,0.1,delta,boundary_loglinear,,,[],"[""gemma3-4b-above-r1"", ""gemma3-4b-above-r2"", ""gemma3-4b-above-r3""]",,,158391,99828.66666666667,True,False,,0.006546579111191386,"{""status"": ""lower_bound"", ""interval"": [158391, null]}",gemma3-4b|100000|code:MBPP|0.1,,,,no_recommendation,,,unbounded_log_interval,158391,,"{""log_distance"": 0.0, ""inside_interval"": true, ""signed_log_distance"": 0.0, ""distance_status"": ""censored_distance_lower_bound"", ""interval_width_tokens"": null, ""interval_log_width"": null, ""width_status"": ""unbounded_log_interval"", ""measured_lower_bound_D_U"": 158391, ""measured_upper_bound_D_U"": null}",
gemma3-4b,100000,code:MBPP,0.1,delta,fixed_reuse,158391,above,"[""gemma3-4b-above-r1"", ""gemma3-4b-above-r2"", ""gemma3-4b-above-r3""]","[""gemma3-4b-above-r1"", ""gemma3-4b-above-r2"", ""gemma3-4b-above-r3""]",False,99828.66666666667,158391,99828.66666666667,True,False,,0.006546579111191386,"{""status"": ""lower_bound"", ""interval"": [158391, null]}",gemma3-4b|100000|code:MBPP|0.1,0.0,True,0.0,censored_distance_lower_bound,,,unbounded_log_interval,158391,,"{""log_distance"": 0.0, ""inside_interval"": true, ""signed_log_distance"": 0.0, ""distance_status"": ""censored_distance_lower_bound"", ""interval_width_tokens"": null, ""interval_log_width"": null, ""width_status"": ""unbounded_log_interval"", ""measured_lower_bound_D_U"": 158391, ""measured_upper_bound_D_U"": null}",0.0
gemma3-4b,100000,code:MBPP,0.1,delta,student_isotonic,,,[],"[""gemma3-4b-above-r1"", ""gemma3-4b-above-r2"", ""gemma3-4b-above-r3""]",,,158391,99828.66666666667,True,False,,0.006546579111191386,"{""status"": ""lower_bound"", ""interval"": [158391, null]}",gemma3-4b|100000|code:MBPP|0.1,,,,no_recommendation,,,unbounded_log_interval,158391,,"{""log_distance"": 0.0, ""inside_interval"": true, ""signed_log_distance"": 0.0, ""distance_status"": ""censored_distance_lower_bound"", ""interval_width_tokens"": null, ""interval_log_width"": null, ""width_status"": ""unbounded_log_interval"", ""measured_lower_bound_D_U"": 158391, ""measured_upper_bound_D_U"": null}",
gemma3-4b,100000,code:MBPP,0.25,boundary,boundary_loglinear,,,[],"[""gemma3-4b-above-r1"", ""gemma3-4b-above-r2"", ""gemma3-4b-above-r3""]",,,158391,99828.66666666667,True,True,,0.006546579111191386,"{""status"": ""crossed"", ""interval"": [8852, 38703]}",gemma3-4b|100000|code:MBPP|0.25,,,,no_recommendation,29851,1.475273694222306,finite,,,"{""log_distance"": 1.409149543173184, ""inside_interval"": false, ""signed_log_distance"": 1.409149543173184, ""distance_status"": ""interval_distance"", ""interval_width_tokens"": 29851, ""interval_log_width"": 1.475273694222306, ""width_status"": ""finite"", ""measured_lower_bound_D_U"": null, ""measured_upper_bound_D_U"": null}",
gemma3-4b,100000,code:MBPP,0.25,boundary,fixed_reuse,,,[],"[""gemma3-4b-above-r1"", ""gemma3-4b-above-r2"", ""gemma3-4b-above-r3""]",,,158391,99828.66666666667,True,True,,0.006546579111191386,"{""status"": ""crossed"", ""interval"": [8852, 38703]}",gemma3-4b|100000|code:MBPP|0.25,,,,no_recommendation,29851,1.475273694222306,finite,,,"{""log_distance"": 1.409149543173184, ""inside_interval"": false, ""signed_log_distance"": 1.409149543173184, ""distance_status"": ""interval_distance"", ""interval_width_tokens"": 29851, ""interval_log_width"": 1.475273694222306, ""width_status"": ""finite"", ""measured_lower_bound_D_U"": null, ""measured_upper_bound_D_U"": null}",
gemma3-4b,100000,code:MBPP,0.25,boundary,student_isotonic,,,[],"[""gemma3-4b-above-r1"", ""gemma3-4b-above-r2"", ""gemma3-4b-above-r3""]",,,158391,99828.66666666667,True,True,,0.006546579111191386,"{""status"": ""crossed"", ""interval"": [8852, 38703]}",gemma3-4b|100000|code:MBPP|0.25,,,,no_recommendation,29851,1.475273694222306,finite,,,"{""log_distance"": 1.409149543173184, ""inside_interval"": false, ""signed_log_distance"": 1.409149543173184, ""distance_status"": ""interval_distance"", ""interval_width_tokens"": 29851, ""interval_log_width"": 1.475273694222306, ""width_status"": ""finite"", ""measured_lower_bound_D_U"": null, ""measured_upper_bound_D_U"": null}",
gemma3-4b,100000,code:MBPP,0.25,delta,boundary_loglinear,9003.666666666666,below,"[""gemma3-4b-below-r1"", ""gemma3-4b-below-r2"", ""gemma3-4b-below-r3""]","[""gemma3-4b-above-r1"", ""gemma3-4b-above-r2"", ""gemma3-4b-above-r3""]",False,9003.666666666666,158391,99828.66666666667,True,True,,0.006546579111191386,"{""status"": ""crossed"", ""interval"": [8852, 38703]}",gemma3-4b|100000|code:MBPP|0.25,0.0,True,0.0,interval_distance,29851,1.475273694222306,finite,,,"{""log_distance"": 1.409149543173184, ""inside_interval"": false, ""signed_log_distance"": 1.409149543173184, ""distance_status"": ""interval_distance"", ""interval_width_tokens"": 29851, ""interval_log_width"": 1.475273694222306, ""width_status"": ""finite"", ""measured_lower_bound_D_U"": null, ""measured_upper_bound_D_U"": null}",-2.8674347578085304
gemma3-4b,100000,code:MBPP,0.25,delta,fixed_reuse,38133,near,"[""gemma3-4b-near-r1"", ""gemma3-4b-near-r2"", ""gemma3-4b-near-r3""]","[""gemma3-4b-above-r1"", ""gemma3-4b-above-r2"", ""gemma3-4b-above-r3""]",True,38133,158391,99828.66666666667,True,True,0.75924768452753,0.006546579111191386,"{""status"": ""crossed"", ""interval"": [8852, 38703]}",gemma3-4b|100000|code:MBPP|0.25,0.0,True,0.0,interval_distance,29851,1.475273694222306,finite,,,"{""log_distance"": 1.409149543173184, ""inside_interval"": false, ""signed_log_distance"": 1.409149543173184, ""distance_status"": ""interval_distance"", ""interval_width_tokens"": 29851, ""interval_log_width"": 1.475273694222306, ""width_status"": ""finite"", ""measured_lower_bound_D_U"": null, ""measured_upper_bound_D_U"": null}",-1.4239866106036516
gemma3-4b,100000,code:MBPP,0.25,delta,student_isotonic,,,[],"[""gemma3-4b-above-r1"", ""gemma3-4b-above-r2"", ""gemma3-4b-above-r3""]",,,158391,99828.66666666667,True,True,,0.006546579111191386,"{""status"": ""crossed"", ""interval"": [8852, 38703]}",gemma3-4b|100000|code:MBPP|0.25,,,,no_recommendation,29851,1.475273694222306,finite,,,"{""log_distance"": 1.409149543173184, ""inside_interval"": false, ""signed_log_distance"": 1.409149543173184, ""distance_status"": ""interval_distance"", ""interval_width_tokens"": 29851, ""interval_log_width"": 1.475273694222306, ""width_status"": ""finite"", ""measured_lower_bound_D_U"": null, ""measured_upper_bound_D_U"": null}",
gemma3-4b,100000,code:MBPP,0.5,boundary,boundary_loglinear,,,[],"[""gemma3-4b-above-r1"", ""gemma3-4b-above-r2"", ""gemma3-4b-above-r3""]",,,158391,99828.66666666667,True,True,,0.006546579111191386,"{""status"": ""upper_bound"", ""interval"": [0, 9105]}",gemma3-4b|100000|code:MBPP|0.5,,,,no_recommendation,9105,,unbounded_log_interval,,9105,"{""log_distance"": 2.856242946404722, ""inside_interval"": false, ""signed_log_distance"": 2.856242946404722, ""distance_status"": ""censored_distance_lower_bound"", ""interval_width_tokens"": 9105, ""interval_log_width"": null, ""width_status"": ""unbounded_log_interval"", ""measured_lower_bound_D_U"": null, ""measured_upper_bound_D_U"": 9105}",
gemma3-4b,100000,code:MBPP,0.5,boundary,fixed_reuse,,,[],"[""gemma3-4b-above-r1"", ""gemma3-4b-above-r2"", ""gemma3-4b-above-r3""]",,,158391,99828.66666666667,True,True,,0.006546579111191386,"{""status"": ""upper_bound"", ""interval"": [0, 9105]}",gemma3-4b|100000|code:MBPP|0.5,,,,no_recommendation,9105,,unbounded_log_interval,,9105,"{""log_distance"": 2.856242946404722, ""inside_interval"": false, ""signed_log_distance"": 2.856242946404722, ""distance_status"": ""censored_distance_lower_bound"", ""interval_width_tokens"": 9105, ""interval_log_width"": null, ""width_status"": ""unbounded_log_interval"", ""measured_lower_bound_D_U"": null, ""measured_upper_bound_D_U"": 9105}",
gemma3-4b,100000,code:MBPP,0.5,boundary,student_isotonic,38133,near,"[""gemma3-4b-near-r1"", ""gemma3-4b-near-r2"", ""gemma3-4b-near-r3""]","[""gemma3-4b-above-r1"", ""gemma3-4b-above-r2"", ""gemma3-4b-above-r3""]",True,38133,158391,99828.66666666667,True,True,0.75924768452753,0.006546579111191386,"{""status"": ""upper_bound"", ""interval"": [0, 9105]}",gemma3-4b|100000|code:MBPP|0.5,1.4322563358010703,False,1.4322563358010703,censored_distance_lower_bound,9105,,unbounded_log_interval,,9105,"{""log_distance"": 2.856242946404722, ""inside_interval"": false, ""signed_log_distance"": 2.856242946404722, ""distance_status"": ""censored_distance_lower_bound"", ""interval_width_tokens"": 9105, ""interval_log_width"": null, ""width_status"": ""unbounded_log_interval"", ""measured_lower_bound_D_U"": null, ""measured_upper_bound_D_U"": 9105}",-1.4239866106036516
gemma3-4b,100000,code:MBPP,0.5,delta,boundary_loglinear,9003.666666666666,below,"[""gemma3-4b-below-r1"", ""gemma3-4b-below-r2"", ""gemma3-4b-below-r3""]","[""gemma3-4b-below-r1"", ""gemma3-4b-below-r2"", ""gemma3-4b-below-r3""]",True,9003.666666666666,9003.666666666666,9003.666666666666,False,True,0.0,0.006546579111191386,"{""status"": ""upper_bound"", ""interval"": [0, 9105]}",gemma3-4b|100000|code:MBPP|0.5,0.0,True,0.0,censored_distance_lower_bound,9105,,unbounded_log_interval,,9105,"{""log_distance"": 0.0, ""inside_interval"": true, ""signed_log_distance"": 0.0, ""distance_status"": ""censored_distance_lower_bound"", ""interval_width_tokens"": 9105, ""interval_log_width"": null, ""width_status"": ""unbounded_log_interval"", ""measured_lower_bound_D_U"": null, ""measured_upper_bound_D_U"": 9105}",0.0
gemma3-4b,100000,code:MBPP,0.5,delta,fixed_reuse,9003.666666666666,below,"[""gemma3-4b-below-r1"", ""gemma3-4b-below-r2"", ""gemma3-4b-below-r3""]","[""gemma3-4b-below-r1"", ""gemma3-4b-below-r2"", ""gemma3-4b-below-r3""]",True,9003.666666666666,9003.666666666666,9003.666666666666,False,True,0.0,0.006546579111191386,"{""status"": ""upper_bound"", ""interval"": [0, 9105]}",gemma3-4b|100000|code:MBPP|0.5,0.0,True,0.0,censored_distance_lower_bound,9105,,unbounded_log_interval,,9105,"{""log_distance"": 0.0, ""inside_interval"": true, ""signed_log_distance"": 0.0, ""distance_status"": ""censored_distance_lower_bound"", ""interval_width_tokens"": 9105, ""interval_log_width"": null, ""width_status"": ""unbounded_log_interval"", ""measured_lower_bound_D_U"": null, ""measured_upper_bound_D_U"": 9105}",0.0
gemma3-4b,100000,code:MBPP,0.5,delta,student_isotonic,9003.666666666666,below,"[""gemma3-4b-below-r1"", ""gemma3-4b-below-r2"", ""gemma3-4b-below-r3""]","[""gemma3-4b-below-r1"", ""gemma3-4b-below-r2"", ""gemma3-4b-below-r3""]",True,9003.666666666666,9003.666666666666,9003.666666666666,False,True,0.0,0.006546579111191386,"{""status"": ""upper_bound"", ""interval"": [0, 9105]}",gemma3-4b|100000|code:MBPP|0.5,0.0,True,0.0,censored_distance_lower_bound,9105,,unbounded_log_interval,,9105,"{""log_distance"": 0.0, ""inside_interval"": true, ""signed_log_distance"": 0.0, ""distance_status"": ""censored_distance_lower_bound"", ""interval_width_tokens"": 9105, ""interval_log_width"": null, ""width_status"": ""unbounded_log_interval"", ""measured_lower_bound_D_U"": null, ""measured_upper_bound_D_U"": 9105}",0.0
gemma3-4b,100000,math:MATH-500,0.0,boundary,boundary_loglinear,,,[],"[""gemma3-4b-above-r1"", ""gemma3-4b-above-r2"", ""gemma3-4b-above-r3""]",,,158391,99828.66666666667,True,False,,0.006546579111191386,"{""status"": ""lower_bound"", ""interval"": [158391, null]}",gemma3-4b|100000|math:MATH-500|0.0,,,,no_recommendation,,,unbounded_log_interval,158391,,"{""log_distance"": 0.0, ""inside_interval"": true, ""signed_log_distance"": 0.0, ""distance_status"": ""censored_distance_lower_bound"", ""interval_width_tokens"": null, ""interval_log_width"": null, ""width_status"": ""unbounded_log_interval"", ""measured_lower_bound_D_U"": 158391, ""measured_upper_bound_D_U"": null}",
gemma3-4b,100000,math:MATH-500,0.0,boundary,fixed_reuse,,,[],"[""gemma3-4b-above-r1"", ""gemma3-4b-above-r2"", ""gemma3-4b-above-r3""]",,,158391,99828.66666666667,True,False,,0.006546579111191386,"{""status"": ""lower_bound"", ""interval"": [158391, null]}",gemma3-4b|100000|math:MATH-500|0.0,,,,no_recommendation,,,unbounded_log_interval,158391,,"{""log_distance"": 0.0, ""inside_interval"": true, ""signed_log_distance"": 0.0, ""distance_status"": ""censored_distance_lower_bound"", ""interval_width_tokens"": null, ""interval_log_width"": null, ""width_status"": ""unbounded_log_interval"", ""measured_lower_bound_D_U"": 158391, ""measured_upper_bound_D_U"": null}",
gemma3-4b,100000,math:MATH-500,0.0,boundary,student_isotonic,,,[],"[""gemma3-4b-above-r1"", ""gemma3-4b-above-r2"", ""gemma3-4b-above-r3""]",,,158391,99828.66666666667,True,False,,0.006546579111191386,"{""status"": ""lower_bound"", ""interval"": [158391, null]}",gemma3-4b|100000|math:MATH-500|0.0,,,,no_recommendation,,,unbounded_log_interval,158391,,"{""log_distance"": 0.0, ""inside_interval"": true, ""signed_log_distance"": 0.0, ""distance_status"": ""censored_distance_lower_bound"", ""interval_width_tokens"": null, ""interval_log_width"": null, ""width_status"": ""unbounded_log_interval"", ""measured_lower_bound_D_U"": 158391, ""measured_upper_bound_D_U"": null}",
gemma3-4b,100000,math:MATH-500,0.0,delta,boundary_loglinear,,,[],"[""gemma3-4b-above-r1"", ""gemma3-4b-above-r2"", ""gemma3-4b-above-r3""]",,,158391,99828.66666666667,True,False,,0.006546579111191386,"{""status"": ""lower_bound"", ""interval"": [158391, null]}",gemma3-4b|100000|math:MATH-500|0.0,,,,no_recommendation,,,unbounded_log_interval,158391,,"{""log_distance"": 0.0, ""inside_interval"": true, ""signed_log_distance"": 0.0, ""distance_status"": ""censored_distance_lower_bound"", ""interval_width_tokens"": null, ""interval_log_width"": null, ""width_status"": ""unbounded_log_interval"", ""measured_lower_bound_D_U"": 158391, ""measured_upper_bound_D_U"": null}",
gemma3-4b,100000,math:MATH-500,0.0,delta,fixed_reuse,,,[],"[""gemma3-4b-above-r1"", ""gemma3-4b-above-r2"", ""gemma3-4b-above-r3""]",,,158391,99828.66666666667,True,False,,0.006546579111191386,"{""status"": ""lower_bound"", ""interval"": [158391, null]}",gemma3-4b|100000|math:MATH-500|0.0,,,,no_recommendation,,,unbounded_log_interval,158391,,"{""log_distance"": 0.0, ""inside_interval"": true, ""signed_log_distance"": 0.0, ""distance_status"": ""censored_distance_lower_bound"", ""interval_width_tokens"": null, ""interval_log_width"": null, ""width_status"": ""unbounded_log_interval"", ""measured_lower_bound_D_U"": 158391, ""measured_upper_bound_D_U"": null}",
gemma3-4b,100000,math:MATH-500,0.0,delta,student_isotonic,,,[],"[""gemma3-4b-above-r1"", ""gemma3-4b-above-r2"", ""gemma3-4b-above-r3""]",,,158391,99828.66666666667,True,False,,0.006546579111191386,"{""status"": ""lower_bound"", ""interval"": [158391, null]}",gemma3-4b|100000|math:MATH-500|0.0,,,,no_recommendation,,,unbounded_log_interval,158391,,"{""log_distance"": 0.0, ""inside_interval"": true, ""signed_log_distance"": 0.0, ""distance_status"": ""censored_distance_lower_bound"", ""interval_width_tokens"": null, ""interval_log_width"": null, ""width_status"": ""unbounded_log_interval"", ""measured_lower_bound_D_U"": 158391, ""measured_upper_bound_D_U"": null}",
gemma3-4b,100000,math:MATH-500,0.1,boundary,boundary_loglinear,,,[],"[""gemma3-4b-above-r1"", ""gemma3-4b-above-r2"", ""gemma3-4b-above-r3""]",,,158391,99828.66666666667,True,False,,0.006546579111191386,"{""status"": ""lower_bound"", ""interval"": [158391, null]}",gemma3-4b|100000|math:MATH-500|0.1,,,,no_recommendation,,,unbounded_log_interval,158391,,"{""log_distance"": 0.0, ""inside_interval"": true, ""signed_log_distance"": 0.0, ""distance_status"": ""censored_distance_lower_bound"", ""interval_width_tokens"": null, ""interval_log_width"": null, ""width_status"": ""unbounded_log_interval"", ""measured_lower_bound_D_U"": 158391, ""measured_upper_bound_D_U"": null}",
gemma3-4b,100000,math:MATH-500,0.1,boundary,fixed_reuse,,,[],"[""gemma3-4b-above-r1"", ""gemma3-4b-above-r2"", ""gemma3-4b-above-r3""]",,,158391,99828.66666666667,True,False,,0.006546579111191386,"{""status"": ""lower_bound"", ""interval"": [158391, null]}",gemma3-4b|100000|math:MATH-500|0.1,,,,no_recommendation,,,unbounded_log_interval,158391,,"{""log_distance"": 0.0, ""inside_interval"": true, ""signed_log_distance"": 0.0, ""distance_status"": ""censored_distance_lower_bound"", ""interval_width_tokens"": null, ""interval_log_width"": null, ""width_status"": ""unbounded_log_interval"", ""measured_lower_bound_D_U"": 158391, ""measured_upper_bound_D_U"": null}",
gemma3-4b,100000,math:MATH-500,0.1,boundary,student_isotonic,,,[],"[""gemma3-4b-above-r1"", ""gemma3-4b-above-r2"", ""gemma3-4b-above-r3""]",,,158391,99828.66666666667,True,False,,0.006546579111191386,"{""status"": ""lower_bound"", ""interval"": [158391, null]}",gemma3-4b|100000|math:MATH-500|0.1,,,,no_recommendation,,,unbounded_log_interval,158391,,"{""log_distance"": 0.0, ""inside_interval"": true, ""signed_log_distance"": 0.0, ""distance_status"": ""censored_distance_lower_bound"", ""interval_width_tokens"": null, ""interval_log_width"": null, ""width_status"": ""unbounded_log_interval"", ""measured_lower_bound_D_U"": 158391, ""measured_upper_bound_D_U"": null}",
gemma3-4b,100000,math:MATH-500,0.1,delta,boundary_loglinear,,,[],"[""gemma3-4b-above-r1"", ""gemma3-4b-above-r2"", ""gemma3-4b-above-r3""]",,,158391,99828.66666666667,True,False,,0.006546579111191386,"{""status"": ""lower_bound"", ""interval"": [158391, null]}",gemma3-4b|100000|math:MATH-500|0.1,,,,no_recommendation,,,unbounded_log_interval,158391,,"{""log_distance"": 0.0, ""inside_interval"": true, ""signed_log_distance"": 0.0, ""distance_status"": ""censored_distance_lower_bound"", ""interval_width_tokens"": null, ""interval_log_width"": null, ""width_status"": ""unbounded_log_interval"", ""measured_lower_bound_D_U"": 158391, ""measured_upper_bound_D_U"": null}",
gemma3-4b,100000,math:MATH-500,0.1,delta,fixed_reuse,158391,above,"[""gemma3-4b-above-r1"", ""gemma3-4b-above-r2"", ""gemma3-4b-above-r3""]","[""gemma3-4b-above-r1"", ""gemma3-4b-above-r2"", ""gemma3-4b-above-r3""]",False,99828.66666666667,158391,99828.66666666667,True,False,,0.006546579111191386,"{""status"": ""lower_bound"", ""interval"": [158391, null]}",gemma3-4b|100000|math:MATH-500|0.1,0.0,True,0.0,censored_distance_lower_bound,,,unbounded_log_interval,158391,,"{""log_distance"": 0.0, ""inside_interval"": true, ""signed_log_distance"": 0.0, ""distance_status"": ""censored_distance_lower_bound"", ""interval_width_tokens"": null, ""interval_log_width"": null, ""width_status"": ""unbounded_log_interval"", ""measured_lower_bound_D_U"": 158391, ""measured_upper_bound_D_U"": null}",0.0
gemma3-4b,100000,math:MATH-500,0.1,delta,student_isotonic,,,[],"[""gemma3-4b-above-r1"", ""gemma3-4b-above-r2"", ""gemma3-4b-above-r3""]",,,158391,99828.66666666667,True,False,,0.006546579111191386,"{""status"": ""lower_bound"", ""interval"": [158391, null]}",gemma3-4b|100000|math:MATH-500|0.1,,,,no_recommendation,,,unbounded_log_interval,158391,,"{""log_distance"": 0.0, ""inside_interval"": true, ""signed_log_distance"": 0.0, ""distance_status"": ""censored_distance_lower_bound"", ""interval_width_tokens"": null, ""interval_log_width"": null, ""width_status"": ""unbounded_log_interval"", ""measured_lower_bound_D_U"": 158391, ""measured_upper_bound_D_U"": null}",
gemma3-4b,100000,math:MATH-500,0.25,boundary,boundary_loglinear,38133,near,"[""gemma3-4b-near-r1"", ""gemma3-4b-near-r2"", ""gemma3-4b-near-r3""]","[""gemma3-4b-above-r1"", ""gemma3-4b-above-r2"", ""gemma3-4b-above-r3""]",True,38133,158391,99828.66666666667,True,True,0.75924768452753,0.006546579111191386,"{""status"": ""crossed"", ""interval"": [8852, 38703]}",gemma3-4b|100000|math:MATH-500|0.25,0.0,True,0.0,interval_distance,29851,1.475273694222306,finite,,,"{""log_distance"": 1.409149543173184, ""inside_interval"": false, ""signed_log_distance"": 1.409149543173184, ""distance_status"": ""interval_distance"", ""interval_width_tokens"": 29851, ""interval_log_width"": 1.475273694222306, ""width_status"": ""finite"", ""measured_lower_bound_D_U"": null, ""measured_upper_bound_D_U"": null}",-1.4239866106036516
gemma3-4b,100000,math:MATH-500,0.25,boundary,fixed_reuse,38133,near,"[""gemma3-4b-near-r1"", ""gemma3-4b-near-r2"", ""gemma3-4b-near-r3""]","[""gemma3-4b-above-r1"", ""gemma3-4b-above-r2"", ""gemma3-4b-above-r3""]",True,38133,158391,99828.66666666667,True,True,0.75924768452753,0.006546579111191386,"{""status"": ""crossed"", ""interval"": [8852, 38703]}",gemma3-4b|100000|math:MATH-500|0.25,0.0,True,0.0,interval_distance,29851,1.475273694222306,finite,,,"{""log_distance"": 1.409149543173184, ""inside_interval"": false, ""signed_log_distance"": 1.409149543173184, ""distance_status"": ""interval_distance"", ""interval_width_tokens"": 29851, ""interval_log_width"": 1.475273694222306, ""width_status"": ""finite"", ""measured_lower_bound_D_U"": null, ""measured_upper_bound_D_U"": null}",-1.4239866106036516
gemma3-4b,100000,math:MATH-500,0.25,boundary,student_isotonic,,,[],"[""gemma3-4b-above-r1"", ""gemma3-4b-above-r2"", ""gemma3-4b-above-r3""]",,,158391,99828.66666666667,True,True,,0.006546579111191386,"{""status"": ""crossed"", ""interval"": [8852, 38703]}",gemma3-4b|100000|math:MATH-500|0.25,,,,no_recommendation,29851,1.475273694222306,finite,,,"{""log_distance"": 1.409149543173184, ""inside_interval"": false, ""signed_log_distance"": 1.409149543173184, ""distance_status"": ""interval_distance"", ""interval_width_tokens"": 29851, ""interval_log_width"": 1.475273694222306, ""width_status"": ""finite"", ""measured_lower_bound_D_U"": null, ""measured_upper_bound_D_U"": null}",
gemma3-4b,100000,math:MATH-500,0.25,delta,boundary_loglinear,38133,near,"[""gemma3-4b-near-r1"", ""gemma3-4b-near-r2"", ""gemma3-4b-near-r3""]","[""gemma3-4b-above-r1"", ""gemma3-4b-above-r2"", ""gemma3-4b-above-r3""]",True,38133,158391,99828.66666666667,True,True,0.75924768452753,0.006546579111191386,"{""status"": ""crossed"", ""interval"": [8852, 38703]}",gemma3-4b|100000|math:MATH-500|0.25,0.0,True,0.0,interval_distance,29851,1.475273694222306,finite,,,"{""log_distance"": 1.409149543173184, ""inside_interval"": false, ""signed_log_distance"": 1.409149543173184, ""distance_status"": ""interval_distance"", ""interval_width_tokens"": 29851, ""interval_log_width"": 1.475273694222306, ""width_status"": ""finite"", ""measured_lower_bound_D_U"": null, ""measured_upper_bound_D_U"": null}",-1.4239866106036516
gemma3-4b,100000,math:MATH-500,0.25,delta,fixed_reuse,38133,near,"[""gemma3-4b-near-r1"", ""gemma3-4b-near-r2"", ""gemma3-4b-near-r3""]","[""gemma3-4b-above-r1"", ""gemma3-4b-above-r2"", ""gemma3-4b-above-r3""]",True,38133,158391,99828.66666666667,True,True,0.75924768452753,0.006546579111191386,"{""status"": ""crossed"", ""interval"": [8852, 38703]}",gemma3-4b|100000|math:MATH-500|0.25,0.0,True,0.0,interval_distance,29851,1.475273694222306,finite,,,"{""log_distance"": 1.409149543173184, ""inside_interval"": false, ""signed_log_distance"": 1.409149543173184, ""distance_status"": ""interval_distance"", ""interval_width_tokens"": 29851, ""interval_log_width"": 1.475273694222306, ""width_status"": ""finite"", ""measured_lower_bound_D_U"": null, ""measured_upper_bound_D_U"": null}",-1.4239866106036516
gemma3-4b,100000,math:MATH-500,0.25,delta,student_isotonic,,,[],"[""gemma3-4b-above-r1"", ""gemma3-4b-above-r2"", ""gemma3-4b-above-r3""]",,,158391,99828.66666666667,True,True,,0.006546579111191386,"{""status"": ""crossed"", ""interval"": [8852, 38703]}",gemma3-4b|100000|math:MATH-500|0.25,,,,no_recommendation,29851,1.475273694222306,finite,,,"{""log_distance"": 1.409149543173184, ""inside_interval"": false, ""signed_log_distance"": 1.409149543173184, ""distance_status"": ""interval_distance"", ""interval_width_tokens"": 29851, ""interval_log_width"": 1.475273694222306, ""width_status"": ""finite"", ""measured_lower_bound_D_U"": null, ""measured_upper_bound_D_U"": null}",
gemma3-4b,100000,math:MATH-500,0.5,boundary,boundary_loglinear,38133,near,"[""gemma3-4b-near-r1"", ""gemma3-4b-near-r2"", ""gemma3-4b-near-r3""]","[""gemma3-4b-near-r1"", ""gemma3-4b-near-r2"", ""gemma3-4b-near-r3""]",True,38133,38133,38133,False,True,0.0,0.006546579111191386,"{""status"": ""crossed"", ""interval"": [8852, 38703]}",gemma3-4b|100000|math:MATH-500|0.5,0.0,True,0.0,interval_distance,29851,1.475273694222306,finite,,,"{""log_distance"": 0.0, ""inside_interval"": true, ""signed_log_distance"": 0.0, ""distance_status"": ""interval_distance"", ""interval_width_tokens"": 29851, ""interval_log_width"": 1.475273694222306, ""width_status"": ""finite"", ""measured_lower_bound_D_U"": null, ""measured_upper_bound_D_U"": null}",0.0
gemma3-4b,100000,math:MATH-500,0.5,boundary,fixed_reuse,38133,near,"[""gemma3-4b-near-r1"", ""gemma3-4b-near-r2"", ""gemma3-4b-near-r3""]","[""gemma3-4b-near-r1"", ""gemma3-4b-near-r2"", ""gemma3-4b-near-r3""]",True,38133,38133,38133,False,True,0.0,0.006546579111191386,"{""status"": ""crossed"", ""interval"": [8852, 38703]}",gemma3-4b|100000|math:MATH-500|0.5,0.0,True,0.0,interval_distance,29851,1.475273694222306,finite,,,"{""log_distance"": 0.0, ""inside_interval"": true, ""signed_log_distance"": 0.0, ""distance_status"": ""interval_distance"", ""interval_width_tokens"": 29851, ""interval_log_width"": 1.475273694222306, ""width_status"": ""finite"", ""measured_lower_bound_D_U"": null, ""measured_upper_bound_D_U"": null}",0.0
gemma3-4b,100000,math:MATH-500,0.5,boundary,student_isotonic,38133,near,"[""gemma3-4b-near-r1"", ""gemma3-4b-near-r2"", ""gemma3-4b-near-r3""]","[""gemma3-4b-near-r1"", ""gemma3-4b-near-r2"", ""gemma3-4b-near-r3""]",True,38133,38133,38133,False,True,0.0,0.006546579111191386,"{""status"": ""crossed"", ""interval"": [8852, 38703]}",gemma3-4b|100000|math:MATH-500|0.5,0.0,True,0.0,interval_distance,29851,1.475273694222306,finite,,,"{""log_distance"": 0.0, ""inside_interval"": true, ""signed_log_distance"": 0.0, ""distance_status"": ""interval_distance"", ""interval_width_tokens"": 29851, ""interval_log_width"": 1.475273694222306, ""width_status"": ""finite"", ""measured_lower_bound_D_U"": null, ""measured_upper_bound_D_U"": null}",0.0
gemma3-4b,100000,math:MATH-500,0.5,delta,boundary_loglinear,9003.666666666666,below,"[""gemma3-4b-below-r1"", ""gemma3-4b-below-r2"", ""gemma3-4b-below-r3""]","[""gemma3-4b-below-r1"", ""gemma3-4b-below-r2"", ""gemma3-4b-below-r3""]",False,9003.666666666666,9003.666666666666,9003.666666666666,False,False,,0.006546579111191386,"{""status"": ""crossed"", ""interval"": [8852, 38703]}",gemma3-4b|100000|math:MATH-500|0.5,0.0,True,0.0,interval_distance,29851,1.475273694222306,finite,,,"{""log_distance"": 0.0, ""inside_interval"": true, ""signed_log_distance"": 0.0, ""distance_status"": ""interval_distance"", ""interval_width_tokens"": 29851, ""interval_log_width"": 1.475273694222306, ""width_status"": ""finite"", ""measured_lower_bound_D_U"": null, ""measured_upper_bound_D_U"": null}",0.0
gemma3-4b,100000,math:MATH-500,0.5,delta,fixed_reuse,9003.666666666666,below,"[""gemma3-4b-below-r1"", ""gemma3-4b-below-r2"", ""gemma3-4b-below-r3""]","[""gemma3-4b-below-r1"", ""gemma3-4b-below-r2"", ""gemma3-4b-below-r3""]",False,9003.666666666666,9003.666666666666,9003.666666666666,False,False,,0.006546579111191386,"{""status"": ""crossed"", ""interval"": [8852, 38703]}",gemma3-4b|100000|math:MATH-500|0.5,0.0,True,0.0,interval_distance,29851,1.475273694222306,finite,,,"{""log_distance"": 0.0, ""inside_interval"": true, ""signed_log_distance"": 0.0, ""distance_status"": ""interval_distance"", ""interval_width_tokens"": 29851, ""interval_log_width"": 1.475273694222306, ""width_status"": ""finite"", ""measured_lower_bound_D_U"": null, ""measured_upper_bound_D_U"": null}",0.0
gemma3-4b,100000,math:MATH-500,0.5,delta,student_isotonic,9003.666666666666,below,"[""gemma3-4b-below-r1"", ""gemma3-4b-below-r2"", ""gemma3-4b-below-r3""]","[""gemma3-4b-below-r1"", ""gemma3-4b-below-r2"", ""gemma3-4b-below-r3""]",False,9003.666666666666,9003.666666666666,9003.666666666666,False,False,,0.006546579111191386,"{""status"": ""crossed"", ""interval"": [8852, 38703]}",gemma3-4b|100000|math:MATH-500|0.5,0.0,True,0.0,interval_distance,29851,1.475273694222306,finite,,,"{""log_distance"": 0.0, ""inside_interval"": true, ""signed_log_distance"": 0.0, ""distance_status"": ""interval_distance"", ""interval_width_tokens"": 29851, ""interval_log_width"": 1.475273694222306, ""width_status"": ""finite"", ""measured_lower_bound_D_U"": null, ""measured_upper_bound_D_U"": null}",0.0
gemma3-4b,100000,qa:2Wiki-fresh,0.0,boundary,boundary_loglinear,38133,near,"[""gemma3-4b-near-r1"", ""gemma3-4b-near-r2"", ""gemma3-4b-near-r3""]","[""gemma3-4b-near-r1"", ""gemma3-4b-near-r2"", ""gemma3-4b-near-r3""]",False,38133,38133,38133,False,False,,0.006546579111191386,"{""status"": ""replicate_ambiguous"", ""interval"": null}",gemma3-4b|100000|qa:2Wiki-fresh|0.0,,,,unresolved_interval,,,unresolved,,,"{""log_distance"": null, ""inside_interval"": null, ""signed_log_distance"": null, ""distance_status"": ""unresolved_interval"", ""interval_width_tokens"": null, ""interval_log_width"": null, ""width_status"": ""unresolved"", ""measured_lower_bound_D_U"": null, ""measured_upper_bound_D_U"": null}",0.0
gemma3-4b,100000,qa:2Wiki-fresh,0.0,boundary,fixed_reuse,38133,near,"[""gemma3-4b-near-r1"", ""gemma3-4b-near-r2"", ""gemma3-4b-near-r3""]","[""gemma3-4b-near-r1"", ""gemma3-4b-near-r2"", ""gemma3-4b-near-r3""]",False,38133,38133,38133,False,False,,0.006546579111191386,"{""status"": ""replicate_ambiguous"", ""interval"": null}",gemma3-4b|100000|qa:2Wiki-fresh|0.0,,,,unresolved_interval,,,unresolved,,,"{""log_distance"": null, ""inside_interval"": null, ""signed_log_distance"": null, ""distance_status"": ""unresolved_interval"", ""interval_width_tokens"": null, ""interval_log_width"": null, ""width_status"": ""unresolved"", ""measured_lower_bound_D_U"": null, ""measured_upper_bound_D_U"": null}",0.0
gemma3-4b,100000,qa:2Wiki-fresh,0.0,boundary,student_isotonic,38133,near,"[""gemma3-4b-near-r1"", ""gemma3-4b-near-r2"", ""gemma3-4b-near-r3""]","[""gemma3-4b-near-r1"", ""gemma3-4b-near-r2"", ""gemma3-4b-near-r3""]",False,38133,38133,38133,False,False,,0.006546579111191386,"{""status"": ""replicate_ambiguous"", ""interval"": null}",gemma3-4b|100000|qa:2Wiki-fresh|0.0,,,,unresolved_interval,,,unresolved,,,"{""log_distance"": null, ""inside_interval"": null, ""signed_log_distance"": null, ""distance_status"": ""unresolved_interval"", ""interval_width_tokens"": null, ""interval_log_width"": null, ""width_status"": ""unresolved"", ""measured_lower_bound_D_U"": null, ""measured_upper_bound_D_U"": null}",0.0
gemma3-4b,100000,qa:2Wiki-fresh,0.0,delta,boundary_loglinear,158391,above,"[""gemma3-4b-above-r1"", ""gemma3-4b-above-r2"", ""gemma3-4b-above-r3""]","[""gemma3-4b-above-r1"", ""gemma3-4b-above-r2"", ""gemma3-4b-above-r3""]",True,99828.66666666667,158391,99828.66666666667,True,True,0.0,0.006546579111191386,"{""status"": ""replicate_ambiguous"", ""interval"": null}",gemma3-4b|100000|qa:2Wiki-fresh|0.0,,,,unresolved_interval,,,unresolved,,,"{""log_distance"": null, ""inside_interval"": null, ""signed_log_distance"": null, ""distance_status"": ""unresolved_interval"", ""interval_width_tokens"": null, ""interval_log_width"": null, ""width_status"": ""unresolved"", ""measured_lower_bound_D_U"": null, ""measured_upper_bound_D_U"": null}",0.0
gemma3-4b,100000,qa:2Wiki-fresh,0.0,delta,fixed_reuse,,,[],"[""gemma3-4b-above-r1"", ""gemma3-4b-above-r2"", ""gemma3-4b-above-r3""]",,,158391,99828.66666666667,True,True,,0.006546579111191386,"{""status"": ""replicate_ambiguous"", ""interval"": null}",gemma3-4b|100000|qa:2Wiki-fresh|0.0,,,,unresolved_interval,,,unresolved,,,"{""log_distance"": null, ""inside_interval"": null, ""signed_log_distance"": null, ""distance_status"": ""unresolved_interval"", ""interval_width_tokens"": null, ""interval_log_width"": null, ""width_status"": ""unresolved"", ""measured_lower_bound_D_U"": null, ""measured_upper_bound_D_U"": null}",
gemma3-4b,100000,qa:2Wiki-fresh,0.0,delta,student_isotonic,9003.666666666666,below,"[""gemma3-4b-below-r1"", ""gemma3-4b-below-r2"", ""gemma3-4b-below-r3""]","[""gemma3-4b-above-r1"", ""gemma3-4b-above-r2"", ""gemma3-4b-above-r3""]",False,9003.666666666666,158391,99828.66666666667,True,True,,0.006546579111191386,"{""status"": ""replicate_ambiguous"", ""interval"": null}",gemma3-4b|100000|qa:2Wiki-fresh|0.0,,,,unresolved_interval,,,unresolved,,,"{""log_distance"": null, ""inside_interval"": null, ""signed_log_distance"": null, ""distance_status"": ""unresolved_interval"", ""interval_width_tokens"": null, ""interval_log_width"": null, ""width_status"": ""unresolved"", ""measured_lower_bound_D_U"": null, ""measured_upper_bound_D_U"": null}",-2.8674347578085304
gemma3-4b,100000,qa:2Wiki-fresh,0.1,boundary,boundary_loglinear,38133,near,"[""gemma3-4b-near-r1"", ""gemma3-4b-near-r2"", ""gemma3-4b-near-r3""]","[""gemma3-4b-near-r1"", ""gemma3-4b-near-r2"", ""gemma3-4b-near-r3""]",True,38133,38133,38133,False,True,0.0,0.006546579111191386,"{""status"": ""crossed"", ""interval"": [8852, 38703]}",gemma3-4b|100000|qa:2Wiki-fresh|0.1,0.0,True,0.0,interval_distance,29851,1.475273694222306,finite,,,"{""log_distance"": 0.0, ""inside_interval"": true, ""signed_log_distance"": 0.0, ""distance_status"": ""interval_distance"", ""interval_width_tokens"": 29851, ""interval_log_width"": 1.475273694222306, ""width_status"": ""finite"", ""measured_lower_bound_D_U"": null, ""measured_upper_bound_D_U"": null}",0.0
gemma3-4b,100000,qa:2Wiki-fresh,0.1,boundary,fixed_reuse,38133,near,"[""gemma3-4b-near-r1"", ""gemma3-4b-near-r2"", ""gemma3-4b-near-r3""]","[""gemma3-4b-near-r1"", ""gemma3-4b-near-r2"", ""gemma3-4b-near-r3""]",True,38133,38133,38133,False,True,0.0,0.006546579111191386,"{""status"": ""crossed"", ""interval"": [8852, 38703]}",gemma3-4b|100000|qa:2Wiki-fresh|0.1,0.0,True,0.0,interval_distance,29851,1.475273694222306,finite,,,"{""log_distance"": 0.0, ""inside_interval"": true, ""signed_log_distance"": 0.0, ""distance_status"": ""interval_distance"", ""interval_width_tokens"": 29851, ""interval_log_width"": 1.475273694222306, ""width_status"": ""finite"", ""measured_lower_bound_D_U"": null, ""measured_upper_bound_D_U"": null}",0.0
gemma3-4b,100000,qa:2Wiki-fresh,0.1,boundary,student_isotonic,38133,near,"[""gemma3-4b-near-r1"", ""gemma3-4b-near-r2"", ""gemma3-4b-near-r3""]","[""gemma3-4b-near-r1"", ""gemma3-4b-near-r2"", ""gemma3-4b-near-r3""]",True,38133,38133,38133,False,True,0.0,0.006546579111191386,"{""status"": ""crossed"", ""interval"": [8852, 38703]}",gemma3-4b|100000|qa:2Wiki-fresh|0.1,0.0,True,0.0,interval_distance,29851,1.475273694222306,finite,,,"{""log_distance"": 0.0, ""inside_interval"": true, ""signed_log_distance"": 0.0, ""distance_status"": ""interval_distance"", ""interval_width_tokens"": 29851, ""interval_log_width"": 1.475273694222306, ""width_status"": ""finite"", ""measured_lower_bound_D_U"": null, ""measured_upper_bound_D_U"": null}",0.0
gemma3-4b,100000,qa:2Wiki-fresh,0.1,delta,boundary_loglinear,158391,above,"[""gemma3-4b-above-r1"", ""gemma3-4b-above-r2"", ""gemma3-4b-above-r3""]","[""gemma3-4b-above-r1"", ""gemma3-4b-above-r2"", ""gemma3-4b-above-r3""]",True,99828.66666666667,158391,99828.66666666667,True,True,0.0,0.006546579111191386,"{""status"": ""crossed"", ""interval"": [8852, 38703]}",gemma3-4b|100000|qa:2Wiki-fresh|0.1,1.409149543173184,False,1.409149543173184,interval_distance,29851,1.475273694222306,finite,,,"{""log_distance"": 1.409149543173184, ""inside_interval"": false, ""signed_log_distance"": 1.409149543173184, ""distance_status"": ""interval_distance"", ""interval_width_tokens"": 29851, ""interval_log_width"": 1.475273694222306, ""width_status"": ""finite"", ""measured_lower_bound_D_U"": null, ""measured_upper_bound_D_U"": null}",0.0
gemma3-4b,100000,qa:2Wiki-fresh,0.1,delta,fixed_reuse,,,[],"[""gemma3-4b-above-r1"", ""gemma3-4b-above-r2"", ""gemma3-4b-above-r3""]",,,158391,99828.66666666667,True,True,,0.006546579111191386,"{""status"": ""crossed"", ""interval"": [8852, 38703]}",gemma3-4b|100000|qa:2Wiki-fresh|0.1,,,,no_recommendation,29851,1.475273694222306,finite,,,"{""log_distance"": 1.409149543173184, ""inside_interval"": false, ""signed_log_distance"": 1.409149543173184, ""distance_status"": ""interval_distance"", ""interval_width_tokens"": 29851, ""interval_log_width"": 1.475273694222306, ""width_status"": ""finite"", ""measured_lower_bound_D_U"": null, ""measured_upper_bound_D_U"": null}",
gemma3-4b,100000,qa:2Wiki-fresh,0.1,delta,student_isotonic,9003.666666666666,below,"[""gemma3-4b-below-r1"", ""gemma3-4b-below-r2"", ""gemma3-4b-below-r3""]","[""gemma3-4b-above-r1"", ""gemma3-4b-above-r2"", ""gemma3-4b-above-r3""]",False,9003.666666666666,158391,99828.66666666667,True,True,,0.006546579111191386,"{""status"": ""crossed"", ""interval"": [8852, 38703]}",gemma3-4b|100000|qa:2Wiki-fresh|0.1,0.0,True,0.0,interval_distance,29851,1.475273694222306,finite,,,"{""log_distance"": 1.409149543173184, ""inside_interval"": false, ""signed_log_distance"": 1.409149543173184, ""distance_status"": ""interval_distance"", ""interval_width_tokens"": 29851, ""interval_log_width"": 1.475273694222306, ""width_status"": ""finite"", ""measured_lower_bound_D_U"": null, ""measured_upper_bound_D_U"": null}",-2.8674347578085304
gemma3-4b,100000,qa:2Wiki-fresh,0.25,boundary,boundary_loglinear,38133,near,"[""gemma3-4b-near-r1"", ""gemma3-4b-near-r2"", ""gemma3-4b-near-r3""]","[""gemma3-4b-near-r1"", ""gemma3-4b-near-r2"", ""gemma3-4b-near-r3""]",True,38133,38133,38133,False,True,0.0,0.006546579111191386,"{""status"": ""crossed"", ""interval"": [8852, 38703]}",gemma3-4b|100000|qa:2Wiki-fresh|0.25,0.0,True,0.0,interval_distance,29851,1.475273694222306,finite,,,"{""log_distance"": 0.0, ""inside_interval"": true, ""signed_log_distance"": 0.0, ""distance_status"": ""interval_distance"", ""interval_width_tokens"": 29851, ""interval_log_width"": 1.475273694222306, ""width_status"": ""finite"", ""measured_lower_bound_D_U"": null, ""measured_upper_bound_D_U"": null}",0.0
gemma3-4b,100000,qa:2Wiki-fresh,0.25,boundary,fixed_reuse,38133,near,"[""gemma3-4b-near-r1"", ""gemma3-4b-near-r2"", ""gemma3-4b-near-r3""]","[""gemma3-4b-near-r1"", ""gemma3-4b-near-r2"", ""gemma3-4b-near-r3""]",True,38133,38133,38133,False,True,0.0,0.006546579111191386,"{""status"": ""crossed"", ""interval"": [8852, 38703]}",gemma3-4b|100000|qa:2Wiki-fresh|0.25,0.0,True,0.0,interval_distance,29851,1.475273694222306,finite,,,"{""log_distance"": 0.0, ""inside_interval"": true, ""signed_log_distance"": 0.0, ""distance_status"": ""interval_distance"", ""interval_width_tokens"": 29851, ""interval_log_width"": 1.475273694222306, ""width_status"": ""finite"", ""measured_lower_bound_D_U"": null, ""measured_upper_bound_D_U"": null}",0.0
gemma3-4b,100000,qa:2Wiki-fresh,0.25,boundary,student_isotonic,38133,near,"[""gemma3-4b-near-r1"", ""gemma3-4b-near-r2"", ""gemma3-4b-near-r3""]","[""gemma3-4b-near-r1"", ""gemma3-4b-near-r2"", ""gemma3-4b-near-r3""]",True,38133,38133,38133,False,True,0.0,0.006546579111191386,"{""status"": ""crossed"", ""interval"": [8852, 38703]}",gemma3-4b|100000|qa:2Wiki-fresh|0.25,0.0,True,0.0,interval_distance,29851,1.475273694222306,finite,,,"{""log_distance"": 0.0, ""inside_interval"": true, ""signed_log_distance"": 0.0, ""distance_status"": ""interval_distance"", ""interval_width_tokens"": 29851, ""interval_log_width"": 1.475273694222306, ""width_status"": ""finite"", ""measured_lower_bound_D_U"": null, ""measured_upper_bound_D_U"": null}",0.0
gemma3-4b,100000,qa:2Wiki-fresh,0.25,delta,boundary_loglinear,158391,above,"[""gemma3-4b-above-r1"", ""gemma3-4b-above-r2"", ""gemma3-4b-above-r3""]","[""gemma3-4b-above-r1"", ""gemma3-4b-above-r2"", ""gemma3-4b-above-r3""]",True,99828.66666666667,158391,99828.66666666667,False,True,0.0,0.006546579111191386,"{""status"": ""crossed"", ""interval"": [8852, 38703]}",gemma3-4b|100000|qa:2Wiki-fresh|0.25,1.409149543173184,False,1.409149543173184,interval_distance,29851,1.475273694222306,finite,,,"{""log_distance"": 1.409149543173184, ""inside_interval"": false, ""signed_log_distance"": 1.409149543173184, ""distance_status"": ""interval_distance"", ""interval_width_tokens"": 29851, ""interval_log_width"": 1.475273694222306, ""width_status"": ""finite"", ""measured_lower_bound_D_U"": null, ""measured_upper_bound_D_U"": null}",0.0
gemma3-4b,100000,qa:2Wiki-fresh,0.25,delta,fixed_reuse,158391,above,"[""gemma3-4b-above-r1"", ""gemma3-4b-above-r2"", ""gemma3-4b-above-r3""]","[""gemma3-4b-above-r1"", ""gemma3-4b-above-r2"", ""gemma3-4b-above-r3""]",True,99828.66666666667,158391,99828.66666666667,False,True,0.0,0.006546579111191386,"{""status"": ""crossed"", ""interval"": [8852, 38703]}",gemma3-4b|100000|qa:2Wiki-fresh|0.25,1.409149543173184,False,1.409149543173184,interval_distance,29851,1.475273694222306,finite,,,"{""log_distance"": 1.409149543173184, ""inside_interval"": false, ""signed_log_distance"": 1.409149543173184, ""distance_status"": ""interval_distance"", ""interval_width_tokens"": 29851, ""interval_log_width"": 1.475273694222306, ""width_status"": ""finite"", ""measured_lower_bound_D_U"": null, ""measured_upper_bound_D_U"": null}",0.0
gemma3-4b,100000,qa:2Wiki-fresh,0.25,delta,student_isotonic,9003.666666666666,below,"[""gemma3-4b-below-r1"", ""gemma3-4b-below-r2"", ""gemma3-4b-below-r3""]","[""gemma3-4b-above-r1"", ""gemma3-4b-above-r2"", ""gemma3-4b-above-r3""]",False,9003.666666666666,158391,99828.66666666667,False,True,,0.006546579111191386,"{""status"": ""crossed"", ""interval"": [8852, 38703]}",gemma3-4b|100000|qa:2Wiki-fresh|0.25,0.0,True,0.0,interval_distance,29851,1.475273694222306,finite,,,"{""log_distance"": 1.409149543173184, ""inside_interval"": false, ""signed_log_distance"": 1.409149543173184, ""distance_status"": ""interval_distance"", ""interval_width_tokens"": 29851, ""interval_log_width"": 1.475273694222306, ""width_status"": ""finite"", ""measured_lower_bound_D_U"": null, ""measured_upper_bound_D_U"": null}",-2.8674347578085304
gemma3-4b,100000,qa:2Wiki-fresh,0.5,boundary,boundary_loglinear,38133,near,"[""gemma3-4b-near-r1"", ""gemma3-4b-near-r2"", ""gemma3-4b-near-r3""]","[""gemma3-4b-near-r1"", ""gemma3-4b-near-r2"", ""gemma3-4b-near-r3""]",True,38133,38133,38133,False,True,0.0,0.006546579111191386,"{""status"": ""crossed"", ""interval"": [8852, 38703]}",gemma3-4b|100000|qa:2Wiki-fresh|0.5,0.0,True,0.0,interval_distance,29851,1.475273694222306,finite,,,"{""log_distance"": 0.0, ""inside_interval"": true, ""signed_log_distance"": 0.0, ""distance_status"": ""interval_distance"", ""interval_width_tokens"": 29851, ""interval_log_width"": 1.475273694222306, ""width_status"": ""finite"", ""measured_lower_bound_D_U"": null, ""measured_upper_bound_D_U"": null}",0.0
gemma3-4b,100000,qa:2Wiki-fresh,0.5,boundary,fixed_reuse,38133,near,"[""gemma3-4b-near-r1"", ""gemma3-4b-near-r2"", ""gemma3-4b-near-r3""]","[""gemma3-4b-near-r1"", ""gemma3-4b-near-r2"", ""gemma3-4b-near-r3""]",True,38133,38133,38133,False,True,0.0,0.006546579111191386,"{""status"": ""crossed"", ""interval"": [8852, 38703]}",gemma3-4b|100000|qa:2Wiki-fresh|0.5,0.0,True,0.0,interval_distance,29851,1.475273694222306,finite,,,"{""log_distance"": 0.0, ""inside_interval"": true, ""signed_log_distance"": 0.0, ""distance_status"": ""interval_distance"", ""interval_width_tokens"": 29851, ""interval_log_width"": 1.475273694222306, ""width_status"": ""finite"", ""measured_lower_bound_D_U"": null, ""measured_upper_bound_D_U"": null}",0.0
gemma3-4b,100000,qa:2Wiki-fresh,0.5,boundary,student_isotonic,38133,near,"[""gemma3-4b-near-r1"", ""gemma3-4b-near-r2"", ""gemma3-4b-near-r3""]","[""gemma3-4b-near-r1"", ""gemma3-4b-near-r2"", ""gemma3-4b-near-r3""]",True,38133,38133,38133,False,True,0.0,0.006546579111191386,"{""status"": ""crossed"", ""interval"": [8852, 38703]}",gemma3-4b|100000|qa:2Wiki-fresh|0.5,0.0,True,0.0,interval_distance,29851,1.475273694222306,finite,,,"{""log_distance"": 0.0, ""inside_interval"": true, ""signed_log_distance"": 0.0, ""distance_status"": ""interval_distance"", ""interval_width_tokens"": 29851, ""interval_log_width"": 1.475273694222306, ""width_status"": ""finite"", ""measured_lower_bound_D_U"": null, ""measured_upper_bound_D_U"": null}",0.0
gemma3-4b,100000,qa:2Wiki-fresh,0.5,delta,boundary_loglinear,38133,near,"[""gemma3-4b-near-r1"", ""gemma3-4b-near-r2"", ""gemma3-4b-near-r3""]","[""gemma3-4b-above-r1"", ""gemma3-4b-above-r2"", ""gemma3-4b-above-r3""]",True,38133,158391,99828.66666666667,False,True,0.75924768452753,0.006546579111191386,"{""status"": ""crossed"", ""interval"": [8852, 38703]}",gemma3-4b|100000|qa:2Wiki-fresh|0.5,0.0,True,0.0,interval_distance,29851,1.475273694222306,finite,,,"{""log_distance"": 1.409149543173184, ""inside_interval"": false, ""signed_log_distance"": 1.409149543173184, ""distance_status"": ""interval_distance"", ""interval_width_tokens"": 29851, ""interval_log_width"": 1.475273694222306, ""width_status"": ""finite"", ""measured_lower_bound_D_U"": null, ""measured_upper_bound_D_U"": null}",-1.4239866106036516
gemma3-4b,100000,qa:2Wiki-fresh,0.5,delta,fixed_reuse,158391,above,"[""gemma3-4b-above-r1"", ""gemma3-4b-above-r2"", ""gemma3-4b-above-r3""]","[""gemma3-4b-above-r1"", ""gemma3-4b-above-r2"", ""gemma3-4b-above-r3""]",True,99828.66666666667,158391,99828.66666666667,False,True,0.0,0.006546579111191386,"{""status"": ""crossed"", ""interval"": [8852, 38703]}",gemma3-4b|100000|qa:2Wiki-fresh|0.5,1.409149543173184,False,1.409149543173184,interval_distance,29851,1.475273694222306,finite,,,"{""log_distance"": 1.409149543173184, ""inside_interval"": false, ""signed_log_distance"": 1.409149543173184, ""distance_status"": ""interval_distance"", ""interval_width_tokens"": 29851, ""interval_log_width"": 1.475273694222306, ""width_status"": ""finite"", ""measured_lower_bound_D_U"": null, ""measured_upper_bound_D_U"": null}",0.0
gemma3-4b,100000,qa:2Wiki-fresh,0.5,delta,student_isotonic,9003.666666666666,below,"[""gemma3-4b-below-r1"", ""gemma3-4b-below-r2"", ""gemma3-4b-below-r3""]","[""gemma3-4b-above-r1"", ""gemma3-4b-above-r2"", ""gemma3-4b-above-r3""]",False,9003.666666666666,158391,99828.66666666667,False,True,,0.006546579111191386,"{""status"": ""crossed"", ""interval"": [8852, 38703]}",gemma3-4b|100000|qa:2Wiki-fresh|0.5,0.0,True,0.0,interval_distance,29851,1.475273694222306,finite,,,"{""log_distance"": 1.409149543173184, ""inside_interval"": false, ""signed_log_distance"": 1.409149543173184, ""distance_status"": ""interval_distance"", ""interval_width_tokens"": 29851, ""interval_log_width"": 1.475273694222306, ""width_status"": ""finite"", ""measured_lower_bound_D_U"": null, ""measured_upper_bound_D_U"": null}",-2.8674347578085304
gemma3-4b,100000,qa:2Wiki-probe,0.0,boundary,boundary_loglinear,38133,near,"[""gemma3-4b-near-r1"", ""gemma3-4b-near-r2"", ""gemma3-4b-near-r3""]","[""gemma3-4b-above-r1"", ""gemma3-4b-above-r2"", ""gemma3-4b-above-r3""]",False,38133,158391,99828.66666666667,True,True,,0.006546579111191386,"{""status"": ""replicate_ambiguous"", ""interval"": null}",gemma3-4b|100000|qa:2Wiki-probe|0.0,,,,unresolved_interval,,,unresolved,,,"{""log_distance"": null, ""inside_interval"": null, ""signed_log_distance"": null, ""distance_status"": ""unresolved_interval"", ""interval_width_tokens"": null, ""interval_log_width"": null, ""width_status"": ""unresolved"", ""measured_lower_bound_D_U"": null, ""measured_upper_bound_D_U"": null}",-1.4239866106036516
gemma3-4b,100000,qa:2Wiki-probe,0.0,boundary,fixed_reuse,38133,near,"[""gemma3-4b-near-r1"", ""gemma3-4b-near-r2"", ""gemma3-4b-near-r3""]","[""gemma3-4b-above-r1"", ""gemma3-4b-above-r2"", ""gemma3-4b-above-r3""]",False,38133,158391,99828.66666666667,True,True,,0.006546579111191386,"{""status"": ""replicate_ambiguous"", ""interval"": null}",gemma3-4b|100000|qa:2Wiki-probe|0.0,,,,unresolved_interval,,,unresolved,,,"{""log_distance"": null, ""inside_interval"": null, ""signed_log_distance"": null, ""distance_status"": ""unresolved_interval"", ""interval_width_tokens"": null, ""interval_log_width"": null, ""width_status"": ""unresolved"", ""measured_lower_bound_D_U"": null, ""measured_upper_bound_D_U"": null}",-1.4239866106036516
gemma3-4b,100000,qa:2Wiki-probe,0.0,boundary,student_isotonic,,,[],"[""gemma3-4b-above-r1"", ""gemma3-4b-above-r2"", ""gemma3-4b-above-r3""]",,,158391,99828.66666666667,True,True,,0.006546579111191386,"{""status"": ""replicate_ambiguous"", ""interval"": null}",gemma3-4b|100000|qa:2Wiki-probe|0.0,,,,unresolved_interval,,,unresolved,,,"{""log_distance"": null, ""inside_interval"": null, ""signed_log_distance"": null, ""distance_status"": ""unresolved_interval"", ""interval_width_tokens"": null, ""interval_log_width"": null, ""width_status"": ""unresolved"", ""measured_lower_bound_D_U"": null, ""measured_upper_bound_D_U"": null}",
gemma3-4b,100000,qa:2Wiki-probe,0.0,delta,boundary_loglinear,38133,near,"[""gemma3-4b-near-r1"", ""gemma3-4b-near-r2"", ""gemma3-4b-near-r3""]","[""gemma3-4b-above-r1"", ""gemma3-4b-above-r2"", ""gemma3-4b-above-r3""]",False,38133,158391,99828.66666666667,True,True,,0.006546579111191386,"{""status"": ""replicate_ambiguous"", ""interval"": null}",gemma3-4b|100000|qa:2Wiki-probe|0.0,,,,unresolved_interval,,,unresolved,,,"{""log_distance"": null, ""inside_interval"": null, ""signed_log_distance"": null, ""distance_status"": ""unresolved_interval"", ""interval_width_tokens"": null, ""interval_log_width"": null, ""width_status"": ""unresolved"", ""measured_lower_bound_D_U"": null, ""measured_upper_bound_D_U"": null}",-1.4239866106036516
gemma3-4b,100000,qa:2Wiki-probe,0.0,delta,fixed_reuse,9003.666666666666,below,"[""gemma3-4b-below-r1"", ""gemma3-4b-below-r2"", ""gemma3-4b-below-r3""]","[""gemma3-4b-above-r1"", ""gemma3-4b-above-r2"", ""gemma3-4b-above-r3""]",False,9003.666666666666,158391,99828.66666666667,True,True,,0.006546579111191386,"{""status"": ""replicate_ambiguous"", ""interval"": null}",gemma3-4b|100000|qa:2Wiki-probe|0.0,,,,unresolved_interval,,,unresolved,,,"{""log_distance"": null, ""inside_interval"": null, ""signed_log_distance"": null, ""distance_status"": ""unresolved_interval"", ""interval_width_tokens"": null, ""interval_log_width"": null, ""width_status"": ""unresolved"", ""measured_lower_bound_D_U"": null, ""measured_upper_bound_D_U"": null}",-2.8674347578085304
gemma3-4b,100000,qa:2Wiki-probe,0.0,delta,student_isotonic,,,[],"[""gemma3-4b-above-r1"", ""gemma3-4b-above-r2"", ""gemma3-4b-above-r3""]",,,158391,99828.66666666667,True,True,,0.006546579111191386,"{""status"": ""replicate_ambiguous"", ""interval"": null}",gemma3-4b|100000|qa:2Wiki-probe|0.0,,,,unresolved_interval,,,unresolved,,,"{""log_distance"": null, ""inside_interval"": null, ""signed_log_distance"": null, ""distance_status"": ""unresolved_interval"", ""interval_width_tokens"": null, ""interval_log_width"": null, ""width_status"": ""unresolved"", ""measured_lower_bound_D_U"": null, ""measured_upper_bound_D_U"": null}",
gemma3-4b,100000,qa:2Wiki-probe,0.1,boundary,boundary_loglinear,38133,near,"[""gemma3-4b-near-r1"", ""gemma3-4b-near-r2"", ""gemma3-4b-near-r3""]","[""gemma3-4b-above-r1"", ""gemma3-4b-above-r2"", ""gemma3-4b-above-r3""]",True,38133,158391,99828.66666666667,True,True,0.75924768452753,0.006546579111191386,"{""status"": ""crossed"", ""interval"": [8852, 38703]}",gemma3-4b|100000|qa:2Wiki-probe|0.1,0.0,True,0.0,interval_distance,29851,1.475273694222306,finite,,,"{""log_distance"": 1.409149543173184, ""inside_interval"": false, ""signed_log_distance"": 1.409149543173184, ""distance_status"": ""interval_distance"", ""interval_width_tokens"": 29851, ""interval_log_width"": 1.475273694222306, ""width_status"": ""finite"", ""measured_lower_bound_D_U"": null, ""measured_upper_bound_D_U"": null}",-1.4239866106036516
gemma3-4b,100000,qa:2Wiki-probe,0.1,boundary,fixed_reuse,38133,near,"[""gemma3-4b-near-r1"", ""gemma3-4b-near-r2"", ""gemma3-4b-near-r3""]","[""gemma3-4b-above-r1"", ""gemma3-4b-above-r2"", ""gemma3-4b-above-r3""]",True,38133,158391,99828.66666666667,True,True,0.75924768452753,0.006546579111191386,"{""status"": ""crossed"", ""interval"": [8852, 38703]}",gemma3-4b|100000|qa:2Wiki-probe|0.1,0.0,True,0.0,interval_distance,29851,1.475273694222306,finite,,,"{""log_distance"": 1.409149543173184, ""inside_interval"": false, ""signed_log_distance"": 1.409149543173184, ""distance_status"": ""interval_distance"", ""interval_width_tokens"": 29851, ""interval_log_width"": 1.475273694222306, ""width_status"": ""finite"", ""measured_lower_bound_D_U"": null, ""measured_upper_bound_D_U"": null}",-1.4239866106036516
gemma3-4b,100000,qa:2Wiki-probe,0.1,boundary,student_isotonic,,,[],"[""gemma3-4b-above-r1"", ""gemma3-4b-above-r2"", ""gemma3-4b-above-r3""]",,,158391,99828.66666666667,True,True,,0.006546579111191386,"{""status"": ""crossed"", ""interval"": [8852, 38703]}",gemma3-4b|100000|qa:2Wiki-probe|0.1,,,,no_recommendation,29851,1.475273694222306,finite,,,"{""log_distance"": 1.409149543173184, ""inside_interval"": false, ""signed_log_distance"": 1.409149543173184, ""distance_status"": ""interval_distance"", ""interval_width_tokens"": 29851, ""interval_log_width"": 1.475273694222306, ""width_status"": ""finite"", ""measured_lower_bound_D_U"": null, ""measured_upper_bound_D_U"": null}",
gemma3-4b,100000,qa:2Wiki-probe,0.1,delta,boundary_loglinear,38133,near,"[""gemma3-4b-near-r1"", ""gemma3-4b-near-r2"", ""gemma3-4b-near-r3""]","[""gemma3-4b-above-r1"", ""gemma3-4b-above-r2"", ""gemma3-4b-above-r3""]",True,38133,158391,99828.66666666667,True,True,0.75924768452753,0.006546579111191386,"{""status"": ""crossed"", ""interval"": [8852, 38703]}",gemma3-4b|100000|qa:2Wiki-probe|0.1,0.0,True,0.0,interval_distance,29851,1.475273694222306,finite,,,"{""log_distance"": 1.409149543173184, ""inside_interval"": false, ""signed_log_distance"": 1.409149543173184, ""distance_status"": ""interval_distance"", ""interval_width_tokens"": 29851, ""interval_log_width"": 1.475273694222306, ""width_status"": ""finite"", ""measured_lower_bound_D_U"": null, ""measured_upper_bound_D_U"": null}",-1.4239866106036516
gemma3-4b,100000,qa:2Wiki-probe,0.1,delta,fixed_reuse,9003.666666666666,below,"[""gemma3-4b-below-r1"", ""gemma3-4b-below-r2"", ""gemma3-4b-below-r3""]","[""gemma3-4b-above-r1"", ""gemma3-4b-above-r2"", ""gemma3-4b-above-r3""]",False,9003.666666666666,158391,99828.66666666667,True,True,,0.006546579111191386,"{""status"": ""crossed"", ""interval"": [8852, 38703]}",gemma3-4b|100000|qa:2Wiki-probe|0.1,0.0,True,0.0,interval_distance,29851,1.475273694222306,finite,,,"{""log_distance"": 1.409149543173184, ""inside_interval"": false, ""signed_log_distance"": 1.409149543173184, ""distance_status"": ""interval_distance"", ""interval_width_tokens"": 29851, ""interval_log_width"": 1.475273694222306, ""width_status"": ""finite"", ""measured_lower_bound_D_U"": null, ""measured_upper_bound_D_U"": null}",-2.8674347578085304
gemma3-4b,100000,qa:2Wiki-probe,0.1,delta,student_isotonic,,,[],"[""gemma3-4b-above-r1"", ""gemma3-4b-above-r2"", ""gemma3-4b-above-r3""]",,,158391,99828.66666666667,True,True,,0.006546579111191386,"{""status"": ""crossed"", ""interval"": [8852, 38703]}",gemma3-4b|100000|qa:2Wiki-probe|0.1,,,,no_recommendation,29851,1.475273694222306,finite,,,"{""log_distance"": 1.409149543173184, ""inside_interval"": false, ""signed_log_distance"": 1.409149543173184, ""distance_status"": ""interval_distance"", ""interval_width_tokens"": 29851, ""interval_log_width"": 1.475273694222306, ""width_status"": ""finite"", ""measured_lower_bound_D_U"": null, ""measured_upper_bound_D_U"": null}",
gemma3-4b,100000,qa:2Wiki-probe,0.25,boundary,boundary_loglinear,38133,near,"[""gemma3-4b-near-r1"", ""gemma3-4b-near-r2"", ""gemma3-4b-near-r3""]","[""gemma3-4b-above-r1"", ""gemma3-4b-above-r2"", ""gemma3-4b-above-r3""]",True,38133,158391,99828.66666666667,True,True,0.75924768452753,0.006546579111191386,"{""status"": ""crossed"", ""interval"": [8852, 38703]}",gemma3-4b|100000|qa:2Wiki-probe|0.25,0.0,True,0.0,interval_distance,29851,1.475273694222306,finite,,,"{""log_distance"": 1.409149543173184, ""inside_interval"": false, ""signed_log_distance"": 1.409149543173184, ""distance_status"": ""interval_distance"", ""interval_width_tokens"": 29851, ""interval_log_width"": 1.475273694222306, ""width_status"": ""finite"", ""measured_lower_bound_D_U"": null, ""measured_upper_bound_D_U"": null}",-1.4239866106036516
gemma3-4b,100000,qa:2Wiki-probe,0.25,boundary,fixed_reuse,38133,near,"[""gemma3-4b-near-r1"", ""gemma3-4b-near-r2"", ""gemma3-4b-near-r3""]","[""gemma3-4b-above-r1"", ""gemma3-4b-above-r2"", ""gemma3-4b-above-r3""]",True,38133,158391,99828.66666666667,True,True,0.75924768452753,0.006546579111191386,"{""status"": ""crossed"", ""interval"": [8852, 38703]}",gemma3-4b|100000|qa:2Wiki-probe|0.25,0.0,True,0.0,interval_distance,29851,1.475273694222306,finite,,,"{""log_distance"": 1.409149543173184, ""inside_interval"": false, ""signed_log_distance"": 1.409149543173184, ""distance_status"": ""interval_distance"", ""interval_width_tokens"": 29851, ""interval_log_width"": 1.475273694222306, ""width_status"": ""finite"", ""measured_lower_bound_D_U"": null, ""measured_upper_bound_D_U"": null}",-1.4239866106036516
gemma3-4b,100000,qa:2Wiki-probe,0.25,boundary,student_isotonic,,,[],"[""gemma3-4b-above-r1"", ""gemma3-4b-above-r2"", ""gemma3-4b-above-r3""]",,,158391,99828.66666666667,True,True,,0.006546579111191386,"{""status"": ""crossed"", ""interval"": [8852, 38703]}",gemma3-4b|100000|qa:2Wiki-probe|0.25,,,,no_recommendation,29851,1.475273694222306,finite,,,"{""log_distance"": 1.409149543173184, ""inside_interval"": false, ""signed_log_distance"": 1.409149543173184, ""distance_status"": ""interval_distance"", ""interval_width_tokens"": 29851, ""interval_log_width"": 1.475273694222306, ""width_status"": ""finite"", ""measured_lower_bound_D_U"": null, ""measured_upper_bound_D_U"": null}",
gemma3-4b,100000,qa:2Wiki-probe,0.25,delta,boundary_loglinear,38133,near,"[""gemma3-4b-near-r1"", ""gemma3-4b-near-r2"", ""gemma3-4b-near-r3""]","[""gemma3-4b-above-r1"", ""gemma3-4b-above-r2"", ""gemma3-4b-above-r3""]",True,38133,158391,99828.66666666667,True,True,0.75924768452753,0.006546579111191386,"{""status"": ""crossed"", ""interval"": [8852, 38703]}",gemma3-4b|100000|qa:2Wiki-probe|0.25,0.0,True,0.0,interval_distance,29851,1.475273694222306,finite,,,"{""log_distance"": 1.409149543173184, ""inside_interval"": false, ""signed_log_distance"": 1.409149543173184, ""distance_status"": ""interval_distance"", ""interval_width_tokens"": 29851, ""interval_log_width"": 1.475273694222306, ""width_status"": ""finite"", ""measured_lower_bound_D_U"": null, ""measured_upper_bound_D_U"": null}",-1.4239866106036516
gemma3-4b,100000,qa:2Wiki-probe,0.25,delta,fixed_reuse,9003.666666666666,below,"[""gemma3-4b-below-r1"", ""gemma3-4b-below-r2"", ""gemma3-4b-below-r3""]","[""gemma3-4b-above-r1"", ""gemma3-4b-above-r2"", ""gemma3-4b-above-r3""]",False,9003.666666666666,158391,99828.66666666667,True,True,,0.006546579111191386,"{""status"": ""crossed"", ""interval"": [8852, 38703]}",gemma3-4b|100000|qa:2Wiki-probe|0.25,0.0,True,0.0,interval_distance,29851,1.475273694222306,finite,,,"{""log_distance"": 1.409149543173184, ""inside_interval"": false, ""signed_log_distance"": 1.409149543173184, ""distance_status"": ""interval_distance"", ""interval_width_tokens"": 29851, ""interval_log_width"": 1.475273694222306, ""width_status"": ""finite"", ""measured_lower_bound_D_U"": null, ""measured_upper_bound_D_U"": null}",-2.8674347578085304
gemma3-4b,100000,qa:2Wiki-probe,0.25,delta,student_isotonic,,,[],"[""gemma3-4b-above-r1"", ""gemma3-4b-above-r2"", ""gemma3-4b-above-r3""]",,,158391,99828.66666666667,True,True,,0.006546579111191386,"{""status"": ""crossed"", ""interval"": [8852, 38703]}",gemma3-4b|100000|qa:2Wiki-probe|0.25,,,,no_recommendation,29851,1.475273694222306,finite,,,"{""log_distance"": 1.409149543173184, ""inside_interval"": false, ""signed_log_distance"": 1.409149543173184, ""distance_status"": ""interval_distance"", ""interval_width_tokens"": 29851, ""interval_log_width"": 1.475273694222306, ""width_status"": ""finite"", ""measured_lower_bound_D_U"": null, ""measured_upper_bound_D_U"": null}",
gemma3-4b,100000,qa:2Wiki-probe,0.5,boundary,boundary_loglinear,38133,near,"[""gemma3-4b-near-r1"", ""gemma3-4b-near-r2"", ""gemma3-4b-near-r3""]","[""gemma3-4b-above-r1"", ""gemma3-4b-above-r2"", ""gemma3-4b-above-r3""]",True,38133,158391,99828.66666666667,True,True,0.75924768452753,0.006546579111191386,"{""status"": ""crossed"", ""interval"": [8852, 38703]}",gemma3-4b|100000|qa:2Wiki-probe|0.5,0.0,True,0.0,interval_distance,29851,1.475273694222306,finite,,,"{""log_distance"": 1.409149543173184, ""inside_interval"": false, ""signed_log_distance"": 1.409149543173184, ""distance_status"": ""interval_distance"", ""interval_width_tokens"": 29851, ""interval_log_width"": 1.475273694222306, ""width_status"": ""finite"", ""measured_lower_bound_D_U"": null, ""measured_upper_bound_D_U"": null}",-1.4239866106036516
gemma3-4b,100000,qa:2Wiki-probe,0.5,boundary,fixed_reuse,38133,near,"[""gemma3-4b-near-r1"", ""gemma3-4b-near-r2"", ""gemma3-4b-near-r3""]","[""gemma3-4b-above-r1"", ""gemma3-4b-above-r2"", ""gemma3-4b-above-r3""]",True,38133,158391,99828.66666666667,True,True,0.75924768452753,0.006546579111191386,"{""status"": ""crossed"", ""interval"": [8852, 38703]}",gemma3-4b|100000|qa:2Wiki-probe|0.5,0.0,True,0.0,interval_distance,29851,1.475273694222306,finite,,,"{""log_distance"": 1.409149543173184, ""inside_interval"": false, ""signed_log_distance"": 1.409149543173184, ""distance_status"": ""interval_distance"", ""interval_width_tokens"": 29851, ""interval_log_width"": 1.475273694222306, ""width_status"": ""finite"", ""measured_lower_bound_D_U"": null, ""measured_upper_bound_D_U"": null}",-1.4239866106036516
gemma3-4b,100000,qa:2Wiki-probe,0.5,boundary,student_isotonic,,,[],"[""gemma3-4b-above-r1"", ""gemma3-4b-above-r2"", ""gemma3-4b-above-r3""]",,,158391,99828.66666666667,True,True,,0.006546579111191386,"{""status"": ""crossed"", ""interval"": [8852, 38703]}",gemma3-4b|100000|qa:2Wiki-probe|0.5,,,,no_recommendation,29851,1.475273694222306,finite,,,"{""log_distance"": 1.409149543173184, ""inside_interval"": false, ""signed_log_distance"": 1.409149543173184, ""distance_status"": ""interval_distance"", ""interval_width_tokens"": 29851, ""interval_log_width"": 1.475273694222306, ""width_status"": ""finite"", ""measured_lower_bound_D_U"": null, ""measured_upper_bound_D_U"": null}",
gemma3-4b,100000,qa:2Wiki-probe,0.5,delta,boundary_loglinear,38133,near,"[""gemma3-4b-near-r1"", ""gemma3-4b-near-r2"", ""gemma3-4b-near-r3""]","[""gemma3-4b-above-r1"", ""gemma3-4b-above-r2"", ""gemma3-4b-above-r3""]",True,38133,158391,99828.66666666667,True,True,0.75924768452753,0.006546579111191386,"{""status"": ""crossed"", ""interval"": [8852, 38703]}",gemma3-4b|100000|qa:2Wiki-probe|0.5,0.0,True,0.0,interval_distance,29851,1.475273694222306,finite,,,"{""log_distance"": 1.409149543173184, ""inside_interval"": false, ""signed_log_distance"": 1.409149543173184, ""distance_status"": ""interval_distance"", ""interval_width_tokens"": 29851, ""interval_log_width"": 1.475273694222306, ""width_status"": ""finite"", ""measured_lower_bound_D_U"": null, ""measured_upper_bound_D_U"": null}",-1.4239866106036516
gemma3-4b,100000,qa:2Wiki-probe,0.5,delta,fixed_reuse,9003.666666666666,below,"[""gemma3-4b-below-r1"", ""gemma3-4b-below-r2"", ""gemma3-4b-below-r3""]","[""gemma3-4b-above-r1"", ""gemma3-4b-above-r2"", ""gemma3-4b-above-r3""]",False,9003.666666666666,158391,99828.66666666667,True,True,,0.006546579111191386,"{""status"": ""crossed"", ""interval"": [8852, 38703]}",gemma3-4b|100000|qa:2Wiki-probe|0.5,0.0,True,0.0,interval_distance,29851,1.475273694222306,finite,,,"{""log_distance"": 1.409149543173184, ""inside_interval"": false, ""signed_log_distance"": 1.409149543173184, ""distance_status"": ""interval_distance"", ""interval_width_tokens"": 29851, ""interval_log_width"": 1.475273694222306, ""width_status"": ""finite"", ""measured_lower_bound_D_U"": null, ""measured_upper_bound_D_U"": null}",-2.8674347578085304
gemma3-4b,100000,qa:2Wiki-probe,0.5,delta,student_isotonic,,,[],"[""gemma3-4b-above-r1"", ""gemma3-4b-above-r2"", ""gemma3-4b-above-r3""]",,,158391,99828.66666666667,True,True,,0.006546579111191386,"{""status"": ""crossed"", ""interval"": [8852, 38703]}",gemma3-4b|100000|qa:2Wiki-probe|0.5,,,,no_recommendation,29851,1.475273694222306,finite,,,"{""log_distance"": 1.409149543173184, ""inside_interval"": false, ""signed_log_distance"": 1.409149543173184, ""distance_status"": ""interval_distance"", ""interval_width_tokens"": 29851, ""interval_log_width"": 1.475273694222306, ""width_status"": ""finite"", ""measured_lower_bound_D_U"": null, ""measured_upper_bound_D_U"": null}",
gemma3-4b,100000,qa:MuSiQue,0.0,boundary,boundary_loglinear,158391,above,"[""gemma3-4b-above-r1"", ""gemma3-4b-above-r2"", ""gemma3-4b-above-r3""]","[""gemma3-4b-above-r1"", ""gemma3-4b-above-r2"", ""gemma3-4b-above-r3""]",False,99828.66666666667,158391,99828.66666666667,True,False,,0.006546579111191386,"{""status"": ""lower_bound"", ""interval"": [158391, null]}",gemma3-4b|100000|qa:MuSiQue|0.0,0.0,True,0.0,censored_distance_lower_bound,,,unbounded_log_interval,158391,,"{""log_distance"": 0.0, ""inside_interval"": true, ""signed_log_distance"": 0.0, ""distance_status"": ""censored_distance_lower_bound"", ""interval_width_tokens"": null, ""interval_log_width"": null, ""width_status"": ""unbounded_log_interval"", ""measured_lower_bound_D_U"": 158391, ""measured_upper_bound_D_U"": null}",0.0
gemma3-4b,100000,qa:MuSiQue,0.0,boundary,fixed_reuse,158391,above,"[""gemma3-4b-above-r1"", ""gemma3-4b-above-r2"", ""gemma3-4b-above-r3""]","[""gemma3-4b-above-r1"", ""gemma3-4b-above-r2"", ""gemma3-4b-above-r3""]",False,99828.66666666667,158391,99828.66666666667,True,False,,0.006546579111191386,"{""status"": ""lower_bound"", ""interval"": [158391, null]}",gemma3-4b|100000|qa:MuSiQue|0.0,0.0,True,0.0,censored_distance_lower_bound,,,unbounded_log_interval,158391,,"{""log_distance"": 0.0, ""inside_interval"": true, ""signed_log_distance"": 0.0, ""distance_status"": ""censored_distance_lower_bound"", ""interval_width_tokens"": null, ""interval_log_width"": null, ""width_status"": ""unbounded_log_interval"", ""measured_lower_bound_D_U"": 158391, ""measured_upper_bound_D_U"": null}",0.0
gemma3-4b,100000,qa:MuSiQue,0.0,boundary,student_isotonic,,,[],"[""gemma3-4b-above-r1"", ""gemma3-4b-above-r2"", ""gemma3-4b-above-r3""]",,,158391,99828.66666666667,True,False,,0.006546579111191386,"{""status"": ""lower_bound"", ""interval"": [158391, null]}",gemma3-4b|100000|qa:MuSiQue|0.0,,,,no_recommendation,,,unbounded_log_interval,158391,,"{""log_distance"": 0.0, ""inside_interval"": true, ""signed_log_distance"": 0.0, ""distance_status"": ""censored_distance_lower_bound"", ""interval_width_tokens"": null, ""interval_log_width"": null, ""width_status"": ""unbounded_log_interval"", ""measured_lower_bound_D_U"": 158391, ""measured_upper_bound_D_U"": null}",
gemma3-4b,100000,qa:MuSiQue,0.0,delta,boundary_loglinear,158391,above,"[""gemma3-4b-above-r1"", ""gemma3-4b-above-r2"", ""gemma3-4b-above-r3""]","[""gemma3-4b-above-r1"", ""gemma3-4b-above-r2"", ""gemma3-4b-above-r3""]",False,99828.66666666667,158391,99828.66666666667,True,False,,0.006546579111191386,"{""status"": ""lower_bound"", ""interval"": [158391, null]}",gemma3-4b|100000|qa:MuSiQue|0.0,0.0,True,0.0,censored_distance_lower_bound,,,unbounded_log_interval,158391,,"{""log_distance"": 0.0, ""inside_interval"": true, ""signed_log_distance"": 0.0, ""distance_status"": ""censored_distance_lower_bound"", ""interval_width_tokens"": null, ""interval_log_width"": null, ""width_status"": ""unbounded_log_interval"", ""measured_lower_bound_D_U"": 158391, ""measured_upper_bound_D_U"": null}",0.0
gemma3-4b,100000,qa:MuSiQue,0.0,delta,fixed_reuse,,,[],"[""gemma3-4b-above-r1"", ""gemma3-4b-above-r2"", ""gemma3-4b-above-r3""]",,,158391,99828.66666666667,True,False,,0.006546579111191386,"{""status"": ""lower_bound"", ""interval"": [158391, null]}",gemma3-4b|100000|qa:MuSiQue|0.0,,,,no_recommendation,,,unbounded_log_interval,158391,,"{""log_distance"": 0.0, ""inside_interval"": true, ""signed_log_distance"": 0.0, ""distance_status"": ""censored_distance_lower_bound"", ""interval_width_tokens"": null, ""interval_log_width"": null, ""width_status"": ""unbounded_log_interval"", ""measured_lower_bound_D_U"": 158391, ""measured_upper_bound_D_U"": null}",
gemma3-4b,100000,qa:MuSiQue,0.0,delta,student_isotonic,,,[],"[""gemma3-4b-above-r1"", ""gemma3-4b-above-r2"", ""gemma3-4b-above-r3""]",,,158391,99828.66666666667,True,False,,0.006546579111191386,"{""status"": ""lower_bound"", ""interval"": [158391, null]}",gemma3-4b|100000|qa:MuSiQue|0.0,,,,no_recommendation,,,unbounded_log_interval,158391,,"{""log_distance"": 0.0, ""inside_interval"": true, ""signed_log_distance"": 0.0, ""distance_status"": ""censored_distance_lower_bound"", ""interval_width_tokens"": null, ""interval_log_width"": null, ""width_status"": ""unbounded_log_interval"", ""measured_lower_bound_D_U"": 158391, ""measured_upper_bound_D_U"": null}",
gemma3-4b,100000,qa:MuSiQue,0.1,boundary,boundary_loglinear,158391,above,"[""gemma3-4b-above-r1"", ""gemma3-4b-above-r2"", ""gemma3-4b-above-r3""]","[""gemma3-4b-above-r1"", ""gemma3-4b-above-r2"", ""gemma3-4b-above-r3""]",False,99828.66666666667,158391,99828.66666666667,True,False,,0.006546579111191386,"{""status"": ""lower_bound"", ""interval"": [158391, null]}",gemma3-4b|100000|qa:MuSiQue|0.1,0.0,True,0.0,censored_distance_lower_bound,,,unbounded_log_interval,158391,,"{""log_distance"": 0.0, ""inside_interval"": true, ""signed_log_distance"": 0.0, ""distance_status"": ""censored_distance_lower_bound"", ""interval_width_tokens"": null, ""interval_log_width"": null, ""width_status"": ""unbounded_log_interval"", ""measured_lower_bound_D_U"": 158391, ""measured_upper_bound_D_U"": null}",0.0
gemma3-4b,100000,qa:MuSiQue,0.1,boundary,fixed_reuse,158391,above,"[""gemma3-4b-above-r1"", ""gemma3-4b-above-r2"", ""gemma3-4b-above-r3""]","[""gemma3-4b-above-r1"", ""gemma3-4b-above-r2"", ""gemma3-4b-above-r3""]",False,99828.66666666667,158391,99828.66666666667,True,False,,0.006546579111191386,"{""status"": ""lower_bound"", ""interval"": [158391, null]}",gemma3-4b|100000|qa:MuSiQue|0.1,0.0,True,0.0,censored_distance_lower_bound,,,unbounded_log_interval,158391,,"{""log_distance"": 0.0, ""inside_interval"": true, ""signed_log_distance"": 0.0, ""distance_status"": ""censored_distance_lower_bound"", ""interval_width_tokens"": null, ""interval_log_width"": null, ""width_status"": ""unbounded_log_interval"", ""measured_lower_bound_D_U"": 158391, ""measured_upper_bound_D_U"": null}",0.0
gemma3-4b,100000,qa:MuSiQue,0.1,boundary,student_isotonic,,,[],"[""gemma3-4b-above-r1"", ""gemma3-4b-above-r2"", ""gemma3-4b-above-r3""]",,,158391,99828.66666666667,True,False,,0.006546579111191386,"{""status"": ""lower_bound"", ""interval"": [158391, null]}",gemma3-4b|100000|qa:MuSiQue|0.1,,,,no_recommendation,,,unbounded_log_interval,158391,,"{""log_distance"": 0.0, ""inside_interval"": true, ""signed_log_distance"": 0.0, ""distance_status"": ""censored_distance_lower_bound"", ""interval_width_tokens"": null, ""interval_log_width"": null, ""width_status"": ""unbounded_log_interval"", ""measured_lower_bound_D_U"": 158391, ""measured_upper_bound_D_U"": null}",
gemma3-4b,100000,qa:MuSiQue,0.1,delta,boundary_loglinear,158391,above,"[""gemma3-4b-above-r1"", ""gemma3-4b-above-r2"", ""gemma3-4b-above-r3""]","[""gemma3-4b-above-r1"", ""gemma3-4b-above-r2"", ""gemma3-4b-above-r3""]",False,99828.66666666667,158391,99828.66666666667,True,False,,0.006546579111191386,"{""status"": ""lower_bound"", ""interval"": [158391, null]}",gemma3-4b|100000|qa:MuSiQue|0.1,0.0,True,0.0,censored_distance_lower_bound,,,unbounded_log_interval,158391,,"{""log_distance"": 0.0, ""inside_interval"": true, ""signed_log_distance"": 0.0, ""distance_status"": ""censored_distance_lower_bound"", ""interval_width_tokens"": null, ""interval_log_width"": null, ""width_status"": ""unbounded_log_interval"", ""measured_lower_bound_D_U"": 158391, ""measured_upper_bound_D_U"": null}",0.0
gemma3-4b,100000,qa:MuSiQue,0.1,delta,fixed_reuse,,,[],"[""gemma3-4b-above-r1"", ""gemma3-4b-above-r2"", ""gemma3-4b-above-r3""]",,,158391,99828.66666666667,True,False,,0.006546579111191386,"{""status"": ""lower_bound"", ""interval"": [158391, null]}",gemma3-4b|100000|qa:MuSiQue|0.1,,,,no_recommendation,,,unbounded_log_interval,158391,,"{""log_distance"": 0.0, ""inside_interval"": true, ""signed_log_distance"": 0.0, ""distance_status"": ""censored_distance_lower_bound"", ""interval_width_tokens"": null, ""interval_log_width"": null, ""width_status"": ""unbounded_log_interval"", ""measured_lower_bound_D_U"": 158391, ""measured_upper_bound_D_U"": null}",
gemma3-4b,100000,qa:MuSiQue,0.1,delta,student_isotonic,,,[],"[""gemma3-4b-above-r1"", ""gemma3-4b-above-r2"", ""gemma3-4b-above-r3""]",,,158391,99828.66666666667,True,False,,0.006546579111191386,"{""status"": ""lower_bound"", ""interval"": [158391, null]}",gemma3-4b|100000|qa:MuSiQue|0.1,,,,no_recommendation,,,unbounded_log_interval,158391,,"{""log_distance"": 0.0, ""inside_interval"": true, ""signed_log_distance"": 0.0, ""distance_status"": ""censored_distance_lower_bound"", ""interval_width_tokens"": null, ""interval_log_width"": null, ""width_status"": ""unbounded_log_interval"", ""measured_lower_bound_D_U"": 158391, ""measured_upper_bound_D_U"": null}",
gemma3-4b,100000,qa:MuSiQue,0.25,boundary,boundary_loglinear,158391,above,"[""gemma3-4b-above-r1"", ""gemma3-4b-above-r2"", ""gemma3-4b-above-r3""]","[""gemma3-4b-above-r1"", ""gemma3-4b-above-r2"", ""gemma3-4b-above-r3""]",False,99828.66666666667,158391,99828.66666666667,False,False,,0.006546579111191386,"{""status"": ""replicate_ambiguous"", ""interval"": null}",gemma3-4b|100000|qa:MuSiQue|0.25,,,,unresolved_interval,,,unresolved,,,"{""log_distance"": null, ""inside_interval"": null, ""signed_log_distance"": null, ""distance_status"": ""unresolved_interval"", ""interval_width_tokens"": null, ""interval_log_width"": null, ""width_status"": ""unresolved"", ""measured_lower_bound_D_U"": null, ""measured_upper_bound_D_U"": null}",0.0
gemma3-4b,100000,qa:MuSiQue,0.25,boundary,fixed_reuse,38133,near,"[""gemma3-4b-near-r1"", ""gemma3-4b-near-r2"", ""gemma3-4b-near-r3""]","[""gemma3-4b-above-r1"", ""gemma3-4b-above-r2"", ""gemma3-4b-above-r3""]",False,38133,158391,99828.66666666667,False,False,,0.006546579111191386,"{""status"": ""replicate_ambiguous"", ""interval"": null}",gemma3-4b|100000|qa:MuSiQue|0.25,,,,unresolved_interval,,,unresolved,,,"{""log_distance"": null, ""inside_interval"": null, ""signed_log_distance"": null, ""distance_status"": ""unresolved_interval"", ""interval_width_tokens"": null, ""interval_log_width"": null, ""width_status"": ""unresolved"", ""measured_lower_bound_D_U"": null, ""measured_upper_bound_D_U"": null}",-1.4239866106036516
gemma3-4b,100000,qa:MuSiQue,0.25,boundary,student_isotonic,158391,above,"[""gemma3-4b-above-r1"", ""gemma3-4b-above-r2"", ""gemma3-4b-above-r3""]","[""gemma3-4b-above-r1"", ""gemma3-4b-above-r2"", ""gemma3-4b-above-r3""]",False,99828.66666666667,158391,99828.66666666667,False,False,,0.006546579111191386,"{""status"": ""replicate_ambiguous"", ""interval"": null}",gemma3-4b|100000|qa:MuSiQue|0.25,,,,unresolved_interval,,,unresolved,,,"{""log_distance"": null, ""inside_interval"": null, ""signed_log_distance"": null, ""distance_status"": ""unresolved_interval"", ""interval_width_tokens"": null, ""interval_log_width"": null, ""width_status"": ""unresolved"", ""measured_lower_bound_D_U"": null, ""measured_upper_bound_D_U"": null}",0.0
gemma3-4b,100000,qa:MuSiQue,0.25,delta,boundary_loglinear,158391,above,"[""gemma3-4b-above-r1"", ""gemma3-4b-above-r2"", ""gemma3-4b-above-r3""]","[""gemma3-4b-above-r1"", ""gemma3-4b-above-r2"", ""gemma3-4b-above-r3""]",False,99828.66666666667,158391,99828.66666666667,True,False,,0.006546579111191386,"{""status"": ""replicate_ambiguous"", ""interval"": null}",gemma3-4b|100000|qa:MuSiQue|0.25,,,,unresolved_interval,,,unresolved,,,"{""log_distance"": null, ""inside_interval"": null, ""signed_log_distance"": null, ""distance_status"": ""unresolved_interval"", ""interval_width_tokens"": null, ""interval_log_width"": null, ""width_status"": ""unresolved"", ""measured_lower_bound_D_U"": null, ""measured_upper_bound_D_U"": null}",0.0
gemma3-4b,100000,qa:MuSiQue,0.25,delta,fixed_reuse,,,[],"[""gemma3-4b-above-r1"", ""gemma3-4b-above-r2"", ""gemma3-4b-above-r3""]",,,158391,99828.66666666667,True,False,,0.006546579111191386,"{""status"": ""replicate_ambiguous"", ""interval"": null}",gemma3-4b|100000|qa:MuSiQue|0.25,,,,unresolved_interval,,,unresolved,,,"{""log_distance"": null, ""inside_interval"": null, ""signed_log_distance"": null, ""distance_status"": ""unresolved_interval"", ""interval_width_tokens"": null, ""interval_log_width"": null, ""width_status"": ""unresolved"", ""measured_lower_bound_D_U"": null, ""measured_upper_bound_D_U"": null}",
gemma3-4b,100000,qa:MuSiQue,0.25,delta,student_isotonic,158391,above,"[""gemma3-4b-above-r1"", ""gemma3-4b-above-r2"", ""gemma3-4b-above-r3""]","[""gemma3-4b-above-r1"", ""gemma3-4b-above-r2"", ""gemma3-4b-above-r3""]",False,99828.66666666667,158391,99828.66666666667,True,False,,0.006546579111191386,"{""status"": ""replicate_ambiguous"", ""interval"": null}",gemma3-4b|100000|qa:MuSiQue|0.25,,,,unresolved_interval,,,unresolved,,,"{""log_distance"": null, ""inside_interval"": null, ""signed_log_distance"": null, ""distance_status"": ""unresolved_interval"", ""interval_width_tokens"": null, ""interval_log_width"": null, ""width_status"": ""unresolved"", ""measured_lower_bound_D_U"": null, ""measured_upper_bound_D_U"": null}",0.0
gemma3-4b,100000,qa:MuSiQue,0.5,boundary,boundary_loglinear,38133,near,"[""gemma3-4b-near-r1"", ""gemma3-4b-near-r2"", ""gemma3-4b-near-r3""]","[""gemma3-4b-near-r1"", ""gemma3-4b-near-r2"", ""gemma3-4b-near-r3""]",False,38133,38133,38133,False,False,,0.006546579111191386,"{""status"": ""replicate_ambiguous"", ""interval"": null}",gemma3-4b|100000|qa:MuSiQue|0.5,,,,unresolved_interval,,,unresolved,,,"{""log_distance"": null, ""inside_interval"": null, ""signed_log_distance"": null, ""distance_status"": ""unresolved_interval"", ""interval_width_tokens"": null, ""interval_log_width"": null, ""width_status"": ""unresolved"", ""measured_lower_bound_D_U"": null, ""measured_upper_bound_D_U"": null}",0.0
gemma3-4b,100000,qa:MuSiQue,0.5,boundary,fixed_reuse,38133,near,"[""gemma3-4b-near-r1"", ""gemma3-4b-near-r2"", ""gemma3-4b-near-r3""]","[""gemma3-4b-near-r1"", ""gemma3-4b-near-r2"", ""gemma3-4b-near-r3""]",False,38133,38133,38133,False,False,,0.006546579111191386,"{""status"": ""replicate_ambiguous"", ""interval"": null}",gemma3-4b|100000|qa:MuSiQue|0.5,,,,unresolved_interval,,,unresolved,,,"{""log_distance"": null, ""inside_interval"": null, ""signed_log_distance"": null, ""distance_status"": ""unresolved_interval"", ""interval_width_tokens"": null, ""interval_log_width"": null, ""width_status"": ""unresolved"", ""measured_lower_bound_D_U"": null, ""measured_upper_bound_D_U"": null}",0.0
gemma3-4b,100000,qa:MuSiQue,0.5,boundary,student_isotonic,38133,near,"[""gemma3-4b-near-r1"", ""gemma3-4b-near-r2"", ""gemma3-4b-near-r3""]","[""gemma3-4b-near-r1"", ""gemma3-4b-near-r2"", ""gemma3-4b-near-r3""]",False,38133,38133,38133,False,False,,0.006546579111191386,"{""status"": ""replicate_ambiguous"", ""interval"": null}",gemma3-4b|100000|qa:MuSiQue|0.5,,,,unresolved_interval,,,unresolved,,,"{""log_distance"": null, ""inside_interval"": null, ""signed_log_distance"": null, ""distance_status"": ""unresolved_interval"", ""interval_width_tokens"": null, ""interval_log_width"": null, ""width_status"": ""unresolved"", ""measured_lower_bound_D_U"": null, ""measured_upper_bound_D_U"": null}",0.0
gemma3-4b,100000,qa:MuSiQue,0.5,delta,boundary_loglinear,158391,above,"[""gemma3-4b-above-r1"", ""gemma3-4b-above-r2"", ""gemma3-4b-above-r3""]","[""gemma3-4b-above-r1"", ""gemma3-4b-above-r2"", ""gemma3-4b-above-r3""]",False,99828.66666666667,158391,99828.66666666667,False,False,,0.006546579111191386,"{""status"": ""replicate_ambiguous"", ""interval"": null}",gemma3-4b|100000|qa:MuSiQue|0.5,,,,unresolved_interval,,,unresolved,,,"{""log_distance"": null, ""inside_interval"": null, ""signed_log_distance"": null, ""distance_status"": ""unresolved_interval"", ""interval_width_tokens"": null, ""interval_log_width"": null, ""width_status"": ""unresolved"", ""measured_lower_bound_D_U"": null, ""measured_upper_bound_D_U"": null}",0.0
gemma3-4b,100000,qa:MuSiQue,0.5,delta,fixed_reuse,158391,above,"[""gemma3-4b-above-r1"", ""gemma3-4b-above-r2"", ""gemma3-4b-above-r3""]","[""gemma3-4b-above-r1"", ""gemma3-4b-above-r2"", ""gemma3-4b-above-r3""]",False,99828.66666666667,158391,99828.66666666667,False,False,,0.006546579111191386,"{""status"": ""replicate_ambiguous"", ""interval"": null}",gemma3-4b|100000|qa:MuSiQue|0.5,,,,unresolved_interval,,,unresolved,,,"{""log_distance"": null, ""inside_interval"": null, ""signed_log_distance"": null, ""distance_status"": ""unresolved_interval"", ""interval_width_tokens"": null, ""interval_log_width"": null, ""width_status"": ""unresolved"", ""measured_lower_bound_D_U"": null, ""measured_upper_bound_D_U"": null}",0.0
gemma3-4b,100000,qa:MuSiQue,0.5,delta,student_isotonic,9003.666666666666,below,"[""gemma3-4b-below-r1"", ""gemma3-4b-below-r2"", ""gemma3-4b-below-r3""]","[""gemma3-4b-above-r1"", ""gemma3-4b-above-r2"", ""gemma3-4b-above-r3""]",False,9003.666666666666,158391,99828.66666666667,False,False,,0.006546579111191386,"{""status"": ""replicate_ambiguous"", ""interval"": null}",gemma3-4b|100000|qa:MuSiQue|0.5,,,,unresolved_interval,,,unresolved,,,"{""log_distance"": null, ""inside_interval"": null, ""signed_log_distance"": null, ""distance_status"": ""unresolved_interval"", ""interval_width_tokens"": null, ""interval_log_width"": null, ""width_status"": ""unresolved"", ""measured_lower_bound_D_U"": null, ""measured_upper_bound_D_U"": null}",-2.8674347578085304
gemma3-4b,100000,qa:TriviaQA,0.0,boundary,boundary_loglinear,,,[],"[""gemma3-4b-above-r1"", ""gemma3-4b-above-r2"", ""gemma3-4b-above-r3""]",,,158391,99828.66666666667,True,False,,0.006546579111191386,"{""status"": ""lower_bound"", ""interval"": [158391, null]}",gemma3-4b|100000|qa:TriviaQA|0.0,,,,no_recommendation,,,unbounded_log_interval,158391,,"{""log_distance"": 0.0, ""inside_interval"": true, ""signed_log_distance"": 0.0, ""distance_status"": ""censored_distance_lower_bound"", ""interval_width_tokens"": null, ""interval_log_width"": null, ""width_status"": ""unbounded_log_interval"", ""measured_lower_bound_D_U"": 158391, ""measured_upper_bound_D_U"": null}",
gemma3-4b,100000,qa:TriviaQA,0.0,boundary,fixed_reuse,,,[],"[""gemma3-4b-above-r1"", ""gemma3-4b-above-r2"", ""gemma3-4b-above-r3""]",,,158391,99828.66666666667,True,False,,0.006546579111191386,"{""status"": ""lower_bound"", ""interval"": [158391, null]}",gemma3-4b|100000|qa:TriviaQA|0.0,,,,no_recommendation,,,unbounded_log_interval,158391,,"{""log_distance"": 0.0, ""inside_interval"": true, ""signed_log_distance"": 0.0, ""distance_status"": ""censored_distance_lower_bound"", ""interval_width_tokens"": null, ""interval_log_width"": null, ""width_status"": ""unbounded_log_interval"", ""measured_lower_bound_D_U"": 158391, ""measured_upper_bound_D_U"": null}",
gemma3-4b,100000,qa:TriviaQA,0.0,boundary,student_isotonic,,,[],"[""gemma3-4b-above-r1"", ""gemma3-4b-above-r2"", ""gemma3-4b-above-r3""]",,,158391,99828.66666666667,True,False,,0.006546579111191386,"{""status"": ""lower_bound"", ""interval"": [158391, null]}",gemma3-4b|100000|qa:TriviaQA|0.0,,,,no_recommendation,,,unbounded_log_interval,158391,,"{""log_distance"": 0.0, ""inside_interval"": true, ""signed_log_distance"": 0.0, ""distance_status"": ""censored_distance_lower_bound"", ""interval_width_tokens"": null, ""interval_log_width"": null, ""width_status"": ""unbounded_log_interval"", ""measured_lower_bound_D_U"": 158391, ""measured_upper_bound_D_U"": null}",
gemma3-4b,100000,qa:TriviaQA,0.0,delta,boundary_loglinear,,,[],"[""gemma3-4b-above-r1"", ""gemma3-4b-above-r2"", ""gemma3-4b-above-r3""]",,,158391,99828.66666666667,True,False,,0.006546579111191386,"{""status"": ""lower_bound"", ""interval"": [158391, null]}",gemma3-4b|100000|qa:TriviaQA|0.0,,,,no_recommendation,,,unbounded_log_interval,158391,,"{""log_distance"": 0.0, ""inside_interval"": true, ""signed_log_distance"": 0.0, ""distance_status"": ""censored_distance_lower_bound"", ""interval_width_tokens"": null, ""interval_log_width"": null, ""width_status"": ""unbounded_log_interval"", ""measured_lower_bound_D_U"": 158391, ""measured_upper_bound_D_U"": null}",
gemma3-4b,100000,qa:TriviaQA,0.0,delta,fixed_reuse,,,[],"[""gemma3-4b-above-r1"", ""gemma3-4b-above-r2"", ""gemma3-4b-above-r3""]",,,158391,99828.66666666667,True,False,,0.006546579111191386,"{""status"": ""lower_bound"", ""interval"": [158391, null]}",gemma3-4b|100000|qa:TriviaQA|0.0,,,,no_recommendation,,,unbounded_log_interval,158391,,"{""log_distance"": 0.0, ""inside_interval"": true, ""signed_log_distance"": 0.0, ""distance_status"": ""censored_distance_lower_bound"", ""interval_width_tokens"": null, ""interval_log_width"": null, ""width_status"": ""unbounded_log_interval"", ""measured_lower_bound_D_U"": 158391, ""measured_upper_bound_D_U"": null}",
gemma3-4b,100000,qa:TriviaQA,0.0,delta,student_isotonic,,,[],"[""gemma3-4b-above-r1"", ""gemma3-4b-above-r2"", ""gemma3-4b-above-r3""]",,,158391,99828.66666666667,True,False,,0.006546579111191386,"{""status"": ""lower_bound"", ""interval"": [158391, null]}",gemma3-4b|100000|qa:TriviaQA|0.0,,,,no_recommendation,,,unbounded_log_interval,158391,,"{""log_distance"": 0.0, ""inside_interval"": true, ""signed_log_distance"": 0.0, ""distance_status"": ""censored_distance_lower_bound"", ""interval_width_tokens"": null, ""interval_log_width"": null, ""width_status"": ""unbounded_log_interval"", ""measured_lower_bound_D_U"": 158391, ""measured_upper_bound_D_U"": null}",
gemma3-4b,100000,qa:TriviaQA,0.1,boundary,boundary_loglinear,,,[],"[""gemma3-4b-above-r1"", ""gemma3-4b-above-r2"", ""gemma3-4b-above-r3""]",,,158391,99828.66666666667,True,False,,0.006546579111191386,"{""status"": ""lower_bound"", ""interval"": [158391, null]}",gemma3-4b|100000|qa:TriviaQA|0.1,,,,no_recommendation,,,unbounded_log_interval,158391,,"{""log_distance"": 0.0, ""inside_interval"": true, ""signed_log_distance"": 0.0, ""distance_status"": ""censored_distance_lower_bound"", ""interval_width_tokens"": null, ""interval_log_width"": null, ""width_status"": ""unbounded_log_interval"", ""measured_lower_bound_D_U"": 158391, ""measured_upper_bound_D_U"": null}",
gemma3-4b,100000,qa:TriviaQA,0.1,boundary,fixed_reuse,,,[],"[""gemma3-4b-above-r1"", ""gemma3-4b-above-r2"", ""gemma3-4b-above-r3""]",,,158391,99828.66666666667,True,False,,0.006546579111191386,"{""status"": ""lower_bound"", ""interval"": [158391, null]}",gemma3-4b|100000|qa:TriviaQA|0.1,,,,no_recommendation,,,unbounded_log_interval,158391,,"{""log_distance"": 0.0, ""inside_interval"": true, ""signed_log_distance"": 0.0, ""distance_status"": ""censored_distance_lower_bound"", ""interval_width_tokens"": null, ""interval_log_width"": null, ""width_status"": ""unbounded_log_interval"", ""measured_lower_bound_D_U"": 158391, ""measured_upper_bound_D_U"": null}",
gemma3-4b,100000,qa:TriviaQA,0.1,boundary,student_isotonic,,,[],"[""gemma3-4b-above-r1"", ""gemma3-4b-above-r2"", ""gemma3-4b-above-r3""]",,,158391,99828.66666666667,True,False,,0.006546579111191386,"{""status"": ""lower_bound"", ""interval"": [158391, null]}",gemma3-4b|100000|qa:TriviaQA|0.1,,,,no_recommendation,,,unbounded_log_interval,158391,,"{""log_distance"": 0.0, ""inside_interval"": true, ""signed_log_distance"": 0.0, ""distance_status"": ""censored_distance_lower_bound"", ""interval_width_tokens"": null, ""interval_log_width"": null, ""width_status"": ""unbounded_log_interval"", ""measured_lower_bound_D_U"": 158391, ""measured_upper_bound_D_U"": null}",
gemma3-4b,100000,qa:TriviaQA,0.1,delta,boundary_loglinear,,,[],"[""gemma3-4b-above-r1"", ""gemma3-4b-above-r2"", ""gemma3-4b-above-r3""]",,,158391,99828.66666666667,True,False,,0.006546579111191386,"{""status"": ""lower_bound"", ""interval"": [158391, null]}",gemma3-4b|100000|qa:TriviaQA|0.1,,,,no_recommendation,,,unbounded_log_interval,158391,,"{""log_distance"": 0.0, ""inside_interval"": true, ""signed_log_distance"": 0.0, ""distance_status"": ""censored_distance_lower_bound"", ""interval_width_tokens"": null, ""interval_log_width"": null, ""width_status"": ""unbounded_log_interval"", ""measured_lower_bound_D_U"": 158391, ""measured_upper_bound_D_U"": null}",
gemma3-4b,100000,qa:TriviaQA,0.1,delta,fixed_reuse,,,[],"[""gemma3-4b-above-r1"", ""gemma3-4b-above-r2"", ""gemma3-4b-above-r3""]",,,158391,99828.66666666667,True,False,,0.006546579111191386,"{""status"": ""lower_bound"", ""interval"": [158391, null]}",gemma3-4b|100000|qa:TriviaQA|0.1,,,,no_recommendation,,,unbounded_log_interval,158391,,"{""log_distance"": 0.0, ""inside_interval"": true, ""signed_log_distance"": 0.0, ""distance_status"": ""censored_distance_lower_bound"", ""interval_width_tokens"": null, ""interval_log_width"": null, ""width_status"": ""unbounded_log_interval"", ""measured_lower_bound_D_U"": 158391, ""measured_upper_bound_D_U"": null}",
gemma3-4b,100000,qa:TriviaQA,0.1,delta,student_isotonic,,,[],"[""gemma3-4b-above-r1"", ""gemma3-4b-above-r2"", ""gemma3-4b-above-r3""]",,,158391,99828.66666666667,True,False,,0.006546579111191386,"{""status"": ""lower_bound"", ""interval"": [158391, null]}",gemma3-4b|100000|qa:TriviaQA|0.1,,,,no_recommendation,,,unbounded_log_interval,158391,,"{""log_distance"": 0.0, ""inside_interval"": true, ""signed_log_distance"": 0.0, ""distance_status"": ""censored_distance_lower_bound"", ""interval_width_tokens"": null, ""interval_log_width"": null, ""width_status"": ""unbounded_log_interval"", ""measured_lower_bound_D_U"": 158391, ""measured_upper_bound_D_U"": null}",
gemma3-4b,100000,qa:TriviaQA,0.25,boundary,boundary_loglinear,,,[],"[""gemma3-4b-above-r1"", ""gemma3-4b-above-r2"", ""gemma3-4b-above-r3""]",,,158391,99828.66666666667,True,False,,0.006546579111191386,"{""status"": ""lower_bound"", ""interval"": [158391, null]}",gemma3-4b|100000|qa:TriviaQA|0.25,,,,no_recommendation,,,unbounded_log_interval,158391,,"{""log_distance"": 0.0, ""inside_interval"": true, ""signed_log_distance"": 0.0, ""distance_status"": ""censored_distance_lower_bound"", ""interval_width_tokens"": null, ""interval_log_width"": null, ""width_status"": ""unbounded_log_interval"", ""measured_lower_bound_D_U"": 158391, ""measured_upper_bound_D_U"": null}",
gemma3-4b,100000,qa:TriviaQA,0.25,boundary,fixed_reuse,,,[],"[""gemma3-4b-above-r1"", ""gemma3-4b-above-r2"", ""gemma3-4b-above-r3""]",,,158391,99828.66666666667,True,False,,0.006546579111191386,"{""status"": ""lower_bound"", ""interval"": [158391, null]}",gemma3-4b|100000|qa:TriviaQA|0.25,,,,no_recommendation,,,unbounded_log_interval,158391,,"{""log_distance"": 0.0, ""inside_interval"": true, ""signed_log_distance"": 0.0, ""distance_status"": ""censored_distance_lower_bound"", ""interval_width_tokens"": null, ""interval_log_width"": null, ""width_status"": ""unbounded_log_interval"", ""measured_lower_bound_D_U"": 158391, ""measured_upper_bound_D_U"": null}",
gemma3-4b,100000,qa:TriviaQA,0.25,boundary,student_isotonic,,,[],"[""gemma3-4b-above-r1"", ""gemma3-4b-above-r2"", ""gemma3-4b-above-r3""]",,,158391,99828.66666666667,True,False,,0.006546579111191386,"{""status"": ""lower_bound"", ""interval"": [158391, null]}",gemma3-4b|100000|qa:TriviaQA|0.25,,,,no_recommendation,,,unbounded_log_interval,158391,,"{""log_distance"": 0.0, ""inside_interval"": true, ""signed_log_distance"": 0.0, ""distance_status"": ""censored_distance_lower_bound"", ""interval_width_tokens"": null, ""interval_log_width"": null, ""width_status"": ""unbounded_log_interval"", ""measured_lower_bound_D_U"": 158391, ""measured_upper_bound_D_U"": null}",
gemma3-4b,100000,qa:TriviaQA,0.25,delta,boundary_loglinear,,,[],"[""gemma3-4b-above-r1"", ""gemma3-4b-above-r2"", ""gemma3-4b-above-r3""]",,,158391,99828.66666666667,True,False,,0.006546579111191386,"{""status"": ""lower_bound"", ""interval"": [158391, null]}",gemma3-4b|100000|qa:TriviaQA|0.25,,,,no_recommendation,,,unbounded_log_interval,158391,,"{""log_distance"": 0.0, ""inside_interval"": true, ""signed_log_distance"": 0.0, ""distance_status"": ""censored_distance_lower_bound"", ""interval_width_tokens"": null, ""interval_log_width"": null, ""width_status"": ""unbounded_log_interval"", ""measured_lower_bound_D_U"": 158391, ""measured_upper_bound_D_U"": null}",
gemma3-4b,100000,qa:TriviaQA,0.25,delta,fixed_reuse,,,[],"[""gemma3-4b-above-r1"", ""gemma3-4b-above-r2"", ""gemma3-4b-above-r3""]",,,158391,99828.66666666667,True,False,,0.006546579111191386,"{""status"": ""lower_bound"", ""interval"": [158391, null]}",gemma3-4b|100000|qa:TriviaQA|0.25,,,,no_recommendation,,,unbounded_log_interval,158391,,"{""log_distance"": 0.0, ""inside_interval"": true, ""signed_log_distance"": 0.0, ""distance_status"": ""censored_distance_lower_bound"", ""interval_width_tokens"": null, ""interval_log_width"": null, ""width_status"": ""unbounded_log_interval"", ""measured_lower_bound_D_U"": 158391, ""measured_upper_bound_D_U"": null}",
gemma3-4b,100000,qa:TriviaQA,0.25,delta,student_isotonic,,,[],"[""gemma3-4b-above-r1"", ""gemma3-4b-above-r2"", ""gemma3-4b-above-r3""]",,,158391,99828.66666666667,True,False,,0.006546579111191386,"{""status"": ""lower_bound"", ""interval"": [158391, null]}",gemma3-4b|100000|qa:TriviaQA|0.25,,,,no_recommendation,,,unbounded_log_interval,158391,,"{""log_distance"": 0.0, ""inside_interval"": true, ""signed_log_distance"": 0.0, ""distance_status"": ""censored_distance_lower_bound"", ""interval_width_tokens"": null, ""interval_log_width"": null, ""width_status"": ""unbounded_log_interval"", ""measured_lower_bound_D_U"": 158391, ""measured_upper_bound_D_U"": null}",
gemma3-4b,100000,qa:TriviaQA,0.5,boundary,boundary_loglinear,,,[],"[""gemma3-4b-above-r1"", ""gemma3-4b-above-r2"", ""gemma3-4b-above-r3""]",,,158391,99828.66666666667,True,False,,0.006546579111191386,"{""status"": ""lower_bound"", ""interval"": [158391, null]}",gemma3-4b|100000|qa:TriviaQA|0.5,,,,no_recommendation,,,unbounded_log_interval,158391,,"{""log_distance"": 0.0, ""inside_interval"": true, ""signed_log_distance"": 0.0, ""distance_status"": ""censored_distance_lower_bound"", ""interval_width_tokens"": null, ""interval_log_width"": null, ""width_status"": ""unbounded_log_interval"", ""measured_lower_bound_D_U"": 158391, ""measured_upper_bound_D_U"": null}",
gemma3-4b,100000,qa:TriviaQA,0.5,boundary,fixed_reuse,38133,near,"[""gemma3-4b-near-r1"", ""gemma3-4b-near-r2"", ""gemma3-4b-near-r3""]","[""gemma3-4b-above-r1"", ""gemma3-4b-above-r2"", ""gemma3-4b-above-r3""]",False,38133,158391,99828.66666666667,True,False,,0.006546579111191386,"{""status"": ""lower_bound"", ""interval"": [158391, null]}",gemma3-4b|100000|qa:TriviaQA|0.5,1.4239866106036516,False,-1.4239866106036516,censored_distance_lower_bound,,,unbounded_log_interval,158391,,"{""log_distance"": 0.0, ""inside_interval"": true, ""signed_log_distance"": 0.0, ""distance_status"": ""censored_distance_lower_bound"", ""interval_width_tokens"": null, ""interval_log_width"": null, ""width_status"": ""unbounded_log_interval"", ""measured_lower_bound_D_U"": 158391, ""measured_upper_bound_D_U"": null}",-1.4239866106036516
gemma3-4b,100000,qa:TriviaQA,0.5,boundary,student_isotonic,,,[],"[""gemma3-4b-above-r1"", ""gemma3-4b-above-r2"", ""gemma3-4b-above-r3""]",,,158391,99828.66666666667,True,False,,0.006546579111191386,"{""status"": ""lower_bound"", ""interval"": [158391, null]}",gemma3-4b|100000|qa:TriviaQA|0.5,,,,no_recommendation,,,unbounded_log_interval,158391,,"{""log_distance"": 0.0, ""inside_interval"": true, ""signed_log_distance"": 0.0, ""distance_status"": ""censored_distance_lower_bound"", ""interval_width_tokens"": null, ""interval_log_width"": null, ""width_status"": ""unbounded_log_interval"", ""measured_lower_bound_D_U"": 158391, ""measured_upper_bound_D_U"": null}",
gemma3-4b,100000,qa:TriviaQA,0.5,delta,boundary_loglinear,158391,above,"[""gemma3-4b-above-r1"", ""gemma3-4b-above-r2"", ""gemma3-4b-above-r3""]","[""gemma3-4b-above-r1"", ""gemma3-4b-above-r2"", ""gemma3-4b-above-r3""]",False,99828.66666666667,158391,99828.66666666667,True,False,,0.006546579111191386,"{""status"": ""lower_bound"", ""interval"": [158391, null]}",gemma3-4b|100000|qa:TriviaQA|0.5,0.0,True,0.0,censored_distance_lower_bound,,,unbounded_log_interval,158391,,"{""log_distance"": 0.0, ""inside_interval"": true, ""signed_log_distance"": 0.0, ""distance_status"": ""censored_distance_lower_bound"", ""interval_width_tokens"": null, ""interval_log_width"": null, ""width_status"": ""unbounded_log_interval"", ""measured_lower_bound_D_U"": 158391, ""measured_upper_bound_D_U"": null}",0.0
gemma3-4b,100000,qa:TriviaQA,0.5,delta,fixed_reuse,158391,above,"[""gemma3-4b-above-r1"", ""gemma3-4b-above-r2"", ""gemma3-4b-above-r3""]","[""gemma3-4b-above-r1"", ""gemma3-4b-above-r2"", ""gemma3-4b-above-r3""]",False,99828.66666666667,158391,99828.66666666667,True,False,,0.006546579111191386,"{""status"": ""lower_bound"", ""interval"": [158391, null]}",gemma3-4b|100000|qa:TriviaQA|0.5,0.0,True,0.0,censored_distance_lower_bound,,,unbounded_log_interval,158391,,"{""log_distance"": 0.0, ""inside_interval"": true, ""signed_log_distance"": 0.0, ""distance_status"": ""censored_distance_lower_bound"", ""interval_width_tokens"": null, ""interval_log_width"": null, ""width_status"": ""unbounded_log_interval"", ""measured_lower_bound_D_U"": 158391, ""measured_upper_bound_D_U"": null}",0.0
gemma3-4b,100000,qa:TriviaQA,0.5,delta,student_isotonic,,,[],"[""gemma3-4b-above-r1"", ""gemma3-4b-above-r2"", ""gemma3-4b-above-r3""]",,,158391,99828.66666666667,True,False,,0.006546579111191386,"{""status"": ""lower_bound"", ""interval"": [158391, null]}",gemma3-4b|100000|qa:TriviaQA|0.5,,,,no_recommendation,,,unbounded_log_interval,158391,,"{""log_distance"": 0.0, ""inside_interval"": true, ""signed_log_distance"": 0.0, ""distance_status"": ""censored_distance_lower_bound"", ""interval_width_tokens"": null, ""interval_log_width"": null, ""width_status"": ""unbounded_log_interval"", ""measured_lower_bound_D_U"": 158391, ""measured_upper_bound_D_U"": null}",
gemma3-4b,200000,code:MBPP,0.0,boundary,boundary_loglinear,,,[],"[""gemma3-4b-above-r1"", ""gemma3-4b-above-r2"", ""gemma3-4b-above-r3""]",,,158391,158391,True,False,,0.005597726770689038,"{""status"": ""lower_bound"", ""interval"": [158391, null]}",gemma3-4b|200000|code:MBPP|0.0,,,,no_recommendation,,,unbounded_log_interval,158391,,"{""log_distance"": 0.0, ""inside_interval"": true, ""signed_log_distance"": 0.0, ""distance_status"": ""censored_distance_lower_bound"", ""interval_width_tokens"": null, ""interval_log_width"": null, ""width_status"": ""unbounded_log_interval"", ""measured_lower_bound_D_U"": 158391, ""measured_upper_bound_D_U"": null}",
gemma3-4b,200000,code:MBPP,0.0,boundary,fixed_reuse,,,[],"[""gemma3-4b-above-r1"", ""gemma3-4b-above-r2"", ""gemma3-4b-above-r3""]",,,158391,158391,True,False,,0.005597726770689038,"{""status"": ""lower_bound"", ""interval"": [158391, null]}",gemma3-4b|200000|code:MBPP|0.0,,,,no_recommendation,,,unbounded_log_interval,158391,,"{""log_distance"": 0.0, ""inside_interval"": true, ""signed_log_distance"": 0.0, ""distance_status"": ""censored_distance_lower_bound"", ""interval_width_tokens"": null, ""interval_log_width"": null, ""width_status"": ""unbounded_log_interval"", ""measured_lower_bound_D_U"": 158391, ""measured_upper_bound_D_U"": null}",
gemma3-4b,200000,code:MBPP,0.0,boundary,student_isotonic,,,[],"[""gemma3-4b-above-r1"", ""gemma3-4b-above-r2"", ""gemma3-4b-above-r3""]",,,158391,158391,True,False,,0.005597726770689038,"{""status"": ""lower_bound"", ""interval"": [158391, null]}",gemma3-4b|200000|code:MBPP|0.0,,,,no_recommendation,,,unbounded_log_interval,158391,,"{""log_distance"": 0.0, ""inside_interval"": true, ""signed_log_distance"": 0.0, ""distance_status"": ""censored_distance_lower_bound"", ""interval_width_tokens"": null, ""interval_log_width"": null, ""width_status"": ""unbounded_log_interval"", ""measured_lower_bound_D_U"": 158391, ""measured_upper_bound_D_U"": null}",
gemma3-4b,200000,code:MBPP,0.0,delta,boundary_loglinear,,,[],"[""gemma3-4b-above-r1"", ""gemma3-4b-above-r2"", ""gemma3-4b-above-r3""]",,,158391,158391,True,False,,0.005597726770689038,"{""status"": ""lower_bound"", ""interval"": [158391, null]}",gemma3-4b|200000|code:MBPP|0.0,,,,no_recommendation,,,unbounded_log_interval,158391,,"{""log_distance"": 0.0, ""inside_interval"": true, ""signed_log_distance"": 0.0, ""distance_status"": ""censored_distance_lower_bound"", ""interval_width_tokens"": null, ""interval_log_width"": null, ""width_status"": ""unbounded_log_interval"", ""measured_lower_bound_D_U"": 158391, ""measured_upper_bound_D_U"": null}",
gemma3-4b,200000,code:MBPP,0.0,delta,fixed_reuse,,,[],"[""gemma3-4b-above-r1"", ""gemma3-4b-above-r2"", ""gemma3-4b-above-r3""]",,,158391,158391,True,False,,0.005597726770689038,"{""status"": ""lower_bound"", ""interval"": [158391, null]}",gemma3-4b|200000|code:MBPP|0.0,,,,no_recommendation,,,unbounded_log_interval,158391,,"{""log_distance"": 0.0, ""inside_interval"": true, ""signed_log_distance"": 0.0, ""distance_status"": ""censored_distance_lower_bound"", ""interval_width_tokens"": null, ""interval_log_width"": null, ""width_status"": ""unbounded_log_interval"", ""measured_lower_bound_D_U"": 158391, ""measured_upper_bound_D_U"": null}",
gemma3-4b,200000,code:MBPP,0.0,delta,student_isotonic,,,[],"[""gemma3-4b-above-r1"", ""gemma3-4b-above-r2"", ""gemma3-4b-above-r3""]",,,158391,158391,True,False,,0.005597726770689038,"{""status"": ""lower_bound"", ""interval"": [158391, null]}",gemma3-4b|200000|code:MBPP|0.0,,,,no_recommendation,,,unbounded_log_interval,158391,,"{""log_distance"": 0.0, ""inside_interval"": true, ""signed_log_distance"": 0.0, ""distance_status"": ""censored_distance_lower_bound"", ""interval_width_tokens"": null, ""interval_log_width"": null, ""width_status"": ""unbounded_log_interval"", ""measured_lower_bound_D_U"": 158391, ""measured_upper_bound_D_U"": null}",
gemma3-4b,200000,code:MBPP,0.1,boundary,boundary_loglinear,,,[],"[""gemma3-4b-above-r1"", ""gemma3-4b-above-r2"", ""gemma3-4b-above-r3""]",,,158391,158391,True,False,,0.005597726770689038,"{""status"": ""lower_bound"", ""interval"": [158391, null]}",gemma3-4b|200000|code:MBPP|0.1,,,,no_recommendation,,,unbounded_log_interval,158391,,"{""log_distance"": 0.0, ""inside_interval"": true, ""signed_log_distance"": 0.0, ""distance_status"": ""censored_distance_lower_bound"", ""interval_width_tokens"": null, ""interval_log_width"": null, ""width_status"": ""unbounded_log_interval"", ""measured_lower_bound_D_U"": 158391, ""measured_upper_bound_D_U"": null}",
gemma3-4b,200000,code:MBPP,0.1,boundary,fixed_reuse,,,[],"[""gemma3-4b-above-r1"", ""gemma3-4b-above-r2"", ""gemma3-4b-above-r3""]",,,158391,158391,True,False,,0.005597726770689038,"{""status"": ""lower_bound"", ""interval"": [158391, null]}",gemma3-4b|200000|code:MBPP|0.1,,,,no_recommendation,,,unbounded_log_interval,158391,,"{""log_distance"": 0.0, ""inside_interval"": true, ""signed_log_distance"": 0.0, ""distance_status"": ""censored_distance_lower_bound"", ""interval_width_tokens"": null, ""interval_log_width"": null, ""width_status"": ""unbounded_log_interval"", ""measured_lower_bound_D_U"": 158391, ""measured_upper_bound_D_U"": null}",
gemma3-4b,200000,code:MBPP,0.1,boundary,student_isotonic,,,[],"[""gemma3-4b-above-r1"", ""gemma3-4b-above-r2"", ""gemma3-4b-above-r3""]",,,158391,158391,True,False,,0.005597726770689038,"{""status"": ""lower_bound"", ""interval"": [158391, null]}",gemma3-4b|200000|code:MBPP|0.1,,,,no_recommendation,,,unbounded_log_interval,158391,,"{""log_distance"": 0.0, ""inside_interval"": true, ""signed_log_distance"": 0.0, ""distance_status"": ""censored_distance_lower_bound"", ""interval_width_tokens"": null, ""interval_log_width"": null, ""width_status"": ""unbounded_log_interval"", ""measured_lower_bound_D_U"": 158391, ""measured_upper_bound_D_U"": null}",
gemma3-4b,200000,code:MBPP,0.1,delta,boundary_loglinear,,,[],"[""gemma3-4b-above-r1"", ""gemma3-4b-above-r2"", ""gemma3-4b-above-r3""]",,,158391,158391,True,False,,0.005597726770689038,"{""status"": ""lower_bound"", ""interval"": [158391, null]}",gemma3-4b|200000|code:MBPP|0.1,,,,no_recommendation,,,unbounded_log_interval,158391,,"{""log_distance"": 0.0, ""inside_interval"": true, ""signed_log_distance"": 0.0, ""distance_status"": ""censored_distance_lower_bound"", ""interval_width_tokens"": null, ""interval_log_width"": null, ""width_status"": ""unbounded_log_interval"", ""measured_lower_bound_D_U"": 158391, ""measured_upper_bound_D_U"": null}",
gemma3-4b,200000,code:MBPP,0.1,delta,fixed_reuse,,,[],"[""gemma3-4b-above-r1"", ""gemma3-4b-above-r2"", ""gemma3-4b-above-r3""]",,,158391,158391,True,False,,0.005597726770689038,"{""status"": ""lower_bound"", ""interval"": [158391, null]}",gemma3-4b|200000|code:MBPP|0.1,,,,no_recommendation,,,unbounded_log_interval,158391,,"{""log_distance"": 0.0, ""inside_interval"": true, ""signed_log_distance"": 0.0, ""distance_status"": ""censored_distance_lower_bound"", ""interval_width_tokens"": null, ""interval_log_width"": null, ""width_status"": ""unbounded_log_interval"", ""measured_lower_bound_D_U"": 158391, ""measured_upper_bound_D_U"": null}",
gemma3-4b,200000,code:MBPP,0.1,delta,student_isotonic,,,[],"[""gemma3-4b-above-r1"", ""gemma3-4b-above-r2"", ""gemma3-4b-above-r3""]",,,158391,158391,True,False,,0.005597726770689038,"{""status"": ""lower_bound"", ""interval"": [158391, null]}",gemma3-4b|200000|code:MBPP|0.1,,,,no_recommendation,,,unbounded_log_interval,158391,,"{""log_distance"": 0.0, ""inside_interval"": true, ""signed_log_distance"": 0.0, ""distance_status"": ""censored_distance_lower_bound"", ""interval_width_tokens"": null, ""interval_log_width"": null, ""width_status"": ""unbounded_log_interval"", ""measured_lower_bound_D_U"": 158391, ""measured_upper_bound_D_U"": null}",
gemma3-4b,200000,code:MBPP,0.25,boundary,boundary_loglinear,,,[],"[""gemma3-4b-above-r1"", ""gemma3-4b-above-r2"", ""gemma3-4b-above-r3""]",,,158391,158391,True,True,,0.005597726770689038,"{""status"": ""replicate_ambiguous"", ""interval"": null}",gemma3-4b|200000|code:MBPP|0.25,,,,unresolved_interval,,,unresolved,,,"{""log_distance"": null, ""inside_interval"": null, ""signed_log_distance"": null, ""distance_status"": ""unresolved_interval"", ""interval_width_tokens"": null, ""interval_log_width"": null, ""width_status"": ""unresolved"", ""measured_lower_bound_D_U"": null, ""measured_upper_bound_D_U"": null}",
gemma3-4b,200000,code:MBPP,0.25,boundary,fixed_reuse,,,[],"[""gemma3-4b-above-r1"", ""gemma3-4b-above-r2"", ""gemma3-4b-above-r3""]",,,158391,158391,True,True,,0.005597726770689038,"{""status"": ""replicate_ambiguous"", ""interval"": null}",gemma3-4b|200000|code:MBPP|0.25,,,,unresolved_interval,,,unresolved,,,"{""log_distance"": null, ""inside_interval"": null, ""signed_log_distance"": null, ""distance_status"": ""unresolved_interval"", ""interval_width_tokens"": null, ""interval_log_width"": null, ""width_status"": ""unresolved"", ""measured_lower_bound_D_U"": null, ""measured_upper_bound_D_U"": null}",
gemma3-4b,200000,code:MBPP,0.25,boundary,student_isotonic,38133,near,"[""gemma3-4b-near-r1"", ""gemma3-4b-near-r2"", ""gemma3-4b-near-r3""]","[""gemma3-4b-above-r1"", ""gemma3-4b-above-r2"", ""gemma3-4b-above-r3""]",False,38133,158391,158391,True,True,,0.005597726770689038,"{""status"": ""replicate_ambiguous"", ""interval"": null}",gemma3-4b|200000|code:MBPP|0.25,,,,unresolved_interval,,,unresolved,,,"{""log_distance"": null, ""inside_interval"": null, ""signed_log_distance"": null, ""distance_status"": ""unresolved_interval"", ""interval_width_tokens"": null, ""interval_log_width"": null, ""width_status"": ""unresolved"", ""measured_lower_bound_D_U"": null, ""measured_upper_bound_D_U"": null}",-1.4239866106036516
gemma3-4b,200000,code:MBPP,0.25,delta,boundary_loglinear,38133,near,"[""gemma3-4b-near-r1"", ""gemma3-4b-near-r2"", ""gemma3-4b-near-r3""]","[""gemma3-4b-near-r1"", ""gemma3-4b-near-r2"", ""gemma3-4b-near-r3""]",False,38133,38133,38133,False,False,,0.005597726770689038,"{""status"": ""replicate_ambiguous"", ""interval"": null}",gemma3-4b|200000|code:MBPP|0.25,,,,unresolved_interval,,,unresolved,,,"{""log_distance"": null, ""inside_interval"": null, ""signed_log_distance"": null, ""distance_status"": ""unresolved_interval"", ""interval_width_tokens"": null, ""interval_log_width"": null, ""width_status"": ""unresolved"", ""measured_lower_bound_D_U"": null, ""measured_upper_bound_D_U"": null}",0.0
gemma3-4b,200000,code:MBPP,0.25,delta,fixed_reuse,38133,near,"[""gemma3-4b-near-r1"", ""gemma3-4b-near-r2"", ""gemma3-4b-near-r3""]","[""gemma3-4b-near-r1"", ""gemma3-4b-near-r2"", ""gemma3-4b-near-r3""]",False,38133,38133,38133,False,False,,0.005597726770689038,"{""status"": ""replicate_ambiguous"", ""interval"": null}",gemma3-4b|200000|code:MBPP|0.25,,,,unresolved_interval,,,unresolved,,,"{""log_distance"": null, ""inside_interval"": null, ""signed_log_distance"": null, ""distance_status"": ""unresolved_interval"", ""interval_width_tokens"": null, ""interval_log_width"": null, ""width_status"": ""unresolved"", ""measured_lower_bound_D_U"": null, ""measured_upper_bound_D_U"": null}",0.0
gemma3-4b,200000,code:MBPP,0.25,delta,student_isotonic,38133,near,"[""gemma3-4b-near-r1"", ""gemma3-4b-near-r2"", ""gemma3-4b-near-r3""]","[""gemma3-4b-near-r1"", ""gemma3-4b-near-r2"", ""gemma3-4b-near-r3""]",False,38133,38133,38133,False,False,,0.005597726770689038,"{""status"": ""replicate_ambiguous"", ""interval"": null}",gemma3-4b|200000|code:MBPP|0.25,,,,unresolved_interval,,,unresolved,,,"{""log_distance"": null, ""inside_interval"": null, ""signed_log_distance"": null, ""distance_status"": ""unresolved_interval"", ""interval_width_tokens"": null, ""interval_log_width"": null, ""width_status"": ""unresolved"", ""measured_lower_bound_D_U"": null, ""measured_upper_bound_D_U"": null}",0.0
gemma3-4b,200000,code:MBPP,0.5,boundary,boundary_loglinear,,,[],"[""gemma3-4b-above-r1"", ""gemma3-4b-above-r2"", ""gemma3-4b-above-r3""]",,,158391,158391,True,True,,0.005597726770689038,"{""status"": ""replicate_ambiguous"", ""interval"": null}",gemma3-4b|200000|code:MBPP|0.5,,,,unresolved_interval,,,unresolved,,,"{""log_distance"": null, ""inside_interval"": null, ""signed_log_distance"": null, ""distance_status"": ""unresolved_interval"", ""interval_width_tokens"": null, ""interval_log_width"": null, ""width_status"": ""unresolved"", ""measured_lower_bound_D_U"": null, ""measured_upper_bound_D_U"": null}",
gemma3-4b,200000,code:MBPP,0.5,boundary,fixed_reuse,,,[],"[""gemma3-4b-above-r1"", ""gemma3-4b-above-r2"", ""gemma3-4b-above-r3""]",,,158391,158391,True,True,,0.005597726770689038,"{""status"": ""replicate_ambiguous"", ""interval"": null}",gemma3-4b|200000|code:MBPP|0.5,,,,unresolved_interval,,,unresolved,,,"{""log_distance"": null, ""inside_interval"": null, ""signed_log_distance"": null, ""distance_status"": ""unresolved_interval"", ""interval_width_tokens"": null, ""interval_log_width"": null, ""width_status"": ""unresolved"", ""measured_lower_bound_D_U"": null, ""measured_upper_bound_D_U"": null}",
gemma3-4b,200000,code:MBPP,0.5,boundary,student_isotonic,38133,near,"[""gemma3-4b-near-r1"", ""gemma3-4b-near-r2"", ""gemma3-4b-near-r3""]","[""gemma3-4b-above-r1"", ""gemma3-4b-above-r2"", ""gemma3-4b-above-r3""]",True,38133,158391,158391,True,True,0.75924768452753,0.005597726770689038,"{""status"": ""replicate_ambiguous"", ""interval"": null}",gemma3-4b|200000|code:MBPP|0.5,,,,unresolved_interval,,,unresolved,,,"{""log_distance"": null, ""inside_interval"": null, ""signed_log_distance"": null, ""distance_status"": ""unresolved_interval"", ""interval_width_tokens"": null, ""interval_log_width"": null, ""width_status"": ""unresolved"", ""measured_lower_bound_D_U"": null, ""measured_upper_bound_D_U"": null}",-1.4239866106036516
gemma3-4b,200000,code:MBPP,0.5,delta,boundary_loglinear,9003.666666666666,below,"[""gemma3-4b-below-r1"", ""gemma3-4b-below-r2"", ""gemma3-4b-below-r3""]","[""gemma3-4b-below-r1"", ""gemma3-4b-below-r2"", ""gemma3-4b-below-r3""]",False,9003.666666666666,9003.666666666666,9003.666666666666,False,False,,0.005597726770689038,"{""status"": ""replicate_ambiguous"", ""interval"": null}",gemma3-4b|200000|code:MBPP|0.5,,,,unresolved_interval,,,unresolved,,,"{""log_distance"": null, ""inside_interval"": null, ""signed_log_distance"": null, ""distance_status"": ""unresolved_interval"", ""interval_width_tokens"": null, ""interval_log_width"": null, ""width_status"": ""unresolved"", ""measured_lower_bound_D_U"": null, ""measured_upper_bound_D_U"": null}",0.0
gemma3-4b,200000,code:MBPP,0.5,delta,fixed_reuse,9003.666666666666,below,"[""gemma3-4b-below-r1"", ""gemma3-4b-below-r2"", ""gemma3-4b-below-r3""]","[""gemma3-4b-below-r1"", ""gemma3-4b-below-r2"", ""gemma3-4b-below-r3""]",False,9003.666666666666,9003.666666666666,9003.666666666666,False,False,,0.005597726770689038,"{""status"": ""replicate_ambiguous"", ""interval"": null}",gemma3-4b|200000|code:MBPP|0.5,,,,unresolved_interval,,,unresolved,,,"{""log_distance"": null, ""inside_interval"": null, ""signed_log_distance"": null, ""distance_status"": ""unresolved_interval"", ""interval_width_tokens"": null, ""interval_log_width"": null, ""width_status"": ""unresolved"", ""measured_lower_bound_D_U"": null, ""measured_upper_bound_D_U"": null}",0.0
gemma3-4b,200000,code:MBPP,0.5,delta,student_isotonic,9003.666666666666,below,"[""gemma3-4b-below-r1"", ""gemma3-4b-below-r2"", ""gemma3-4b-below-r3""]","[""gemma3-4b-below-r1"", ""gemma3-4b-below-r2"", ""gemma3-4b-below-r3""]",False,9003.666666666666,9003.666666666666,9003.666666666666,False,False,,0.005597726770689038,"{""status"": ""replicate_ambiguous"", ""interval"": null}",gemma3-4b|200000|code:MBPP|0.5,,,,unresolved_interval,,,unresolved,,,"{""log_distance"": null, ""inside_interval"": null, ""signed_log_distance"": null, ""distance_status"": ""unresolved_interval"", ""interval_width_tokens"": null, ""interval_log_width"": null, ""width_status"": ""unresolved"", ""measured_lower_bound_D_U"": null, ""measured_upper_bound_D_U"": null}",0.0
gemma3-4b,200000,math:MATH-500,0.0,boundary,boundary_loglinear,,,[],"[""gemma3-4b-above-r1"", ""gemma3-4b-above-r2"", ""gemma3-4b-above-r3""]",,,158391,158391,True,False,,0.005597726770689038,"{""status"": ""lower_bound"", ""interval"": [158391, null]}",gemma3-4b|200000|math:MATH-500|0.0,,,,no_recommendation,,,unbounded_log_interval,158391,,"{""log_distance"": 0.0, ""inside_interval"": true, ""signed_log_distance"": 0.0, ""distance_status"": ""censored_distance_lower_bound"", ""interval_width_tokens"": null, ""interval_log_width"": null, ""width_status"": ""unbounded_log_interval"", ""measured_lower_bound_D_U"": 158391, ""measured_upper_bound_D_U"": null}",
gemma3-4b,200000,math:MATH-500,0.0,boundary,fixed_reuse,,,[],"[""gemma3-4b-above-r1"", ""gemma3-4b-above-r2"", ""gemma3-4b-above-r3""]",,,158391,158391,True,False,,0.005597726770689038,"{""status"": ""lower_bound"", ""interval"": [158391, null]}",gemma3-4b|200000|math:MATH-500|0.0,,,,no_recommendation,,,unbounded_log_interval,158391,,"{""log_distance"": 0.0, ""inside_interval"": true, ""signed_log_distance"": 0.0, ""distance_status"": ""censored_distance_lower_bound"", ""interval_width_tokens"": null, ""interval_log_width"": null, ""width_status"": ""unbounded_log_interval"", ""measured_lower_bound_D_U"": 158391, ""measured_upper_bound_D_U"": null}",
gemma3-4b,200000,math:MATH-500,0.0,boundary,student_isotonic,,,[],"[""gemma3-4b-above-r1"", ""gemma3-4b-above-r2"", ""gemma3-4b-above-r3""]",,,158391,158391,True,False,,0.005597726770689038,"{""status"": ""lower_bound"", ""interval"": [158391, null]}",gemma3-4b|200000|math:MATH-500|0.0,,,,no_recommendation,,,unbounded_log_interval,158391,,"{""log_distance"": 0.0, ""inside_interval"": true, ""signed_log_distance"": 0.0, ""distance_status"": ""censored_distance_lower_bound"", ""interval_width_tokens"": null, ""interval_log_width"": null, ""width_status"": ""unbounded_log_interval"", ""measured_lower_bound_D_U"": 158391, ""measured_upper_bound_D_U"": null}",
gemma3-4b,200000,math:MATH-500,0.0,delta,boundary_loglinear,,,[],"[""gemma3-4b-above-r1"", ""gemma3-4b-above-r2"", ""gemma3-4b-above-r3""]",,,158391,158391,True,False,,0.005597726770689038,"{""status"": ""lower_bound"", ""interval"": [158391, null]}",gemma3-4b|200000|math:MATH-500|0.0,,,,no_recommendation,,,unbounded_log_interval,158391,,"{""log_distance"": 0.0, ""inside_interval"": true, ""signed_log_distance"": 0.0, ""distance_status"": ""censored_distance_lower_bound"", ""interval_width_tokens"": null, ""interval_log_width"": null, ""width_status"": ""unbounded_log_interval"", ""measured_lower_bound_D_U"": 158391, ""measured_upper_bound_D_U"": null}",
gemma3-4b,200000,math:MATH-500,0.0,delta,fixed_reuse,,,[],"[""gemma3-4b-above-r1"", ""gemma3-4b-above-r2"", ""gemma3-4b-above-r3""]",,,158391,158391,True,False,,0.005597726770689038,"{""status"": ""lower_bound"", ""interval"": [158391, null]}",gemma3-4b|200000|math:MATH-500|0.0,,,,no_recommendation,,,unbounded_log_interval,158391,,"{""log_distance"": 0.0, ""inside_interval"": true, ""signed_log_distance"": 0.0, ""distance_status"": ""censored_distance_lower_bound"", ""interval_width_tokens"": null, ""interval_log_width"": null, ""width_status"": ""unbounded_log_interval"", ""measured_lower_bound_D_U"": 158391, ""measured_upper_bound_D_U"": null}",
gemma3-4b,200000,math:MATH-500,0.0,delta,student_isotonic,,,[],"[""gemma3-4b-above-r1"", ""gemma3-4b-above-r2"", ""gemma3-4b-above-r3""]",,,158391,158391,True,False,,0.005597726770689038,"{""status"": ""lower_bound"", ""interval"": [158391, null]}",gemma3-4b|200000|math:MATH-500|0.0,,,,no_recommendation,,,unbounded_log_interval,158391,,"{""log_distance"": 0.0, ""inside_interval"": true, ""signed_log_distance"": 0.0, ""distance_status"": ""censored_distance_lower_bound"", ""interval_width_tokens"": null, ""interval_log_width"": null, ""width_status"": ""unbounded_log_interval"", ""measured_lower_bound_D_U"": 158391, ""measured_upper_bound_D_U"": null}",
gemma3-4b,200000,math:MATH-500,0.1,boundary,boundary_loglinear,,,[],"[""gemma3-4b-above-r1"", ""gemma3-4b-above-r2"", ""gemma3-4b-above-r3""]",,,158391,158391,True,False,,0.005597726770689038,"{""status"": ""lower_bound"", ""interval"": [158391, null]}",gemma3-4b|200000|math:MATH-500|0.1,,,,no_recommendation,,,unbounded_log_interval,158391,,"{""log_distance"": 0.0, ""inside_interval"": true, ""signed_log_distance"": 0.0, ""distance_status"": ""censored_distance_lower_bound"", ""interval_width_tokens"": null, ""interval_log_width"": null, ""width_status"": ""unbounded_log_interval"", ""measured_lower_bound_D_U"": 158391, ""measured_upper_bound_D_U"": null}",
gemma3-4b,200000,math:MATH-500,0.1,boundary,fixed_reuse,,,[],"[""gemma3-4b-above-r1"", ""gemma3-4b-above-r2"", ""gemma3-4b-above-r3""]",,,158391,158391,True,False,,0.005597726770689038,"{""status"": ""lower_bound"", ""interval"": [158391, null]}",gemma3-4b|200000|math:MATH-500|0.1,,,,no_recommendation,,,unbounded_log_interval,158391,,"{""log_distance"": 0.0, ""inside_interval"": true, ""signed_log_distance"": 0.0, ""distance_status"": ""censored_distance_lower_bound"", ""interval_width_tokens"": null, ""interval_log_width"": null, ""width_status"": ""unbounded_log_interval"", ""measured_lower_bound_D_U"": 158391, ""measured_upper_bound_D_U"": null}",
gemma3-4b,200000,math:MATH-500,0.1,boundary,student_isotonic,,,[],"[""gemma3-4b-above-r1"", ""gemma3-4b-above-r2"", ""gemma3-4b-above-r3""]",,,158391,158391,True,False,,0.005597726770689038,"{""status"": ""lower_bound"", ""interval"": [158391, null]}",gemma3-4b|200000|math:MATH-500|0.1,,,,no_recommendation,,,unbounded_log_interval,158391,,"{""log_distance"": 0.0, ""inside_interval"": true, ""signed_log_distance"": 0.0, ""distance_status"": ""censored_distance_lower_bound"", ""interval_width_tokens"": null, ""interval_log_width"": null, ""width_status"": ""unbounded_log_interval"", ""measured_lower_bound_D_U"": 158391, ""measured_upper_bound_D_U"": null}",
gemma3-4b,200000,math:MATH-500,0.1,delta,boundary_loglinear,,,[],"[""gemma3-4b-above-r1"", ""gemma3-4b-above-r2"", ""gemma3-4b-above-r3""]",,,158391,158391,True,False,,0.005597726770689038,"{""status"": ""lower_bound"", ""interval"": [158391, null]}",gemma3-4b|200000|math:MATH-500|0.1,,,,no_recommendation,,,unbounded_log_interval,158391,,"{""log_distance"": 0.0, ""inside_interval"": true, ""signed_log_distance"": 0.0, ""distance_status"": ""censored_distance_lower_bound"", ""interval_width_tokens"": null, ""interval_log_width"": null, ""width_status"": ""unbounded_log_interval"", ""measured_lower_bound_D_U"": 158391, ""measured_upper_bound_D_U"": null}",
gemma3-4b,200000,math:MATH-500,0.1,delta,fixed_reuse,158391,above,"[""gemma3-4b-above-r1"", ""gemma3-4b-above-r2"", ""gemma3-4b-above-r3""]","[""gemma3-4b-above-r1"", ""gemma3-4b-above-r2"", ""gemma3-4b-above-r3""]",False,158391,158391,158391,True,False,,0.005597726770689038,"{""status"": ""lower_bound"", ""interval"": [158391, null]}",gemma3-4b|200000|math:MATH-500|0.1,0.0,True,0.0,censored_distance_lower_bound,,,unbounded_log_interval,158391,,"{""log_distance"": 0.0, ""inside_interval"": true, ""signed_log_distance"": 0.0, ""distance_status"": ""censored_distance_lower_bound"", ""interval_width_tokens"": null, ""interval_log_width"": null, ""width_status"": ""unbounded_log_interval"", ""measured_lower_bound_D_U"": 158391, ""measured_upper_bound_D_U"": null}",0.0
gemma3-4b,200000,math:MATH-500,0.1,delta,student_isotonic,,,[],"[""gemma3-4b-above-r1"", ""gemma3-4b-above-r2"", ""gemma3-4b-above-r3""]",,,158391,158391,True,False,,0.005597726770689038,"{""status"": ""lower_bound"", ""interval"": [158391, null]}",gemma3-4b|200000|math:MATH-500|0.1,,,,no_recommendation,,,unbounded_log_interval,158391,,"{""log_distance"": 0.0, ""inside_interval"": true, ""signed_log_distance"": 0.0, ""distance_status"": ""censored_distance_lower_bound"", ""interval_width_tokens"": null, ""interval_log_width"": null, ""width_status"": ""unbounded_log_interval"", ""measured_lower_bound_D_U"": 158391, ""measured_upper_bound_D_U"": null}",
gemma3-4b,200000,math:MATH-500,0.25,boundary,boundary_loglinear,38133,near,"[""gemma3-4b-near-r1"", ""gemma3-4b-near-r2"", ""gemma3-4b-near-r3""]","[""gemma3-4b-near-r1"", ""gemma3-4b-near-r2"", ""gemma3-4b-near-r3""]",False,38133,38133,38133,False,False,,0.005597726770689038,"{""status"": ""crossed"", ""interval"": [37465, 158391]}",gemma3-4b|200000|math:MATH-500|0.25,0.0,True,0.0,interval_distance,120926,1.4416594957680193,finite,,,"{""log_distance"": 0.0, ""inside_interval"": true, ""signed_log_distance"": 0.0, ""distance_status"": ""interval_distance"", ""interval_width_tokens"": 120926, ""interval_log_width"": 1.4416594957680193, ""width_status"": ""finite"", ""measured_lower_bound_D_U"": null, ""measured_upper_bound_D_U"": null}",0.0
gemma3-4b,200000,math:MATH-500,0.25,boundary,fixed_reuse,38133,near,"[""gemma3-4b-near-r1"", ""gemma3-4b-near-r2"", ""gemma3-4b-near-r3""]","[""gemma3-4b-near-r1"", ""gemma3-4b-near-r2"", ""gemma3-4b-near-r3""]",False,38133,38133,38133,False,False,,0.005597726770689038,"{""status"": ""crossed"", ""interval"": [37465, 158391]}",gemma3-4b|200000|math:MATH-500|0.25,0.0,True,0.0,interval_distance,120926,1.4416594957680193,finite,,,"{""log_distance"": 0.0, ""inside_interval"": true, ""signed_log_distance"": 0.0, ""distance_status"": ""interval_distance"", ""interval_width_tokens"": 120926, ""interval_log_width"": 1.4416594957680193, ""width_status"": ""finite"", ""measured_lower_bound_D_U"": null, ""measured_upper_bound_D_U"": null}",0.0
gemma3-4b,200000,math:MATH-500,0.25,boundary,student_isotonic,38133,near,"[""gemma3-4b-near-r1"", ""gemma3-4b-near-r2"", ""gemma3-4b-near-r3""]","[""gemma3-4b-near-r1"", ""gemma3-4b-near-r2"", ""gemma3-4b-near-r3""]",False,38133,38133,38133,False,False,,0.005597726770689038,"{""status"": ""crossed"", ""interval"": [37465, 158391]}",gemma3-4b|200000|math:MATH-500|0.25,0.0,True,0.0,interval_distance,120926,1.4416594957680193,finite,,,"{""log_distance"": 0.0, ""inside_interval"": true, ""signed_log_distance"": 0.0, ""distance_status"": ""interval_distance"", ""interval_width_tokens"": 120926, ""interval_log_width"": 1.4416594957680193, ""width_status"": ""finite"", ""measured_lower_bound_D_U"": null, ""measured_upper_bound_D_U"": null}",0.0
gemma3-4b,200000,math:MATH-500,0.25,delta,boundary_loglinear,38133,near,"[""gemma3-4b-near-r1"", ""gemma3-4b-near-r2"", ""gemma3-4b-near-r3""]","[""gemma3-4b-near-r1"", ""gemma3-4b-near-r2"", ""gemma3-4b-near-r3""]",False,38133,38133,38133,False,False,,0.005597726770689038,"{""status"": ""crossed"", ""interval"": [37465, 158391]}",gemma3-4b|200000|math:MATH-500|0.25,0.0,True,0.0,interval_distance,120926,1.4416594957680193,finite,,,"{""log_distance"": 0.0, ""inside_interval"": true, ""signed_log_distance"": 0.0, ""distance_status"": ""interval_distance"", ""interval_width_tokens"": 120926, ""interval_log_width"": 1.4416594957680193, ""width_status"": ""finite"", ""measured_lower_bound_D_U"": null, ""measured_upper_bound_D_U"": null}",0.0
gemma3-4b,200000,math:MATH-500,0.25,delta,fixed_reuse,38133,near,"[""gemma3-4b-near-r1"", ""gemma3-4b-near-r2"", ""gemma3-4b-near-r3""]","[""gemma3-4b-near-r1"", ""gemma3-4b-near-r2"", ""gemma3-4b-near-r3""]",False,38133,38133,38133,False,False,,0.005597726770689038,"{""status"": ""crossed"", ""interval"": [37465, 158391]}",gemma3-4b|200000|math:MATH-500|0.25,0.0,True,0.0,interval_distance,120926,1.4416594957680193,finite,,,"{""log_distance"": 0.0, ""inside_interval"": true, ""signed_log_distance"": 0.0, ""distance_status"": ""interval_distance"", ""interval_width_tokens"": 120926, ""interval_log_width"": 1.4416594957680193, ""width_status"": ""finite"", ""measured_lower_bound_D_U"": null, ""measured_upper_bound_D_U"": null}",0.0
gemma3-4b,200000,math:MATH-500,0.25,delta,student_isotonic,38133,near,"[""gemma3-4b-near-r1"", ""gemma3-4b-near-r2"", ""gemma3-4b-near-r3""]","[""gemma3-4b-near-r1"", ""gemma3-4b-near-r2"", ""gemma3-4b-near-r3""]",False,38133,38133,38133,False,False,,0.005597726770689038,"{""status"": ""crossed"", ""interval"": [37465, 158391]}",gemma3-4b|200000|math:MATH-500|0.25,0.0,True,0.0,interval_distance,120926,1.4416594957680193,finite,,,"{""log_distance"": 0.0, ""inside_interval"": true, ""signed_log_distance"": 0.0, ""distance_status"": ""interval_distance"", ""interval_width_tokens"": 120926, ""interval_log_width"": 1.4416594957680193, ""width_status"": ""finite"", ""measured_lower_bound_D_U"": null, ""measured_upper_bound_D_U"": null}",0.0
gemma3-4b,200000,math:MATH-500,0.5,boundary,boundary_loglinear,38133,near,"[""gemma3-4b-near-r1"", ""gemma3-4b-near-r2"", ""gemma3-4b-near-r3""]","[""gemma3-4b-near-r1"", ""gemma3-4b-near-r2"", ""gemma3-4b-near-r3""]",True,38133,38133,38133,False,True,0.0,0.005597726770689038,"{""status"": ""crossed"", ""interval"": [8852, 38703]}",gemma3-4b|200000|math:MATH-500|0.5,0.0,True,0.0,interval_distance,29851,1.475273694222306,finite,,,"{""log_distance"": 0.0, ""inside_interval"": true, ""signed_log_distance"": 0.0, ""distance_status"": ""interval_distance"", ""interval_width_tokens"": 29851, ""interval_log_width"": 1.475273694222306, ""width_status"": ""finite"", ""measured_lower_bound_D_U"": null, ""measured_upper_bound_D_U"": null}",0.0
gemma3-4b,200000,math:MATH-500,0.5,boundary,fixed_reuse,38133,near,"[""gemma3-4b-near-r1"", ""gemma3-4b-near-r2"", ""gemma3-4b-near-r3""]","[""gemma3-4b-near-r1"", ""gemma3-4b-near-r2"", ""gemma3-4b-near-r3""]",True,38133,38133,38133,False,True,0.0,0.005597726770689038,"{""status"": ""crossed"", ""interval"": [8852, 38703]}",gemma3-4b|200000|math:MATH-500|0.5,0.0,True,0.0,interval_distance,29851,1.475273694222306,finite,,,"{""log_distance"": 0.0, ""inside_interval"": true, ""signed_log_distance"": 0.0, ""distance_status"": ""interval_distance"", ""interval_width_tokens"": 29851, ""interval_log_width"": 1.475273694222306, ""width_status"": ""finite"", ""measured_lower_bound_D_U"": null, ""measured_upper_bound_D_U"": null}",0.0
gemma3-4b,200000,math:MATH-500,0.5,boundary,student_isotonic,38133,near,"[""gemma3-4b-near-r1"", ""gemma3-4b-near-r2"", ""gemma3-4b-near-r3""]","[""gemma3-4b-near-r1"", ""gemma3-4b-near-r2"", ""gemma3-4b-near-r3""]",True,38133,38133,38133,False,True,0.0,0.005597726770689038,"{""status"": ""crossed"", ""interval"": [8852, 38703]}",gemma3-4b|200000|math:MATH-500|0.5,0.0,True,0.0,interval_distance,29851,1.475273694222306,finite,,,"{""log_distance"": 0.0, ""inside_interval"": true, ""signed_log_distance"": 0.0, ""distance_status"": ""interval_distance"", ""interval_width_tokens"": 29851, ""interval_log_width"": 1.475273694222306, ""width_status"": ""finite"", ""measured_lower_bound_D_U"": null, ""measured_upper_bound_D_U"": null}",0.0
gemma3-4b,200000,math:MATH-500,0.5,delta,boundary_loglinear,9003.666666666666,below,"[""gemma3-4b-below-r1"", ""gemma3-4b-below-r2"", ""gemma3-4b-below-r3""]","[""gemma3-4b-near-r1"", ""gemma3-4b-near-r2"", ""gemma3-4b-near-r3""]",False,9003.666666666666,38133,38133,False,True,,0.005597726770689038,"{""status"": ""crossed"", ""interval"": [8852, 38703]}",gemma3-4b|200000|math:MATH-500|0.5,0.0,True,0.0,interval_distance,29851,1.475273694222306,finite,,,"{""log_distance"": 0.0, ""inside_interval"": true, ""signed_log_distance"": 0.0, ""distance_status"": ""interval_distance"", ""interval_width_tokens"": 29851, ""interval_log_width"": 1.475273694222306, ""width_status"": ""finite"", ""measured_lower_bound_D_U"": null, ""measured_upper_bound_D_U"": null}",-1.4434481472048788
gemma3-4b,200000,math:MATH-500,0.5,delta,fixed_reuse,9003.666666666666,below,"[""gemma3-4b-below-r1"", ""gemma3-4b-below-r2"", ""gemma3-4b-below-r3""]","[""gemma3-4b-near-r1"", ""gemma3-4b-near-r2"", ""gemma3-4b-near-r3""]",False,9003.666666666666,38133,38133,False,True,,0.005597726770689038,"{""status"": ""crossed"", ""interval"": [8852, 38703]}",gemma3-4b|200000|math:MATH-500|0.5,0.0,True,0.0,interval_distance,29851,1.475273694222306,finite,,,"{""log_distance"": 0.0, ""inside_interval"": true, ""signed_log_distance"": 0.0, ""distance_status"": ""interval_distance"", ""interval_width_tokens"": 29851, ""interval_log_width"": 1.475273694222306, ""width_status"": ""finite"", ""measured_lower_bound_D_U"": null, ""measured_upper_bound_D_U"": null}",-1.4434481472048788
gemma3-4b,200000,math:MATH-500,0.5,delta,student_isotonic,38133,near,"[""gemma3-4b-near-r1"", ""gemma3-4b-near-r2"", ""gemma3-4b-near-r3""]","[""gemma3-4b-near-r1"", ""gemma3-4b-near-r2"", ""gemma3-4b-near-r3""]",True,38133,38133,38133,False,True,0.0,0.005597726770689038,"{""status"": ""crossed"", ""interval"": [8852, 38703]}",gemma3-4b|200000|math:MATH-500|0.5,0.0,True,0.0,interval_distance,29851,1.475273694222306,finite,,,"{""log_distance"": 0.0, ""inside_interval"": true, ""signed_log_distance"": 0.0, ""distance_status"": ""interval_distance"", ""interval_width_tokens"": 29851, ""interval_log_width"": 1.475273694222306, ""width_status"": ""finite"", ""measured_lower_bound_D_U"": null, ""measured_upper_bound_D_U"": null}",0.0
gemma3-4b,200000,qa:2Wiki-fresh,0.0,boundary,boundary_loglinear,38133,near,"[""gemma3-4b-near-r1"", ""gemma3-4b-near-r2"", ""gemma3-4b-near-r3""]","[""gemma3-4b-above-r1"", ""gemma3-4b-above-r2"", ""gemma3-4b-above-r3""]",False,38133,158391,158391,False,True,,0.005597726770689038,"{""status"": ""crossed"", ""interval"": [37465, 158391]}",gemma3-4b|200000|qa:2Wiki-fresh|0.0,0.0,True,0.0,interval_distance,120926,1.4416594957680193,finite,,,"{""log_distance"": 0.0, ""inside_interval"": true, ""signed_log_distance"": 0.0, ""distance_status"": ""interval_distance"", ""interval_width_tokens"": 120926, ""interval_log_width"": 1.4416594957680193, ""width_status"": ""finite"", ""measured_lower_bound_D_U"": null, ""measured_upper_bound_D_U"": null}",-1.4239866106036516
gemma3-4b,200000,qa:2Wiki-fresh,0.0,boundary,fixed_reuse,38133,near,"[""gemma3-4b-near-r1"", ""gemma3-4b-near-r2"", ""gemma3-4b-near-r3""]","[""gemma3-4b-above-r1"", ""gemma3-4b-above-r2"", ""gemma3-4b-above-r3""]",False,38133,158391,158391,False,True,,0.005597726770689038,"{""status"": ""crossed"", ""interval"": [37465, 158391]}",gemma3-4b|200000|qa:2Wiki-fresh|0.0,0.0,True,0.0,interval_distance,120926,1.4416594957680193,finite,,,"{""log_distance"": 0.0, ""inside_interval"": true, ""signed_log_distance"": 0.0, ""distance_status"": ""interval_distance"", ""interval_width_tokens"": 120926, ""interval_log_width"": 1.4416594957680193, ""width_status"": ""finite"", ""measured_lower_bound_D_U"": null, ""measured_upper_bound_D_U"": null}",-1.4239866106036516
gemma3-4b,200000,qa:2Wiki-fresh,0.0,boundary,student_isotonic,158391,above,"[""gemma3-4b-above-r1"", ""gemma3-4b-above-r2"", ""gemma3-4b-above-r3""]","[""gemma3-4b-above-r1"", ""gemma3-4b-above-r2"", ""gemma3-4b-above-r3""]",True,158391,158391,158391,False,True,0.0,0.005597726770689038,"{""status"": ""crossed"", ""interval"": [37465, 158391]}",gemma3-4b|200000|qa:2Wiki-fresh|0.0,0.0,True,0.0,interval_distance,120926,1.4416594957680193,finite,,,"{""log_distance"": 0.0, ""inside_interval"": true, ""signed_log_distance"": 0.0, ""distance_status"": ""interval_distance"", ""interval_width_tokens"": 120926, ""interval_log_width"": 1.4416594957680193, ""width_status"": ""finite"", ""measured_lower_bound_D_U"": null, ""measured_upper_bound_D_U"": null}",0.0
gemma3-4b,200000,qa:2Wiki-fresh,0.0,delta,boundary_loglinear,158391,above,"[""gemma3-4b-above-r1"", ""gemma3-4b-above-r2"", ""gemma3-4b-above-r3""]","[""gemma3-4b-above-r1"", ""gemma3-4b-above-r2"", ""gemma3-4b-above-r3""]",True,158391,158391,158391,True,True,0.0,0.005597726770689038,"{""status"": ""crossed"", ""interval"": [37465, 158391]}",gemma3-4b|200000|qa:2Wiki-fresh|0.0,0.0,True,0.0,interval_distance,120926,1.4416594957680193,finite,,,"{""log_distance"": 0.0, ""inside_interval"": true, ""signed_log_distance"": 0.0, ""distance_status"": ""interval_distance"", ""interval_width_tokens"": 120926, ""interval_log_width"": 1.4416594957680193, ""width_status"": ""finite"", ""measured_lower_bound_D_U"": null, ""measured_upper_bound_D_U"": null}",0.0
gemma3-4b,200000,qa:2Wiki-fresh,0.0,delta,fixed_reuse,,,[],"[""gemma3-4b-above-r1"", ""gemma3-4b-above-r2"", ""gemma3-4b-above-r3""]",,,158391,158391,True,True,,0.005597726770689038,"{""status"": ""crossed"", ""interval"": [37465, 158391]}",gemma3-4b|200000|qa:2Wiki-fresh|0.0,,,,no_recommendation,120926,1.4416594957680193,finite,,,"{""log_distance"": 0.0, ""inside_interval"": true, ""signed_log_distance"": 0.0, ""distance_status"": ""interval_distance"", ""interval_width_tokens"": 120926, ""interval_log_width"": 1.4416594957680193, ""width_status"": ""finite"", ""measured_lower_bound_D_U"": null, ""measured_upper_bound_D_U"": null}",
gemma3-4b,200000,qa:2Wiki-fresh,0.0,delta,student_isotonic,158391,above,"[""gemma3-4b-above-r1"", ""gemma3-4b-above-r2"", ""gemma3-4b-above-r3""]","[""gemma3-4b-above-r1"", ""gemma3-4b-above-r2"", ""gemma3-4b-above-r3""]",True,158391,158391,158391,True,True,0.0,0.005597726770689038,"{""status"": ""crossed"", ""interval"": [37465, 158391]}",gemma3-4b|200000|qa:2Wiki-fresh|0.0,0.0,True,0.0,interval_distance,120926,1.4416594957680193,finite,,,"{""log_distance"": 0.0, ""inside_interval"": true, ""signed_log_distance"": 0.0, ""distance_status"": ""interval_distance"", ""interval_width_tokens"": 120926, ""interval_log_width"": 1.4416594957680193, ""width_status"": ""finite"", ""measured_lower_bound_D_U"": null, ""measured_upper_bound_D_U"": null}",0.0
gemma3-4b,200000,qa:2Wiki-fresh,0.1,boundary,boundary_loglinear,38133,near,"[""gemma3-4b-near-r1"", ""gemma3-4b-near-r2"", ""gemma3-4b-near-r3""]","[""gemma3-4b-above-r1"", ""gemma3-4b-above-r2"", ""gemma3-4b-above-r3""]",False,38133,158391,158391,False,True,,0.005597726770689038,"{""status"": ""crossed"", ""interval"": [37465, 158391]}",gemma3-4b|200000|qa:2Wiki-fresh|0.1,0.0,True,0.0,interval_distance,120926,1.4416594957680193,finite,,,"{""log_distance"": 0.0, ""inside_interval"": true, ""signed_log_distance"": 0.0, ""distance_status"": ""interval_distance"", ""interval_width_tokens"": 120926, ""interval_log_width"": 1.4416594957680193, ""width_status"": ""finite"", ""measured_lower_bound_D_U"": null, ""measured_upper_bound_D_U"": null}",-1.4239866106036516
gemma3-4b,200000,qa:2Wiki-fresh,0.1,boundary,fixed_reuse,38133,near,"[""gemma3-4b-near-r1"", ""gemma3-4b-near-r2"", ""gemma3-4b-near-r3""]","[""gemma3-4b-above-r1"", ""gemma3-4b-above-r2"", ""gemma3-4b-above-r3""]",False,38133,158391,158391,False,True,,0.005597726770689038,"{""status"": ""crossed"", ""interval"": [37465, 158391]}",gemma3-4b|200000|qa:2Wiki-fresh|0.1,0.0,True,0.0,interval_distance,120926,1.4416594957680193,finite,,,"{""log_distance"": 0.0, ""inside_interval"": true, ""signed_log_distance"": 0.0, ""distance_status"": ""interval_distance"", ""interval_width_tokens"": 120926, ""interval_log_width"": 1.4416594957680193, ""width_status"": ""finite"", ""measured_lower_bound_D_U"": null, ""measured_upper_bound_D_U"": null}",-1.4239866106036516
gemma3-4b,200000,qa:2Wiki-fresh,0.1,boundary,student_isotonic,158391,above,"[""gemma3-4b-above-r1"", ""gemma3-4b-above-r2"", ""gemma3-4b-above-r3""]","[""gemma3-4b-above-r1"", ""gemma3-4b-above-r2"", ""gemma3-4b-above-r3""]",True,158391,158391,158391,False,True,0.0,0.005597726770689038,"{""status"": ""crossed"", ""interval"": [37465, 158391]}",gemma3-4b|200000|qa:2Wiki-fresh|0.1,0.0,True,0.0,interval_distance,120926,1.4416594957680193,finite,,,"{""log_distance"": 0.0, ""inside_interval"": true, ""signed_log_distance"": 0.0, ""distance_status"": ""interval_distance"", ""interval_width_tokens"": 120926, ""interval_log_width"": 1.4416594957680193, ""width_status"": ""finite"", ""measured_lower_bound_D_U"": null, ""measured_upper_bound_D_U"": null}",0.0
gemma3-4b,200000,qa:2Wiki-fresh,0.1,delta,boundary_loglinear,158391,above,"[""gemma3-4b-above-r1"", ""gemma3-4b-above-r2"", ""gemma3-4b-above-r3""]","[""gemma3-4b-above-r1"", ""gemma3-4b-above-r2"", ""gemma3-4b-above-r3""]",True,158391,158391,158391,True,True,0.0,0.005597726770689038,"{""status"": ""crossed"", ""interval"": [37465, 158391]}",gemma3-4b|200000|qa:2Wiki-fresh|0.1,0.0,True,0.0,interval_distance,120926,1.4416594957680193,finite,,,"{""log_distance"": 0.0, ""inside_interval"": true, ""signed_log_distance"": 0.0, ""distance_status"": ""interval_distance"", ""interval_width_tokens"": 120926, ""interval_log_width"": 1.4416594957680193, ""width_status"": ""finite"", ""measured_lower_bound_D_U"": null, ""measured_upper_bound_D_U"": null}",0.0
gemma3-4b,200000,qa:2Wiki-fresh,0.1,delta,fixed_reuse,,,[],"[""gemma3-4b-above-r1"", ""gemma3-4b-above-r2"", ""gemma3-4b-above-r3""]",,,158391,158391,True,True,,0.005597726770689038,"{""status"": ""crossed"", ""interval"": [37465, 158391]}",gemma3-4b|200000|qa:2Wiki-fresh|0.1,,,,no_recommendation,120926,1.4416594957680193,finite,,,"{""log_distance"": 0.0, ""inside_interval"": true, ""signed_log_distance"": 0.0, ""distance_status"": ""interval_distance"", ""interval_width_tokens"": 120926, ""interval_log_width"": 1.4416594957680193, ""width_status"": ""finite"", ""measured_lower_bound_D_U"": null, ""measured_upper_bound_D_U"": null}",
gemma3-4b,200000,qa:2Wiki-fresh,0.1,delta,student_isotonic,158391,above,"[""gemma3-4b-above-r1"", ""gemma3-4b-above-r2"", ""gemma3-4b-above-r3""]","[""gemma3-4b-above-r1"", ""gemma3-4b-above-r2"", ""gemma3-4b-above-r3""]",True,158391,158391,158391,True,True,0.0,0.005597726770689038,"{""status"": ""crossed"", ""interval"": [37465, 158391]}",gemma3-4b|200000|qa:2Wiki-fresh|0.1,0.0,True,0.0,interval_distance,120926,1.4416594957680193,finite,,,"{""log_distance"": 0.0, ""inside_interval"": true, ""signed_log_distance"": 0.0, ""distance_status"": ""interval_distance"", ""interval_width_tokens"": 120926, ""interval_log_width"": 1.4416594957680193, ""width_status"": ""finite"", ""measured_lower_bound_D_U"": null, ""measured_upper_bound_D_U"": null}",0.0
gemma3-4b,200000,qa:2Wiki-fresh,0.25,boundary,boundary_loglinear,38133,near,"[""gemma3-4b-near-r1"", ""gemma3-4b-near-r2"", ""gemma3-4b-near-r3""]","[""gemma3-4b-above-r1"", ""gemma3-4b-above-r2"", ""gemma3-4b-above-r3""]",False,38133,158391,158391,False,True,,0.005597726770689038,"{""status"": ""crossed"", ""interval"": [37465, 158391]}",gemma3-4b|200000|qa:2Wiki-fresh|0.25,0.0,True,0.0,interval_distance,120926,1.4416594957680193,finite,,,"{""log_distance"": 0.0, ""inside_interval"": true, ""signed_log_distance"": 0.0, ""distance_status"": ""interval_distance"", ""interval_width_tokens"": 120926, ""interval_log_width"": 1.4416594957680193, ""width_status"": ""finite"", ""measured_lower_bound_D_U"": null, ""measured_upper_bound_D_U"": null}",-1.4239866106036516
gemma3-4b,200000,qa:2Wiki-fresh,0.25,boundary,fixed_reuse,38133,near,"[""gemma3-4b-near-r1"", ""gemma3-4b-near-r2"", ""gemma3-4b-near-r3""]","[""gemma3-4b-above-r1"", ""gemma3-4b-above-r2"", ""gemma3-4b-above-r3""]",False,38133,158391,158391,False,True,,0.005597726770689038,"{""status"": ""crossed"", ""interval"": [37465, 158391]}",gemma3-4b|200000|qa:2Wiki-fresh|0.25,0.0,True,0.0,interval_distance,120926,1.4416594957680193,finite,,,"{""log_distance"": 0.0, ""inside_interval"": true, ""signed_log_distance"": 0.0, ""distance_status"": ""interval_distance"", ""interval_width_tokens"": 120926, ""interval_log_width"": 1.4416594957680193, ""width_status"": ""finite"", ""measured_lower_bound_D_U"": null, ""measured_upper_bound_D_U"": null}",-1.4239866106036516
gemma3-4b,200000,qa:2Wiki-fresh,0.25,boundary,student_isotonic,158391,above,"[""gemma3-4b-above-r1"", ""gemma3-4b-above-r2"", ""gemma3-4b-above-r3""]","[""gemma3-4b-above-r1"", ""gemma3-4b-above-r2"", ""gemma3-4b-above-r3""]",True,158391,158391,158391,False,True,0.0,0.005597726770689038,"{""status"": ""crossed"", ""interval"": [37465, 158391]}",gemma3-4b|200000|qa:2Wiki-fresh|0.25,0.0,True,0.0,interval_distance,120926,1.4416594957680193,finite,,,"{""log_distance"": 0.0, ""inside_interval"": true, ""signed_log_distance"": 0.0, ""distance_status"": ""interval_distance"", ""interval_width_tokens"": 120926, ""interval_log_width"": 1.4416594957680193, ""width_status"": ""finite"", ""measured_lower_bound_D_U"": null, ""measured_upper_bound_D_U"": null}",0.0
gemma3-4b,200000,qa:2Wiki-fresh,0.25,delta,boundary_loglinear,158391,above,"[""gemma3-4b-above-r1"", ""gemma3-4b-above-r2"", ""gemma3-4b-above-r3""]","[""gemma3-4b-above-r1"", ""gemma3-4b-above-r2"", ""gemma3-4b-above-r3""]",True,158391,158391,158391,True,True,0.0,0.005597726770689038,"{""status"": ""crossed"", ""interval"": [37465, 158391]}",gemma3-4b|200000|qa:2Wiki-fresh|0.25,0.0,True,0.0,interval_distance,120926,1.4416594957680193,finite,,,"{""log_distance"": 0.0, ""inside_interval"": true, ""signed_log_distance"": 0.0, ""distance_status"": ""interval_distance"", ""interval_width_tokens"": 120926, ""interval_log_width"": 1.4416594957680193, ""width_status"": ""finite"", ""measured_lower_bound_D_U"": null, ""measured_upper_bound_D_U"": null}",0.0
gemma3-4b,200000,qa:2Wiki-fresh,0.25,delta,fixed_reuse,,,[],"[""gemma3-4b-above-r1"", ""gemma3-4b-above-r2"", ""gemma3-4b-above-r3""]",,,158391,158391,True,True,,0.005597726770689038,"{""status"": ""crossed"", ""interval"": [37465, 158391]}",gemma3-4b|200000|qa:2Wiki-fresh|0.25,,,,no_recommendation,120926,1.4416594957680193,finite,,,"{""log_distance"": 0.0, ""inside_interval"": true, ""signed_log_distance"": 0.0, ""distance_status"": ""interval_distance"", ""interval_width_tokens"": 120926, ""interval_log_width"": 1.4416594957680193, ""width_status"": ""finite"", ""measured_lower_bound_D_U"": null, ""measured_upper_bound_D_U"": null}",
gemma3-4b,200000,qa:2Wiki-fresh,0.25,delta,student_isotonic,158391,above,"[""gemma3-4b-above-r1"", ""gemma3-4b-above-r2"", ""gemma3-4b-above-r3""]","[""gemma3-4b-above-r1"", ""gemma3-4b-above-r2"", ""gemma3-4b-above-r3""]",True,158391,158391,158391,True,True,0.0,0.005597726770689038,"{""status"": ""crossed"", ""interval"": [37465, 158391]}",gemma3-4b|200000|qa:2Wiki-fresh|0.25,0.0,True,0.0,interval_distance,120926,1.4416594957680193,finite,,,"{""log_distance"": 0.0, ""inside_interval"": true, ""signed_log_distance"": 0.0, ""distance_status"": ""interval_distance"", ""interval_width_tokens"": 120926, ""interval_log_width"": 1.4416594957680193, ""width_status"": ""finite"", ""measured_lower_bound_D_U"": null, ""measured_upper_bound_D_U"": null}",0.0
gemma3-4b,200000,qa:2Wiki-fresh,0.5,boundary,boundary_loglinear,38133,near,"[""gemma3-4b-near-r1"", ""gemma3-4b-near-r2"", ""gemma3-4b-near-r3""]","[""gemma3-4b-above-r1"", ""gemma3-4b-above-r2"", ""gemma3-4b-above-r3""]",False,38133,158391,158391,False,True,,0.005597726770689038,"{""status"": ""crossed"", ""interval"": [37465, 158391]}",gemma3-4b|200000|qa:2Wiki-fresh|0.5,0.0,True,0.0,interval_distance,120926,1.4416594957680193,finite,,,"{""log_distance"": 0.0, ""inside_interval"": true, ""signed_log_distance"": 0.0, ""distance_status"": ""interval_distance"", ""interval_width_tokens"": 120926, ""interval_log_width"": 1.4416594957680193, ""width_status"": ""finite"", ""measured_lower_bound_D_U"": null, ""measured_upper_bound_D_U"": null}",-1.4239866106036516
gemma3-4b,200000,qa:2Wiki-fresh,0.5,boundary,fixed_reuse,38133,near,"[""gemma3-4b-near-r1"", ""gemma3-4b-near-r2"", ""gemma3-4b-near-r3""]","[""gemma3-4b-above-r1"", ""gemma3-4b-above-r2"", ""gemma3-4b-above-r3""]",False,38133,158391,158391,False,True,,0.005597726770689038,"{""status"": ""crossed"", ""interval"": [37465, 158391]}",gemma3-4b|200000|qa:2Wiki-fresh|0.5,0.0,True,0.0,interval_distance,120926,1.4416594957680193,finite,,,"{""log_distance"": 0.0, ""inside_interval"": true, ""signed_log_distance"": 0.0, ""distance_status"": ""interval_distance"", ""interval_width_tokens"": 120926, ""interval_log_width"": 1.4416594957680193, ""width_status"": ""finite"", ""measured_lower_bound_D_U"": null, ""measured_upper_bound_D_U"": null}",-1.4239866106036516
gemma3-4b,200000,qa:2Wiki-fresh,0.5,boundary,student_isotonic,158391,above,"[""gemma3-4b-above-r1"", ""gemma3-4b-above-r2"", ""gemma3-4b-above-r3""]","[""gemma3-4b-above-r1"", ""gemma3-4b-above-r2"", ""gemma3-4b-above-r3""]",True,158391,158391,158391,False,True,0.0,0.005597726770689038,"{""status"": ""crossed"", ""interval"": [37465, 158391]}",gemma3-4b|200000|qa:2Wiki-fresh|0.5,0.0,True,0.0,interval_distance,120926,1.4416594957680193,finite,,,"{""log_distance"": 0.0, ""inside_interval"": true, ""signed_log_distance"": 0.0, ""distance_status"": ""interval_distance"", ""interval_width_tokens"": 120926, ""interval_log_width"": 1.4416594957680193, ""width_status"": ""finite"", ""measured_lower_bound_D_U"": null, ""measured_upper_bound_D_U"": null}",0.0
gemma3-4b,200000,qa:2Wiki-fresh,0.5,delta,boundary_loglinear,158391,above,"[""gemma3-4b-above-r1"", ""gemma3-4b-above-r2"", ""gemma3-4b-above-r3""]","[""gemma3-4b-above-r1"", ""gemma3-4b-above-r2"", ""gemma3-4b-above-r3""]",True,158391,158391,158391,False,True,0.0,0.005597726770689038,"{""status"": ""crossed"", ""interval"": [37465, 158391]}",gemma3-4b|200000|qa:2Wiki-fresh|0.5,0.0,True,0.0,interval_distance,120926,1.4416594957680193,finite,,,"{""log_distance"": 0.0, ""inside_interval"": true, ""signed_log_distance"": 0.0, ""distance_status"": ""interval_distance"", ""interval_width_tokens"": 120926, ""interval_log_width"": 1.4416594957680193, ""width_status"": ""finite"", ""measured_lower_bound_D_U"": null, ""measured_upper_bound_D_U"": null}",0.0
gemma3-4b,200000,qa:2Wiki-fresh,0.5,delta,fixed_reuse,158391,above,"[""gemma3-4b-above-r1"", ""gemma3-4b-above-r2"", ""gemma3-4b-above-r3""]","[""gemma3-4b-above-r1"", ""gemma3-4b-above-r2"", ""gemma3-4b-above-r3""]",True,158391,158391,158391,False,True,0.0,0.005597726770689038,"{""status"": ""crossed"", ""interval"": [37465, 158391]}",gemma3-4b|200000|qa:2Wiki-fresh|0.5,0.0,True,0.0,interval_distance,120926,1.4416594957680193,finite,,,"{""log_distance"": 0.0, ""inside_interval"": true, ""signed_log_distance"": 0.0, ""distance_status"": ""interval_distance"", ""interval_width_tokens"": 120926, ""interval_log_width"": 1.4416594957680193, ""width_status"": ""finite"", ""measured_lower_bound_D_U"": null, ""measured_upper_bound_D_U"": null}",0.0
gemma3-4b,200000,qa:2Wiki-fresh,0.5,delta,student_isotonic,158391,above,"[""gemma3-4b-above-r1"", ""gemma3-4b-above-r2"", ""gemma3-4b-above-r3""]","[""gemma3-4b-above-r1"", ""gemma3-4b-above-r2"", ""gemma3-4b-above-r3""]",True,158391,158391,158391,False,True,0.0,0.005597726770689038,"{""status"": ""crossed"", ""interval"": [37465, 158391]}",gemma3-4b|200000|qa:2Wiki-fresh|0.5,0.0,True,0.0,interval_distance,120926,1.4416594957680193,finite,,,"{""log_distance"": 0.0, ""inside_interval"": true, ""signed_log_distance"": 0.0, ""distance_status"": ""interval_distance"", ""interval_width_tokens"": 120926, ""interval_log_width"": 1.4416594957680193, ""width_status"": ""finite"", ""measured_lower_bound_D_U"": null, ""measured_upper_bound_D_U"": null}",0.0
gemma3-4b,200000,qa:2Wiki-probe,0.0,boundary,boundary_loglinear,38133,near,"[""gemma3-4b-near-r1"", ""gemma3-4b-near-r2"", ""gemma3-4b-near-r3""]","[""gemma3-4b-above-r1"", ""gemma3-4b-above-r2"", ""gemma3-4b-above-r3""]",False,38133,158391,158391,False,True,,0.005597726770689038,"{""status"": ""crossed"", ""interval"": [37465, 158391]}",gemma3-4b|200000|qa:2Wiki-probe|0.0,0.0,True,0.0,interval_distance,120926,1.4416594957680193,finite,,,"{""log_distance"": 0.0, ""inside_interval"": true, ""signed_log_distance"": 0.0, ""distance_status"": ""interval_distance"", ""interval_width_tokens"": 120926, ""interval_log_width"": 1.4416594957680193, ""width_status"": ""finite"", ""measured_lower_bound_D_U"": null, ""measured_upper_bound_D_U"": null}",-1.4239866106036516
gemma3-4b,200000,qa:2Wiki-probe,0.0,boundary,fixed_reuse,38133,near,"[""gemma3-4b-near-r1"", ""gemma3-4b-near-r2"", ""gemma3-4b-near-r3""]","[""gemma3-4b-above-r1"", ""gemma3-4b-above-r2"", ""gemma3-4b-above-r3""]",False,38133,158391,158391,False,True,,0.005597726770689038,"{""status"": ""crossed"", ""interval"": [37465, 158391]}",gemma3-4b|200000|qa:2Wiki-probe|0.0,0.0,True,0.0,interval_distance,120926,1.4416594957680193,finite,,,"{""log_distance"": 0.0, ""inside_interval"": true, ""signed_log_distance"": 0.0, ""distance_status"": ""interval_distance"", ""interval_width_tokens"": 120926, ""interval_log_width"": 1.4416594957680193, ""width_status"": ""finite"", ""measured_lower_bound_D_U"": null, ""measured_upper_bound_D_U"": null}",-1.4239866106036516
gemma3-4b,200000,qa:2Wiki-probe,0.0,boundary,student_isotonic,158391,above,"[""gemma3-4b-above-r1"", ""gemma3-4b-above-r2"", ""gemma3-4b-above-r3""]","[""gemma3-4b-above-r1"", ""gemma3-4b-above-r2"", ""gemma3-4b-above-r3""]",True,158391,158391,158391,False,True,0.0,0.005597726770689038,"{""status"": ""crossed"", ""interval"": [37465, 158391]}",gemma3-4b|200000|qa:2Wiki-probe|0.0,0.0,True,0.0,interval_distance,120926,1.4416594957680193,finite,,,"{""log_distance"": 0.0, ""inside_interval"": true, ""signed_log_distance"": 0.0, ""distance_status"": ""interval_distance"", ""interval_width_tokens"": 120926, ""interval_log_width"": 1.4416594957680193, ""width_status"": ""finite"", ""measured_lower_bound_D_U"": null, ""measured_upper_bound_D_U"": null}",0.0
gemma3-4b,200000,qa:2Wiki-probe,0.0,delta,boundary_loglinear,158391,above,"[""gemma3-4b-above-r1"", ""gemma3-4b-above-r2"", ""gemma3-4b-above-r3""]","[""gemma3-4b-above-r1"", ""gemma3-4b-above-r2"", ""gemma3-4b-above-r3""]",True,158391,158391,158391,False,True,0.0,0.005597726770689038,"{""status"": ""crossed"", ""interval"": [37465, 158391]}",gemma3-4b|200000|qa:2Wiki-probe|0.0,0.0,True,0.0,interval_distance,120926,1.4416594957680193,finite,,,"{""log_distance"": 0.0, ""inside_interval"": true, ""signed_log_distance"": 0.0, ""distance_status"": ""interval_distance"", ""interval_width_tokens"": 120926, ""interval_log_width"": 1.4416594957680193, ""width_status"": ""finite"", ""measured_lower_bound_D_U"": null, ""measured_upper_bound_D_U"": null}",0.0
gemma3-4b,200000,qa:2Wiki-probe,0.0,delta,fixed_reuse,9003.666666666666,below,"[""gemma3-4b-below-r1"", ""gemma3-4b-below-r2"", ""gemma3-4b-below-r3""]","[""gemma3-4b-above-r1"", ""gemma3-4b-above-r2"", ""gemma3-4b-above-r3""]",False,9003.666666666666,158391,158391,False,True,,0.005597726770689038,"{""status"": ""crossed"", ""interval"": [37465, 158391]}",gemma3-4b|200000|qa:2Wiki-probe|0.0,1.4257752620405113,False,-1.4257752620405113,interval_distance,120926,1.4416594957680193,finite,,,"{""log_distance"": 0.0, ""inside_interval"": true, ""signed_log_distance"": 0.0, ""distance_status"": ""interval_distance"", ""interval_width_tokens"": 120926, ""interval_log_width"": 1.4416594957680193, ""width_status"": ""finite"", ""measured_lower_bound_D_U"": null, ""measured_upper_bound_D_U"": null}",-2.8674347578085304
gemma3-4b,200000,qa:2Wiki-probe,0.0,delta,student_isotonic,158391,above,"[""gemma3-4b-above-r1"", ""gemma3-4b-above-r2"", ""gemma3-4b-above-r3""]","[""gemma3-4b-above-r1"", ""gemma3-4b-above-r2"", ""gemma3-4b-above-r3""]",True,158391,158391,158391,False,True,0.0,0.005597726770689038,"{""status"": ""crossed"", ""interval"": [37465, 158391]}",gemma3-4b|200000|qa:2Wiki-probe|0.0,0.0,True,0.0,interval_distance,120926,1.4416594957680193,finite,,,"{""log_distance"": 0.0, ""inside_interval"": true, ""signed_log_distance"": 0.0, ""distance_status"": ""interval_distance"", ""interval_width_tokens"": 120926, ""interval_log_width"": 1.4416594957680193, ""width_status"": ""finite"", ""measured_lower_bound_D_U"": null, ""measured_upper_bound_D_U"": null}",0.0
gemma3-4b,200000,qa:2Wiki-probe,0.1,boundary,boundary_loglinear,38133,near,"[""gemma3-4b-near-r1"", ""gemma3-4b-near-r2"", ""gemma3-4b-near-r3""]","[""gemma3-4b-above-r1"", ""gemma3-4b-above-r2"", ""gemma3-4b-above-r3""]",False,38133,158391,158391,False,True,,0.005597726770689038,"{""status"": ""crossed"", ""interval"": [37465, 158391]}",gemma3-4b|200000|qa:2Wiki-probe|0.1,0.0,True,0.0,interval_distance,120926,1.4416594957680193,finite,,,"{""log_distance"": 0.0, ""inside_interval"": true, ""signed_log_distance"": 0.0, ""distance_status"": ""interval_distance"", ""interval_width_tokens"": 120926, ""interval_log_width"": 1.4416594957680193, ""width_status"": ""finite"", ""measured_lower_bound_D_U"": null, ""measured_upper_bound_D_U"": null}",-1.4239866106036516
gemma3-4b,200000,qa:2Wiki-probe,0.1,boundary,fixed_reuse,38133,near,"[""gemma3-4b-near-r1"", ""gemma3-4b-near-r2"", ""gemma3-4b-near-r3""]","[""gemma3-4b-above-r1"", ""gemma3-4b-above-r2"", ""gemma3-4b-above-r3""]",False,38133,158391,158391,False,True,,0.005597726770689038,"{""status"": ""crossed"", ""interval"": [37465, 158391]}",gemma3-4b|200000|qa:2Wiki-probe|0.1,0.0,True,0.0,interval_distance,120926,1.4416594957680193,finite,,,"{""log_distance"": 0.0, ""inside_interval"": true, ""signed_log_distance"": 0.0, ""distance_status"": ""interval_distance"", ""interval_width_tokens"": 120926, ""interval_log_width"": 1.4416594957680193, ""width_status"": ""finite"", ""measured_lower_bound_D_U"": null, ""measured_upper_bound_D_U"": null}",-1.4239866106036516
gemma3-4b,200000,qa:2Wiki-probe,0.1,boundary,student_isotonic,158391,above,"[""gemma3-4b-above-r1"", ""gemma3-4b-above-r2"", ""gemma3-4b-above-r3""]","[""gemma3-4b-above-r1"", ""gemma3-4b-above-r2"", ""gemma3-4b-above-r3""]",True,158391,158391,158391,False,True,0.0,0.005597726770689038,"{""status"": ""crossed"", ""interval"": [37465, 158391]}",gemma3-4b|200000|qa:2Wiki-probe|0.1,0.0,True,0.0,interval_distance,120926,1.4416594957680193,finite,,,"{""log_distance"": 0.0, ""inside_interval"": true, ""signed_log_distance"": 0.0, ""distance_status"": ""interval_distance"", ""interval_width_tokens"": 120926, ""interval_log_width"": 1.4416594957680193, ""width_status"": ""finite"", ""measured_lower_bound_D_U"": null, ""measured_upper_bound_D_U"": null}",0.0
gemma3-4b,200000,qa:2Wiki-probe,0.1,delta,boundary_loglinear,158391,above,"[""gemma3-4b-above-r1"", ""gemma3-4b-above-r2"", ""gemma3-4b-above-r3""]","[""gemma3-4b-above-r1"", ""gemma3-4b-above-r2"", ""gemma3-4b-above-r3""]",True,158391,158391,158391,False,True,0.0,0.005597726770689038,"{""status"": ""crossed"", ""interval"": [37465, 158391]}",gemma3-4b|200000|qa:2Wiki-probe|0.1,0.0,True,0.0,interval_distance,120926,1.4416594957680193,finite,,,"{""log_distance"": 0.0, ""inside_interval"": true, ""signed_log_distance"": 0.0, ""distance_status"": ""interval_distance"", ""interval_width_tokens"": 120926, ""interval_log_width"": 1.4416594957680193, ""width_status"": ""finite"", ""measured_lower_bound_D_U"": null, ""measured_upper_bound_D_U"": null}",0.0
gemma3-4b,200000,qa:2Wiki-probe,0.1,delta,fixed_reuse,9003.666666666666,below,"[""gemma3-4b-below-r1"", ""gemma3-4b-below-r2"", ""gemma3-4b-below-r3""]","[""gemma3-4b-above-r1"", ""gemma3-4b-above-r2"", ""gemma3-4b-above-r3""]",False,9003.666666666666,158391,158391,False,True,,0.005597726770689038,"{""status"": ""crossed"", ""interval"": [37465, 158391]}",gemma3-4b|200000|qa:2Wiki-probe|0.1,1.4257752620405113,False,-1.4257752620405113,interval_distance,120926,1.4416594957680193,finite,,,"{""log_distance"": 0.0, ""inside_interval"": true, ""signed_log_distance"": 0.0, ""distance_status"": ""interval_distance"", ""interval_width_tokens"": 120926, ""interval_log_width"": 1.4416594957680193, ""width_status"": ""finite"", ""measured_lower_bound_D_U"": null, ""measured_upper_bound_D_U"": null}",-2.8674347578085304
gemma3-4b,200000,qa:2Wiki-probe,0.1,delta,student_isotonic,158391,above,"[""gemma3-4b-above-r1"", ""gemma3-4b-above-r2"", ""gemma3-4b-above-r3""]","[""gemma3-4b-above-r1"", ""gemma3-4b-above-r2"", ""gemma3-4b-above-r3""]",True,158391,158391,158391,False,True,0.0,0.005597726770689038,"{""status"": ""crossed"", ""interval"": [37465, 158391]}",gemma3-4b|200000|qa:2Wiki-probe|0.1,0.0,True,0.0,interval_distance,120926,1.4416594957680193,finite,,,"{""log_distance"": 0.0, ""inside_interval"": true, ""signed_log_distance"": 0.0, ""distance_status"": ""interval_distance"", ""interval_width_tokens"": 120926, ""interval_log_width"": 1.4416594957680193, ""width_status"": ""finite"", ""measured_lower_bound_D_U"": null, ""measured_upper_bound_D_U"": null}",0.0
gemma3-4b,200000,qa:2Wiki-probe,0.25,boundary,boundary_loglinear,38133,near,"[""gemma3-4b-near-r1"", ""gemma3-4b-near-r2"", ""gemma3-4b-near-r3""]","[""gemma3-4b-above-r1"", ""gemma3-4b-above-r2"", ""gemma3-4b-above-r3""]",False,38133,158391,158391,False,True,,0.005597726770689038,"{""status"": ""crossed"", ""interval"": [37465, 158391]}",gemma3-4b|200000|qa:2Wiki-probe|0.25,0.0,True,0.0,interval_distance,120926,1.4416594957680193,finite,,,"{""log_distance"": 0.0, ""inside_interval"": true, ""signed_log_distance"": 0.0, ""distance_status"": ""interval_distance"", ""interval_width_tokens"": 120926, ""interval_log_width"": 1.4416594957680193, ""width_status"": ""finite"", ""measured_lower_bound_D_U"": null, ""measured_upper_bound_D_U"": null}",-1.4239866106036516
gemma3-4b,200000,qa:2Wiki-probe,0.25,boundary,fixed_reuse,158391,above,"[""gemma3-4b-above-r1"", ""gemma3-4b-above-r2"", ""gemma3-4b-above-r3""]","[""gemma3-4b-above-r1"", ""gemma3-4b-above-r2"", ""gemma3-4b-above-r3""]",True,158391,158391,158391,False,True,0.0,0.005597726770689038,"{""status"": ""crossed"", ""interval"": [37465, 158391]}",gemma3-4b|200000|qa:2Wiki-probe|0.25,0.0,True,0.0,interval_distance,120926,1.4416594957680193,finite,,,"{""log_distance"": 0.0, ""inside_interval"": true, ""signed_log_distance"": 0.0, ""distance_status"": ""interval_distance"", ""interval_width_tokens"": 120926, ""interval_log_width"": 1.4416594957680193, ""width_status"": ""finite"", ""measured_lower_bound_D_U"": null, ""measured_upper_bound_D_U"": null}",0.0
gemma3-4b,200000,qa:2Wiki-probe,0.25,boundary,student_isotonic,158391,above,"[""gemma3-4b-above-r1"", ""gemma3-4b-above-r2"", ""gemma3-4b-above-r3""]","[""gemma3-4b-above-r1"", ""gemma3-4b-above-r2"", ""gemma3-4b-above-r3""]",True,158391,158391,158391,False,True,0.0,0.005597726770689038,"{""status"": ""crossed"", ""interval"": [37465, 158391]}",gemma3-4b|200000|qa:2Wiki-probe|0.25,0.0,True,0.0,interval_distance,120926,1.4416594957680193,finite,,,"{""log_distance"": 0.0, ""inside_interval"": true, ""signed_log_distance"": 0.0, ""distance_status"": ""interval_distance"", ""interval_width_tokens"": 120926, ""interval_log_width"": 1.4416594957680193, ""width_status"": ""finite"", ""measured_lower_bound_D_U"": null, ""measured_upper_bound_D_U"": null}",0.0
gemma3-4b,200000,qa:2Wiki-probe,0.25,delta,boundary_loglinear,158391,above,"[""gemma3-4b-above-r1"", ""gemma3-4b-above-r2"", ""gemma3-4b-above-r3""]","[""gemma3-4b-above-r1"", ""gemma3-4b-above-r2"", ""gemma3-4b-above-r3""]",True,158391,158391,158391,False,True,0.0,0.005597726770689038,"{""status"": ""crossed"", ""interval"": [37465, 158391]}",gemma3-4b|200000|qa:2Wiki-probe|0.25,0.0,True,0.0,interval_distance,120926,1.4416594957680193,finite,,,"{""log_distance"": 0.0, ""inside_interval"": true, ""signed_log_distance"": 0.0, ""distance_status"": ""interval_distance"", ""interval_width_tokens"": 120926, ""interval_log_width"": 1.4416594957680193, ""width_status"": ""finite"", ""measured_lower_bound_D_U"": null, ""measured_upper_bound_D_U"": null}",0.0
gemma3-4b,200000,qa:2Wiki-probe,0.25,delta,fixed_reuse,9003.666666666666,below,"[""gemma3-4b-below-r1"", ""gemma3-4b-below-r2"", ""gemma3-4b-below-r3""]","[""gemma3-4b-above-r1"", ""gemma3-4b-above-r2"", ""gemma3-4b-above-r3""]",False,9003.666666666666,158391,158391,False,True,,0.005597726770689038,"{""status"": ""crossed"", ""interval"": [37465, 158391]}",gemma3-4b|200000|qa:2Wiki-probe|0.25,1.4257752620405113,False,-1.4257752620405113,interval_distance,120926,1.4416594957680193,finite,,,"{""log_distance"": 0.0, ""inside_interval"": true, ""signed_log_distance"": 0.0, ""distance_status"": ""interval_distance"", ""interval_width_tokens"": 120926, ""interval_log_width"": 1.4416594957680193, ""width_status"": ""finite"", ""measured_lower_bound_D_U"": null, ""measured_upper_bound_D_U"": null}",-2.8674347578085304
gemma3-4b,200000,qa:2Wiki-probe,0.25,delta,student_isotonic,158391,above,"[""gemma3-4b-above-r1"", ""gemma3-4b-above-r2"", ""gemma3-4b-above-r3""]","[""gemma3-4b-above-r1"", ""gemma3-4b-above-r2"", ""gemma3-4b-above-r3""]",True,158391,158391,158391,False,True,0.0,0.005597726770689038,"{""status"": ""crossed"", ""interval"": [37465, 158391]}",gemma3-4b|200000|qa:2Wiki-probe|0.25,0.0,True,0.0,interval_distance,120926,1.4416594957680193,finite,,,"{""log_distance"": 0.0, ""inside_interval"": true, ""signed_log_distance"": 0.0, ""distance_status"": ""interval_distance"", ""interval_width_tokens"": 120926, ""interval_log_width"": 1.4416594957680193, ""width_status"": ""finite"", ""measured_lower_bound_D_U"": null, ""measured_upper_bound_D_U"": null}",0.0
gemma3-4b,200000,qa:2Wiki-probe,0.5,boundary,boundary_loglinear,38133,near,"[""gemma3-4b-near-r1"", ""gemma3-4b-near-r2"", ""gemma3-4b-near-r3""]","[""gemma3-4b-above-r1"", ""gemma3-4b-above-r2"", ""gemma3-4b-above-r3""]",False,38133,158391,158391,False,True,,0.005597726770689038,"{""status"": ""crossed"", ""interval"": [37465, 158391]}",gemma3-4b|200000|qa:2Wiki-probe|0.5,0.0,True,0.0,interval_distance,120926,1.4416594957680193,finite,,,"{""log_distance"": 0.0, ""inside_interval"": true, ""signed_log_distance"": 0.0, ""distance_status"": ""interval_distance"", ""interval_width_tokens"": 120926, ""interval_log_width"": 1.4416594957680193, ""width_status"": ""finite"", ""measured_lower_bound_D_U"": null, ""measured_upper_bound_D_U"": null}",-1.4239866106036516
gemma3-4b,200000,qa:2Wiki-probe,0.5,boundary,fixed_reuse,158391,above,"[""gemma3-4b-above-r1"", ""gemma3-4b-above-r2"", ""gemma3-4b-above-r3""]","[""gemma3-4b-above-r1"", ""gemma3-4b-above-r2"", ""gemma3-4b-above-r3""]",True,158391,158391,158391,False,True,0.0,0.005597726770689038,"{""status"": ""crossed"", ""interval"": [37465, 158391]}",gemma3-4b|200000|qa:2Wiki-probe|0.5,0.0,True,0.0,interval_distance,120926,1.4416594957680193,finite,,,"{""log_distance"": 0.0, ""inside_interval"": true, ""signed_log_distance"": 0.0, ""distance_status"": ""interval_distance"", ""interval_width_tokens"": 120926, ""interval_log_width"": 1.4416594957680193, ""width_status"": ""finite"", ""measured_lower_bound_D_U"": null, ""measured_upper_bound_D_U"": null}",0.0
gemma3-4b,200000,qa:2Wiki-probe,0.5,boundary,student_isotonic,158391,above,"[""gemma3-4b-above-r1"", ""gemma3-4b-above-r2"", ""gemma3-4b-above-r3""]","[""gemma3-4b-above-r1"", ""gemma3-4b-above-r2"", ""gemma3-4b-above-r3""]",True,158391,158391,158391,False,True,0.0,0.005597726770689038,"{""status"": ""crossed"", ""interval"": [37465, 158391]}",gemma3-4b|200000|qa:2Wiki-probe|0.5,0.0,True,0.0,interval_distance,120926,1.4416594957680193,finite,,,"{""log_distance"": 0.0, ""inside_interval"": true, ""signed_log_distance"": 0.0, ""distance_status"": ""interval_distance"", ""interval_width_tokens"": 120926, ""interval_log_width"": 1.4416594957680193, ""width_status"": ""finite"", ""measured_lower_bound_D_U"": null, ""measured_upper_bound_D_U"": null}",0.0
gemma3-4b,200000,qa:2Wiki-probe,0.5,delta,boundary_loglinear,158391,above,"[""gemma3-4b-above-r1"", ""gemma3-4b-above-r2"", ""gemma3-4b-above-r3""]","[""gemma3-4b-above-r1"", ""gemma3-4b-above-r2"", ""gemma3-4b-above-r3""]",True,158391,158391,158391,False,True,0.0,0.005597726770689038,"{""status"": ""crossed"", ""interval"": [37465, 158391]}",gemma3-4b|200000|qa:2Wiki-probe|0.5,0.0,True,0.0,interval_distance,120926,1.4416594957680193,finite,,,"{""log_distance"": 0.0, ""inside_interval"": true, ""signed_log_distance"": 0.0, ""distance_status"": ""interval_distance"", ""interval_width_tokens"": 120926, ""interval_log_width"": 1.4416594957680193, ""width_status"": ""finite"", ""measured_lower_bound_D_U"": null, ""measured_upper_bound_D_U"": null}",0.0
gemma3-4b,200000,qa:2Wiki-probe,0.5,delta,fixed_reuse,9003.666666666666,below,"[""gemma3-4b-below-r1"", ""gemma3-4b-below-r2"", ""gemma3-4b-below-r3""]","[""gemma3-4b-above-r1"", ""gemma3-4b-above-r2"", ""gemma3-4b-above-r3""]",False,9003.666666666666,158391,158391,False,True,,0.005597726770689038,"{""status"": ""crossed"", ""interval"": [37465, 158391]}",gemma3-4b|200000|qa:2Wiki-probe|0.5,1.4257752620405113,False,-1.4257752620405113,interval_distance,120926,1.4416594957680193,finite,,,"{""log_distance"": 0.0, ""inside_interval"": true, ""signed_log_distance"": 0.0, ""distance_status"": ""interval_distance"", ""interval_width_tokens"": 120926, ""interval_log_width"": 1.4416594957680193, ""width_status"": ""finite"", ""measured_lower_bound_D_U"": null, ""measured_upper_bound_D_U"": null}",-2.8674347578085304
gemma3-4b,200000,qa:2Wiki-probe,0.5,delta,student_isotonic,158391,above,"[""gemma3-4b-above-r1"", ""gemma3-4b-above-r2"", ""gemma3-4b-above-r3""]","[""gemma3-4b-above-r1"", ""gemma3-4b-above-r2"", ""gemma3-4b-above-r3""]",True,158391,158391,158391,False,True,0.0,0.005597726770689038,"{""status"": ""crossed"", ""interval"": [37465, 158391]}",gemma3-4b|200000|qa:2Wiki-probe|0.5,0.0,True,0.0,interval_distance,120926,1.4416594957680193,finite,,,"{""log_distance"": 0.0, ""inside_interval"": true, ""signed_log_distance"": 0.0, ""distance_status"": ""interval_distance"", ""interval_width_tokens"": 120926, ""interval_log_width"": 1.4416594957680193, ""width_status"": ""finite"", ""measured_lower_bound_D_U"": null, ""measured_upper_bound_D_U"": null}",0.0
gemma3-4b,200000,qa:MuSiQue,0.0,boundary,boundary_loglinear,158391,above,"[""gemma3-4b-above-r1"", ""gemma3-4b-above-r2"", ""gemma3-4b-above-r3""]","[""gemma3-4b-above-r1"", ""gemma3-4b-above-r2"", ""gemma3-4b-above-r3""]",False,158391,158391,158391,True,False,,0.005597726770689038,"{""status"": ""lower_bound"", ""interval"": [158391, null]}",gemma3-4b|200000|qa:MuSiQue|0.0,0.0,True,0.0,censored_distance_lower_bound,,,unbounded_log_interval,158391,,"{""log_distance"": 0.0, ""inside_interval"": true, ""signed_log_distance"": 0.0, ""distance_status"": ""censored_distance_lower_bound"", ""interval_width_tokens"": null, ""interval_log_width"": null, ""width_status"": ""unbounded_log_interval"", ""measured_lower_bound_D_U"": 158391, ""measured_upper_bound_D_U"": null}",0.0
gemma3-4b,200000,qa:MuSiQue,0.0,boundary,fixed_reuse,158391,above,"[""gemma3-4b-above-r1"", ""gemma3-4b-above-r2"", ""gemma3-4b-above-r3""]","[""gemma3-4b-above-r1"", ""gemma3-4b-above-r2"", ""gemma3-4b-above-r3""]",False,158391,158391,158391,True,False,,0.005597726770689038,"{""status"": ""lower_bound"", ""interval"": [158391, null]}",gemma3-4b|200000|qa:MuSiQue|0.0,0.0,True,0.0,censored_distance_lower_bound,,,unbounded_log_interval,158391,,"{""log_distance"": 0.0, ""inside_interval"": true, ""signed_log_distance"": 0.0, ""distance_status"": ""censored_distance_lower_bound"", ""interval_width_tokens"": null, ""interval_log_width"": null, ""width_status"": ""unbounded_log_interval"", ""measured_lower_bound_D_U"": 158391, ""measured_upper_bound_D_U"": null}",0.0
gemma3-4b,200000,qa:MuSiQue,0.0,boundary,student_isotonic,,,[],"[""gemma3-4b-above-r1"", ""gemma3-4b-above-r2"", ""gemma3-4b-above-r3""]",,,158391,158391,True,False,,0.005597726770689038,"{""status"": ""lower_bound"", ""interval"": [158391, null]}",gemma3-4b|200000|qa:MuSiQue|0.0,,,,no_recommendation,,,unbounded_log_interval,158391,,"{""log_distance"": 0.0, ""inside_interval"": true, ""signed_log_distance"": 0.0, ""distance_status"": ""censored_distance_lower_bound"", ""interval_width_tokens"": null, ""interval_log_width"": null, ""width_status"": ""unbounded_log_interval"", ""measured_lower_bound_D_U"": 158391, ""measured_upper_bound_D_U"": null}",
gemma3-4b,200000,qa:MuSiQue,0.0,delta,boundary_loglinear,,,[],"[""gemma3-4b-above-r1"", ""gemma3-4b-above-r2"", ""gemma3-4b-above-r3""]",,,158391,158391,True,False,,0.005597726770689038,"{""status"": ""lower_bound"", ""interval"": [158391, null]}",gemma3-4b|200000|qa:MuSiQue|0.0,,,,no_recommendation,,,unbounded_log_interval,158391,,"{""log_distance"": 0.0, ""inside_interval"": true, ""signed_log_distance"": 0.0, ""distance_status"": ""censored_distance_lower_bound"", ""interval_width_tokens"": null, ""interval_log_width"": null, ""width_status"": ""unbounded_log_interval"", ""measured_lower_bound_D_U"": 158391, ""measured_upper_bound_D_U"": null}",
gemma3-4b,200000,qa:MuSiQue,0.0,delta,fixed_reuse,,,[],"[""gemma3-4b-above-r1"", ""gemma3-4b-above-r2"", ""gemma3-4b-above-r3""]",,,158391,158391,True,False,,0.005597726770689038,"{""status"": ""lower_bound"", ""interval"": [158391, null]}",gemma3-4b|200000|qa:MuSiQue|0.0,,,,no_recommendation,,,unbounded_log_interval,158391,,"{""log_distance"": 0.0, ""inside_interval"": true, ""signed_log_distance"": 0.0, ""distance_status"": ""censored_distance_lower_bound"", ""interval_width_tokens"": null, ""interval_log_width"": null, ""width_status"": ""unbounded_log_interval"", ""measured_lower_bound_D_U"": 158391, ""measured_upper_bound_D_U"": null}",
gemma3-4b,200000,qa:MuSiQue,0.0,delta,student_isotonic,,,[],"[""gemma3-4b-above-r1"", ""gemma3-4b-above-r2"", ""gemma3-4b-above-r3""]",,,158391,158391,True,False,,0.005597726770689038,"{""status"": ""lower_bound"", ""interval"": [158391, null]}",gemma3-4b|200000|qa:MuSiQue|0.0,,,,no_recommendation,,,unbounded_log_interval,158391,,"{""log_distance"": 0.0, ""inside_interval"": true, ""signed_log_distance"": 0.0, ""distance_status"": ""censored_distance_lower_bound"", ""interval_width_tokens"": null, ""interval_log_width"": null, ""width_status"": ""unbounded_log_interval"", ""measured_lower_bound_D_U"": 158391, ""measured_upper_bound_D_U"": null}",
gemma3-4b,200000,qa:MuSiQue,0.1,boundary,boundary_loglinear,158391,above,"[""gemma3-4b-above-r1"", ""gemma3-4b-above-r2"", ""gemma3-4b-above-r3""]","[""gemma3-4b-above-r1"", ""gemma3-4b-above-r2"", ""gemma3-4b-above-r3""]",False,158391,158391,158391,True,False,,0.005597726770689038,"{""status"": ""lower_bound"", ""interval"": [158391, null]}",gemma3-4b|200000|qa:MuSiQue|0.1,0.0,True,0.0,censored_distance_lower_bound,,,unbounded_log_interval,158391,,"{""log_distance"": 0.0, ""inside_interval"": true, ""signed_log_distance"": 0.0, ""distance_status"": ""censored_distance_lower_bound"", ""interval_width_tokens"": null, ""interval_log_width"": null, ""width_status"": ""unbounded_log_interval"", ""measured_lower_bound_D_U"": 158391, ""measured_upper_bound_D_U"": null}",0.0
gemma3-4b,200000,qa:MuSiQue,0.1,boundary,fixed_reuse,158391,above,"[""gemma3-4b-above-r1"", ""gemma3-4b-above-r2"", ""gemma3-4b-above-r3""]","[""gemma3-4b-above-r1"", ""gemma3-4b-above-r2"", ""gemma3-4b-above-r3""]",False,158391,158391,158391,True,False,,0.005597726770689038,"{""status"": ""lower_bound"", ""interval"": [158391, null]}",gemma3-4b|200000|qa:MuSiQue|0.1,0.0,True,0.0,censored_distance_lower_bound,,,unbounded_log_interval,158391,,"{""log_distance"": 0.0, ""inside_interval"": true, ""signed_log_distance"": 0.0, ""distance_status"": ""censored_distance_lower_bound"", ""interval_width_tokens"": null, ""interval_log_width"": null, ""width_status"": ""unbounded_log_interval"", ""measured_lower_bound_D_U"": 158391, ""measured_upper_bound_D_U"": null}",0.0
gemma3-4b,200000,qa:MuSiQue,0.1,boundary,student_isotonic,,,[],"[""gemma3-4b-above-r1"", ""gemma3-4b-above-r2"", ""gemma3-4b-above-r3""]",,,158391,158391,True,False,,0.005597726770689038,"{""status"": ""lower_bound"", ""interval"": [158391, null]}",gemma3-4b|200000|qa:MuSiQue|0.1,,,,no_recommendation,,,unbounded_log_interval,158391,,"{""log_distance"": 0.0, ""inside_interval"": true, ""signed_log_distance"": 0.0, ""distance_status"": ""censored_distance_lower_bound"", ""interval_width_tokens"": null, ""interval_log_width"": null, ""width_status"": ""unbounded_log_interval"", ""measured_lower_bound_D_U"": 158391, ""measured_upper_bound_D_U"": null}",
gemma3-4b,200000,qa:MuSiQue,0.1,delta,boundary_loglinear,,,[],"[""gemma3-4b-above-r1"", ""gemma3-4b-above-r2"", ""gemma3-4b-above-r3""]",,,158391,158391,True,False,,0.005597726770689038,"{""status"": ""lower_bound"", ""interval"": [158391, null]}",gemma3-4b|200000|qa:MuSiQue|0.1,,,,no_recommendation,,,unbounded_log_interval,158391,,"{""log_distance"": 0.0, ""inside_interval"": true, ""signed_log_distance"": 0.0, ""distance_status"": ""censored_distance_lower_bound"", ""interval_width_tokens"": null, ""interval_log_width"": null, ""width_status"": ""unbounded_log_interval"", ""measured_lower_bound_D_U"": 158391, ""measured_upper_bound_D_U"": null}",
gemma3-4b,200000,qa:MuSiQue,0.1,delta,fixed_reuse,,,[],"[""gemma3-4b-above-r1"", ""gemma3-4b-above-r2"", ""gemma3-4b-above-r3""]",,,158391,158391,True,False,,0.005597726770689038,"{""status"": ""lower_bound"", ""interval"": [158391, null]}",gemma3-4b|200000|qa:MuSiQue|0.1,,,,no_recommendation,,,unbounded_log_interval,158391,,"{""log_distance"": 0.0, ""inside_interval"": true, ""signed_log_distance"": 0.0, ""distance_status"": ""censored_distance_lower_bound"", ""interval_width_tokens"": null, ""interval_log_width"": null, ""width_status"": ""unbounded_log_interval"", ""measured_lower_bound_D_U"": 158391, ""measured_upper_bound_D_U"": null}",
gemma3-4b,200000,qa:MuSiQue,0.1,delta,student_isotonic,,,[],"[""gemma3-4b-above-r1"", ""gemma3-4b-above-r2"", ""gemma3-4b-above-r3""]",,,158391,158391,True,False,,0.005597726770689038,"{""status"": ""lower_bound"", ""interval"": [158391, null]}",gemma3-4b|200000|qa:MuSiQue|0.1,,,,no_recommendation,,,unbounded_log_interval,158391,,"{""log_distance"": 0.0, ""inside_interval"": true, ""signed_log_distance"": 0.0, ""distance_status"": ""censored_distance_lower_bound"", ""interval_width_tokens"": null, ""interval_log_width"": null, ""width_status"": ""unbounded_log_interval"", ""measured_lower_bound_D_U"": 158391, ""measured_upper_bound_D_U"": null}",
gemma3-4b,200000,qa:MuSiQue,0.25,boundary,boundary_loglinear,158391,above,"[""gemma3-4b-above-r1"", ""gemma3-4b-above-r2"", ""gemma3-4b-above-r3""]","[""gemma3-4b-above-r1"", ""gemma3-4b-above-r2"", ""gemma3-4b-above-r3""]",False,158391,158391,158391,True,False,,0.005597726770689038,"{""status"": ""replicate_ambiguous"", ""interval"": null}",gemma3-4b|200000|qa:MuSiQue|0.25,,,,unresolved_interval,,,unresolved,,,"{""log_distance"": null, ""inside_interval"": null, ""signed_log_distance"": null, ""distance_status"": ""unresolved_interval"", ""interval_width_tokens"": null, ""interval_log_width"": null, ""width_status"": ""unresolved"", ""measured_lower_bound_D_U"": null, ""measured_upper_bound_D_U"": null}",0.0
gemma3-4b,200000,qa:MuSiQue,0.25,boundary,fixed_reuse,158391,above,"[""gemma3-4b-above-r1"", ""gemma3-4b-above-r2"", ""gemma3-4b-above-r3""]","[""gemma3-4b-above-r1"", ""gemma3-4b-above-r2"", ""gemma3-4b-above-r3""]",False,158391,158391,158391,True,False,,0.005597726770689038,"{""status"": ""replicate_ambiguous"", ""interval"": null}",gemma3-4b|200000|qa:MuSiQue|0.25,,,,unresolved_interval,,,unresolved,,,"{""log_distance"": null, ""inside_interval"": null, ""signed_log_distance"": null, ""distance_status"": ""unresolved_interval"", ""interval_width_tokens"": null, ""interval_log_width"": null, ""width_status"": ""unresolved"", ""measured_lower_bound_D_U"": null, ""measured_upper_bound_D_U"": null}",0.0
gemma3-4b,200000,qa:MuSiQue,0.25,boundary,student_isotonic,,,[],"[""gemma3-4b-above-r1"", ""gemma3-4b-above-r2"", ""gemma3-4b-above-r3""]",,,158391,158391,True,False,,0.005597726770689038,"{""status"": ""replicate_ambiguous"", ""interval"": null}",gemma3-4b|200000|qa:MuSiQue|0.25,,,,unresolved_interval,,,unresolved,,,"{""log_distance"": null, ""inside_interval"": null, ""signed_log_distance"": null, ""distance_status"": ""unresolved_interval"", ""interval_width_tokens"": null, ""interval_log_width"": null, ""width_status"": ""unresolved"", ""measured_lower_bound_D_U"": null, ""measured_upper_bound_D_U"": null}",
gemma3-4b,200000,qa:MuSiQue,0.25,delta,boundary_loglinear,,,[],"[""gemma3-4b-above-r1"", ""gemma3-4b-above-r2"", ""gemma3-4b-above-r3""]",,,158391,158391,True,False,,0.005597726770689038,"{""status"": ""replicate_ambiguous"", ""interval"": null}",gemma3-4b|200000|qa:MuSiQue|0.25,,,,unresolved_interval,,,unresolved,,,"{""log_distance"": null, ""inside_interval"": null, ""signed_log_distance"": null, ""distance_status"": ""unresolved_interval"", ""interval_width_tokens"": null, ""interval_log_width"": null, ""width_status"": ""unresolved"", ""measured_lower_bound_D_U"": null, ""measured_upper_bound_D_U"": null}",
gemma3-4b,200000,qa:MuSiQue,0.25,delta,fixed_reuse,,,[],"[""gemma3-4b-above-r1"", ""gemma3-4b-above-r2"", ""gemma3-4b-above-r3""]",,,158391,158391,True,False,,0.005597726770689038,"{""status"": ""replicate_ambiguous"", ""interval"": null}",gemma3-4b|200000|qa:MuSiQue|0.25,,,,unresolved_interval,,,unresolved,,,"{""log_distance"": null, ""inside_interval"": null, ""signed_log_distance"": null, ""distance_status"": ""unresolved_interval"", ""interval_width_tokens"": null, ""interval_log_width"": null, ""width_status"": ""unresolved"", ""measured_lower_bound_D_U"": null, ""measured_upper_bound_D_U"": null}",
gemma3-4b,200000,qa:MuSiQue,0.25,delta,student_isotonic,,,[],"[""gemma3-4b-above-r1"", ""gemma3-4b-above-r2"", ""gemma3-4b-above-r3""]",,,158391,158391,True,False,,0.005597726770689038,"{""status"": ""replicate_ambiguous"", ""interval"": null}",gemma3-4b|200000|qa:MuSiQue|0.25,,,,unresolved_interval,,,unresolved,,,"{""log_distance"": null, ""inside_interval"": null, ""signed_log_distance"": null, ""distance_status"": ""unresolved_interval"", ""interval_width_tokens"": null, ""interval_log_width"": null, ""width_status"": ""unresolved"", ""measured_lower_bound_D_U"": null, ""measured_upper_bound_D_U"": null}",
gemma3-4b,200000,qa:MuSiQue,0.5,boundary,boundary_loglinear,158391,above,"[""gemma3-4b-above-r1"", ""gemma3-4b-above-r2"", ""gemma3-4b-above-r3""]","[""gemma3-4b-above-r1"", ""gemma3-4b-above-r2"", ""gemma3-4b-above-r3""]",True,158391,158391,158391,False,True,0.0,0.005597726770689038,"{""status"": ""crossed"", ""interval"": [37465, 158391]}",gemma3-4b|200000|qa:MuSiQue|0.5,0.0,True,0.0,interval_distance,120926,1.4416594957680193,finite,,,"{""log_distance"": 0.0, ""inside_interval"": true, ""signed_log_distance"": 0.0, ""distance_status"": ""interval_distance"", ""interval_width_tokens"": 120926, ""interval_log_width"": 1.4416594957680193, ""width_status"": ""finite"", ""measured_lower_bound_D_U"": null, ""measured_upper_bound_D_U"": null}",0.0
gemma3-4b,200000,qa:MuSiQue,0.5,boundary,fixed_reuse,158391,above,"[""gemma3-4b-above-r1"", ""gemma3-4b-above-r2"", ""gemma3-4b-above-r3""]","[""gemma3-4b-above-r1"", ""gemma3-4b-above-r2"", ""gemma3-4b-above-r3""]",True,158391,158391,158391,False,True,0.0,0.005597726770689038,"{""status"": ""crossed"", ""interval"": [37465, 158391]}",gemma3-4b|200000|qa:MuSiQue|0.5,0.0,True,0.0,interval_distance,120926,1.4416594957680193,finite,,,"{""log_distance"": 0.0, ""inside_interval"": true, ""signed_log_distance"": 0.0, ""distance_status"": ""interval_distance"", ""interval_width_tokens"": 120926, ""interval_log_width"": 1.4416594957680193, ""width_status"": ""finite"", ""measured_lower_bound_D_U"": null, ""measured_upper_bound_D_U"": null}",0.0
gemma3-4b,200000,qa:MuSiQue,0.5,boundary,student_isotonic,158391,above,"[""gemma3-4b-above-r1"", ""gemma3-4b-above-r2"", ""gemma3-4b-above-r3""]","[""gemma3-4b-above-r1"", ""gemma3-4b-above-r2"", ""gemma3-4b-above-r3""]",True,158391,158391,158391,False,True,0.0,0.005597726770689038,"{""status"": ""crossed"", ""interval"": [37465, 158391]}",gemma3-4b|200000|qa:MuSiQue|0.5,0.0,True,0.0,interval_distance,120926,1.4416594957680193,finite,,,"{""log_distance"": 0.0, ""inside_interval"": true, ""signed_log_distance"": 0.0, ""distance_status"": ""interval_distance"", ""interval_width_tokens"": 120926, ""interval_log_width"": 1.4416594957680193, ""width_status"": ""finite"", ""measured_lower_bound_D_U"": null, ""measured_upper_bound_D_U"": null}",0.0
gemma3-4b,200000,qa:MuSiQue,0.5,delta,boundary_loglinear,158391,above,"[""gemma3-4b-above-r1"", ""gemma3-4b-above-r2"", ""gemma3-4b-above-r3""]","[""gemma3-4b-above-r1"", ""gemma3-4b-above-r2"", ""gemma3-4b-above-r3""]",True,158391,158391,158391,False,True,0.0,0.005597726770689038,"{""status"": ""crossed"", ""interval"": [37465, 158391]}",gemma3-4b|200000|qa:MuSiQue|0.5,0.0,True,0.0,interval_distance,120926,1.4416594957680193,finite,,,"{""log_distance"": 0.0, ""inside_interval"": true, ""signed_log_distance"": 0.0, ""distance_status"": ""interval_distance"", ""interval_width_tokens"": 120926, ""interval_log_width"": 1.4416594957680193, ""width_status"": ""finite"", ""measured_lower_bound_D_U"": null, ""measured_upper_bound_D_U"": null}",0.0
gemma3-4b,200000,qa:MuSiQue,0.5,delta,fixed_reuse,158391,above,"[""gemma3-4b-above-r1"", ""gemma3-4b-above-r2"", ""gemma3-4b-above-r3""]","[""gemma3-4b-above-r1"", ""gemma3-4b-above-r2"", ""gemma3-4b-above-r3""]",True,158391,158391,158391,False,True,0.0,0.005597726770689038,"{""status"": ""crossed"", ""interval"": [37465, 158391]}",gemma3-4b|200000|qa:MuSiQue|0.5,0.0,True,0.0,interval_distance,120926,1.4416594957680193,finite,,,"{""log_distance"": 0.0, ""inside_interval"": true, ""signed_log_distance"": 0.0, ""distance_status"": ""interval_distance"", ""interval_width_tokens"": 120926, ""interval_log_width"": 1.4416594957680193, ""width_status"": ""finite"", ""measured_lower_bound_D_U"": null, ""measured_upper_bound_D_U"": null}",0.0
gemma3-4b,200000,qa:MuSiQue,0.5,delta,student_isotonic,158391,above,"[""gemma3-4b-above-r1"", ""gemma3-4b-above-r2"", ""gemma3-4b-above-r3""]","[""gemma3-4b-above-r1"", ""gemma3-4b-above-r2"", ""gemma3-4b-above-r3""]",True,158391,158391,158391,False,True,0.0,0.005597726770689038,"{""status"": ""crossed"", ""interval"": [37465, 158391]}",gemma3-4b|200000|qa:MuSiQue|0.5,0.0,True,0.0,interval_distance,120926,1.4416594957680193,finite,,,"{""log_distance"": 0.0, ""inside_interval"": true, ""signed_log_distance"": 0.0, ""distance_status"": ""interval_distance"", ""interval_width_tokens"": 120926, ""interval_log_width"": 1.4416594957680193, ""width_status"": ""finite"", ""measured_lower_bound_D_U"": null, ""measured_upper_bound_D_U"": null}",0.0
gemma3-4b,200000,qa:TriviaQA,0.0,boundary,boundary_loglinear,,,[],"[""gemma3-4b-above-r1"", ""gemma3-4b-above-r2"", ""gemma3-4b-above-r3""]",,,158391,158391,True,False,,0.005597726770689038,"{""status"": ""lower_bound"", ""interval"": [158391, null]}",gemma3-4b|200000|qa:TriviaQA|0.0,,,,no_recommendation,,,unbounded_log_interval,158391,,"{""log_distance"": 0.0, ""inside_interval"": true, ""signed_log_distance"": 0.0, ""distance_status"": ""censored_distance_lower_bound"", ""interval_width_tokens"": null, ""interval_log_width"": null, ""width_status"": ""unbounded_log_interval"", ""measured_lower_bound_D_U"": 158391, ""measured_upper_bound_D_U"": null}",
gemma3-4b,200000,qa:TriviaQA,0.0,boundary,fixed_reuse,,,[],"[""gemma3-4b-above-r1"", ""gemma3-4b-above-r2"", ""gemma3-4b-above-r3""]",,,158391,158391,True,False,,0.005597726770689038,"{""status"": ""lower_bound"", ""interval"": [158391, null]}",gemma3-4b|200000|qa:TriviaQA|0.0,,,,no_recommendation,,,unbounded_log_interval,158391,,"{""log_distance"": 0.0, ""inside_interval"": true, ""signed_log_distance"": 0.0, ""distance_status"": ""censored_distance_lower_bound"", ""interval_width_tokens"": null, ""interval_log_width"": null, ""width_status"": ""unbounded_log_interval"", ""measured_lower_bound_D_U"": 158391, ""measured_upper_bound_D_U"": null}",
gemma3-4b,200000,qa:TriviaQA,0.0,boundary,student_isotonic,,,[],"[""gemma3-4b-above-r1"", ""gemma3-4b-above-r2"", ""gemma3-4b-above-r3""]",,,158391,158391,True,False,,0.005597726770689038,"{""status"": ""lower_bound"", ""interval"": [158391, null]}",gemma3-4b|200000|qa:TriviaQA|0.0,,,,no_recommendation,,,unbounded_log_interval,158391,,"{""log_distance"": 0.0, ""inside_interval"": true, ""signed_log_distance"": 0.0, ""distance_status"": ""censored_distance_lower_bound"", ""interval_width_tokens"": null, ""interval_log_width"": null, ""width_status"": ""unbounded_log_interval"", ""measured_lower_bound_D_U"": 158391, ""measured_upper_bound_D_U"": null}",
gemma3-4b,200000,qa:TriviaQA,0.0,delta,boundary_loglinear,,,[],"[""gemma3-4b-above-r1"", ""gemma3-4b-above-r2"", ""gemma3-4b-above-r3""]",,,158391,158391,True,False,,0.005597726770689038,"{""status"": ""lower_bound"", ""interval"": [158391, null]}",gemma3-4b|200000|qa:TriviaQA|0.0,,,,no_recommendation,,,unbounded_log_interval,158391,,"{""log_distance"": 0.0, ""inside_interval"": true, ""signed_log_distance"": 0.0, ""distance_status"": ""censored_distance_lower_bound"", ""interval_width_tokens"": null, ""interval_log_width"": null, ""width_status"": ""unbounded_log_interval"", ""measured_lower_bound_D_U"": 158391, ""measured_upper_bound_D_U"": null}",
gemma3-4b,200000,qa:TriviaQA,0.0,delta,fixed_reuse,,,[],"[""gemma3-4b-above-r1"", ""gemma3-4b-above-r2"", ""gemma3-4b-above-r3""]",,,158391,158391,True,False,,0.005597726770689038,"{""status"": ""lower_bound"", ""interval"": [158391, null]}",gemma3-4b|200000|qa:TriviaQA|0.0,,,,no_recommendation,,,unbounded_log_interval,158391,,"{""log_distance"": 0.0, ""inside_interval"": true, ""signed_log_distance"": 0.0, ""distance_status"": ""censored_distance_lower_bound"", ""interval_width_tokens"": null, ""interval_log_width"": null, ""width_status"": ""unbounded_log_interval"", ""measured_lower_bound_D_U"": 158391, ""measured_upper_bound_D_U"": null}",
gemma3-4b,200000,qa:TriviaQA,0.0,delta,student_isotonic,,,[],"[""gemma3-4b-above-r1"", ""gemma3-4b-above-r2"", ""gemma3-4b-above-r3""]",,,158391,158391,True,False,,0.005597726770689038,"{""status"": ""lower_bound"", ""interval"": [158391, null]}",gemma3-4b|200000|qa:TriviaQA|0.0,,,,no_recommendation,,,unbounded_log_interval,158391,,"{""log_distance"": 0.0, ""inside_interval"": true, ""signed_log_distance"": 0.0, ""distance_status"": ""censored_distance_lower_bound"", ""interval_width_tokens"": null, ""interval_log_width"": null, ""width_status"": ""unbounded_log_interval"", ""measured_lower_bound_D_U"": 158391, ""measured_upper_bound_D_U"": null}",
gemma3-4b,200000,qa:TriviaQA,0.1,boundary,boundary_loglinear,,,[],"[""gemma3-4b-above-r1"", ""gemma3-4b-above-r2"", ""gemma3-4b-above-r3""]",,,158391,158391,True,False,,0.005597726770689038,"{""status"": ""lower_bound"", ""interval"": [158391, null]}",gemma3-4b|200000|qa:TriviaQA|0.1,,,,no_recommendation,,,unbounded_log_interval,158391,,"{""log_distance"": 0.0, ""inside_interval"": true, ""signed_log_distance"": 0.0, ""distance_status"": ""censored_distance_lower_bound"", ""interval_width_tokens"": null, ""interval_log_width"": null, ""width_status"": ""unbounded_log_interval"", ""measured_lower_bound_D_U"": 158391, ""measured_upper_bound_D_U"": null}",
gemma3-4b,200000,qa:TriviaQA,0.1,boundary,fixed_reuse,,,[],"[""gemma3-4b-above-r1"", ""gemma3-4b-above-r2"", ""gemma3-4b-above-r3""]",,,158391,158391,True,False,,0.005597726770689038,"{""status"": ""lower_bound"", ""interval"": [158391, null]}",gemma3-4b|200000|qa:TriviaQA|0.1,,,,no_recommendation,,,unbounded_log_interval,158391,,"{""log_distance"": 0.0, ""inside_interval"": true, ""signed_log_distance"": 0.0, ""distance_status"": ""censored_distance_lower_bound"", ""interval_width_tokens"": null, ""interval_log_width"": null, ""width_status"": ""unbounded_log_interval"", ""measured_lower_bound_D_U"": 158391, ""measured_upper_bound_D_U"": null}",
gemma3-4b,200000,qa:TriviaQA,0.1,boundary,student_isotonic,,,[],"[""gemma3-4b-above-r1"", ""gemma3-4b-above-r2"", ""gemma3-4b-above-r3""]",,,158391,158391,True,False,,0.005597726770689038,"{""status"": ""lower_bound"", ""interval"": [158391, null]}",gemma3-4b|200000|qa:TriviaQA|0.1,,,,no_recommendation,,,unbounded_log_interval,158391,,"{""log_distance"": 0.0, ""inside_interval"": true, ""signed_log_distance"": 0.0, ""distance_status"": ""censored_distance_lower_bound"", ""interval_width_tokens"": null, ""interval_log_width"": null, ""width_status"": ""unbounded_log_interval"", ""measured_lower_bound_D_U"": 158391, ""measured_upper_bound_D_U"": null}",
gemma3-4b,200000,qa:TriviaQA,0.1,delta,boundary_loglinear,,,[],"[""gemma3-4b-above-r1"", ""gemma3-4b-above-r2"", ""gemma3-4b-above-r3""]",,,158391,158391,True,False,,0.005597726770689038,"{""status"": ""lower_bound"", ""interval"": [158391, null]}",gemma3-4b|200000|qa:TriviaQA|0.1,,,,no_recommendation,,,unbounded_log_interval,158391,,"{""log_distance"": 0.0, ""inside_interval"": true, ""signed_log_distance"": 0.0, ""distance_status"": ""censored_distance_lower_bound"", ""interval_width_tokens"": null, ""interval_log_width"": null, ""width_status"": ""unbounded_log_interval"", ""measured_lower_bound_D_U"": 158391, ""measured_upper_bound_D_U"": null}",
gemma3-4b,200000,qa:TriviaQA,0.1,delta,fixed_reuse,,,[],"[""gemma3-4b-above-r1"", ""gemma3-4b-above-r2"", ""gemma3-4b-above-r3""]",,,158391,158391,True,False,,0.005597726770689038,"{""status"": ""lower_bound"", ""interval"": [158391, null]}",gemma3-4b|200000|qa:TriviaQA|0.1,,,,no_recommendation,,,unbounded_log_interval,158391,,"{""log_distance"": 0.0, ""inside_interval"": true, ""signed_log_distance"": 0.0, ""distance_status"": ""censored_distance_lower_bound"", ""interval_width_tokens"": null, ""interval_log_width"": null, ""width_status"": ""unbounded_log_interval"", ""measured_lower_bound_D_U"": 158391, ""measured_upper_bound_D_U"": null}",
gemma3-4b,200000,qa:TriviaQA,0.1,delta,student_isotonic,,,[],"[""gemma3-4b-above-r1"", ""gemma3-4b-above-r2"", ""gemma3-4b-above-r3""]",,,158391,158391,True,False,,0.005597726770689038,"{""status"": ""lower_bound"", ""interval"": [158391, null]}",gemma3-4b|200000|qa:TriviaQA|0.1,,,,no_recommendation,,,unbounded_log_interval,158391,,"{""log_distance"": 0.0, ""inside_interval"": true, ""signed_log_distance"": 0.0, ""distance_status"": ""censored_distance_lower_bound"", ""interval_width_tokens"": null, ""interval_log_width"": null, ""width_status"": ""unbounded_log_interval"", ""measured_lower_bound_D_U"": 158391, ""measured_upper_bound_D_U"": null}",
gemma3-4b,200000,qa:TriviaQA,0.25,boundary,boundary_loglinear,,,[],"[""gemma3-4b-above-r1"", ""gemma3-4b-above-r2"", ""gemma3-4b-above-r3""]",,,158391,158391,True,False,,0.005597726770689038,"{""status"": ""lower_bound"", ""interval"": [158391, null]}",gemma3-4b|200000|qa:TriviaQA|0.25,,,,no_recommendation,,,unbounded_log_interval,158391,,"{""log_distance"": 0.0, ""inside_interval"": true, ""signed_log_distance"": 0.0, ""distance_status"": ""censored_distance_lower_bound"", ""interval_width_tokens"": null, ""interval_log_width"": null, ""width_status"": ""unbounded_log_interval"", ""measured_lower_bound_D_U"": 158391, ""measured_upper_bound_D_U"": null}",
gemma3-4b,200000,qa:TriviaQA,0.25,boundary,fixed_reuse,,,[],"[""gemma3-4b-above-r1"", ""gemma3-4b-above-r2"", ""gemma3-4b-above-r3""]",,,158391,158391,True,False,,0.005597726770689038,"{""status"": ""lower_bound"", ""interval"": [158391, null]}",gemma3-4b|200000|qa:TriviaQA|0.25,,,,no_recommendation,,,unbounded_log_interval,158391,,"{""log_distance"": 0.0, ""inside_interval"": true, ""signed_log_distance"": 0.0, ""distance_status"": ""censored_distance_lower_bound"", ""interval_width_tokens"": null, ""interval_log_width"": null, ""width_status"": ""unbounded_log_interval"", ""measured_lower_bound_D_U"": 158391, ""measured_upper_bound_D_U"": null}",
gemma3-4b,200000,qa:TriviaQA,0.25,boundary,student_isotonic,,,[],"[""gemma3-4b-above-r1"", ""gemma3-4b-above-r2"", ""gemma3-4b-above-r3""]",,,158391,158391,True,False,,0.005597726770689038,"{""status"": ""lower_bound"", ""interval"": [158391, null]}",gemma3-4b|200000|qa:TriviaQA|0.25,,,,no_recommendation,,,unbounded_log_interval,158391,,"{""log_distance"": 0.0, ""inside_interval"": true, ""signed_log_distance"": 0.0, ""distance_status"": ""censored_distance_lower_bound"", ""interval_width_tokens"": null, ""interval_log_width"": null, ""width_status"": ""unbounded_log_interval"", ""measured_lower_bound_D_U"": 158391, ""measured_upper_bound_D_U"": null}",
gemma3-4b,200000,qa:TriviaQA,0.25,delta,boundary_loglinear,,,[],"[""gemma3-4b-above-r1"", ""gemma3-4b-above-r2"", ""gemma3-4b-above-r3""]",,,158391,158391,True,False,,0.005597726770689038,"{""status"": ""lower_bound"", ""interval"": [158391, null]}",gemma3-4b|200000|qa:TriviaQA|0.25,,,,no_recommendation,,,unbounded_log_interval,158391,,"{""log_distance"": 0.0, ""inside_interval"": true, ""signed_log_distance"": 0.0, ""distance_status"": ""censored_distance_lower_bound"", ""interval_width_tokens"": null, ""interval_log_width"": null, ""width_status"": ""unbounded_log_interval"", ""measured_lower_bound_D_U"": 158391, ""measured_upper_bound_D_U"": null}",
gemma3-4b,200000,qa:TriviaQA,0.25,delta,fixed_reuse,,,[],"[""gemma3-4b-above-r1"", ""gemma3-4b-above-r2"", ""gemma3-4b-above-r3""]",,,158391,158391,True,False,,0.005597726770689038,"{""status"": ""lower_bound"", ""interval"": [158391, null]}",gemma3-4b|200000|qa:TriviaQA|0.25,,,,no_recommendation,,,unbounded_log_interval,158391,,"{""log_distance"": 0.0, ""inside_interval"": true, ""signed_log_distance"": 0.0, ""distance_status"": ""censored_distance_lower_bound"", ""interval_width_tokens"": null, ""interval_log_width"": null, ""width_status"": ""unbounded_log_interval"", ""measured_lower_bound_D_U"": 158391, ""measured_upper_bound_D_U"": null}",
gemma3-4b,200000,qa:TriviaQA,0.25,delta,student_isotonic,,,[],"[""gemma3-4b-above-r1"", ""gemma3-4b-above-r2"", ""gemma3-4b-above-r3""]",,,158391,158391,True,False,,0.005597726770689038,"{""status"": ""lower_bound"", ""interval"": [158391, null]}",gemma3-4b|200000|qa:TriviaQA|0.25,,,,no_recommendation,,,unbounded_log_interval,158391,,"{""log_distance"": 0.0, ""inside_interval"": true, ""signed_log_distance"": 0.0, ""distance_status"": ""censored_distance_lower_bound"", ""interval_width_tokens"": null, ""interval_log_width"": null, ""width_status"": ""unbounded_log_interval"", ""measured_lower_bound_D_U"": 158391, ""measured_upper_bound_D_U"": null}",
gemma3-4b,200000,qa:TriviaQA,0.5,boundary,boundary_loglinear,158391,above,"[""gemma3-4b-above-r1"", ""gemma3-4b-above-r2"", ""gemma3-4b-above-r3""]","[""gemma3-4b-above-r1"", ""gemma3-4b-above-r2"", ""gemma3-4b-above-r3""]",False,158391,158391,158391,False,False,,0.005597726770689038,"{""status"": ""lower_bound"", ""interval"": [158391, null]}",gemma3-4b|200000|qa:TriviaQA|0.5,0.0,True,0.0,censored_distance_lower_bound,,,unbounded_log_interval,158391,,"{""log_distance"": 0.0, ""inside_interval"": true, ""signed_log_distance"": 0.0, ""distance_status"": ""censored_distance_lower_bound"", ""interval_width_tokens"": null, ""interval_log_width"": null, ""width_status"": ""unbounded_log_interval"", ""measured_lower_bound_D_U"": 158391, ""measured_upper_bound_D_U"": null}",0.0
gemma3-4b,200000,qa:TriviaQA,0.5,boundary,fixed_reuse,158391,above,"[""gemma3-4b-above-r1"", ""gemma3-4b-above-r2"", ""gemma3-4b-above-r3""]","[""gemma3-4b-above-r1"", ""gemma3-4b-above-r2"", ""gemma3-4b-above-r3""]",False,158391,158391,158391,False,False,,0.005597726770689038,"{""status"": ""lower_bound"", ""interval"": [158391, null]}",gemma3-4b|200000|qa:TriviaQA|0.5,0.0,True,0.0,censored_distance_lower_bound,,,unbounded_log_interval,158391,,"{""log_distance"": 0.0, ""inside_interval"": true, ""signed_log_distance"": 0.0, ""distance_status"": ""censored_distance_lower_bound"", ""interval_width_tokens"": null, ""interval_log_width"": null, ""width_status"": ""unbounded_log_interval"", ""measured_lower_bound_D_U"": 158391, ""measured_upper_bound_D_U"": null}",0.0
gemma3-4b,200000,qa:TriviaQA,0.5,boundary,student_isotonic,158391,above,"[""gemma3-4b-above-r1"", ""gemma3-4b-above-r2"", ""gemma3-4b-above-r3""]","[""gemma3-4b-above-r1"", ""gemma3-4b-above-r2"", ""gemma3-4b-above-r3""]",False,158391,158391,158391,False,False,,0.005597726770689038,"{""status"": ""lower_bound"", ""interval"": [158391, null]}",gemma3-4b|200000|qa:TriviaQA|0.5,0.0,True,0.0,censored_distance_lower_bound,,,unbounded_log_interval,158391,,"{""log_distance"": 0.0, ""inside_interval"": true, ""signed_log_distance"": 0.0, ""distance_status"": ""censored_distance_lower_bound"", ""interval_width_tokens"": null, ""interval_log_width"": null, ""width_status"": ""unbounded_log_interval"", ""measured_lower_bound_D_U"": 158391, ""measured_upper_bound_D_U"": null}",0.0
gemma3-4b,200000,qa:TriviaQA,0.5,delta,boundary_loglinear,,,[],"[""gemma3-4b-above-r1"", ""gemma3-4b-above-r2"", ""gemma3-4b-above-r3""]",,,158391,158391,False,False,,0.005597726770689038,"{""status"": ""lower_bound"", ""interval"": [158391, null]}",gemma3-4b|200000|qa:TriviaQA|0.5,,,,no_recommendation,,,unbounded_log_interval,158391,,"{""log_distance"": 0.0, ""inside_interval"": true, ""signed_log_distance"": 0.0, ""distance_status"": ""censored_distance_lower_bound"", ""interval_width_tokens"": null, ""interval_log_width"": null, ""width_status"": ""unbounded_log_interval"", ""measured_lower_bound_D_U"": 158391, ""measured_upper_bound_D_U"": null}",
gemma3-4b,200000,qa:TriviaQA,0.5,delta,fixed_reuse,158391,above,"[""gemma3-4b-above-r1"", ""gemma3-4b-above-r2"", ""gemma3-4b-above-r3""]","[""gemma3-4b-above-r1"", ""gemma3-4b-above-r2"", ""gemma3-4b-above-r3""]",False,158391,158391,158391,False,False,,0.005597726770689038,"{""status"": ""lower_bound"", ""interval"": [158391, null]}",gemma3-4b|200000|qa:TriviaQA|0.5,0.0,True,0.0,censored_distance_lower_bound,,,unbounded_log_interval,158391,,"{""log_distance"": 0.0, ""inside_interval"": true, ""signed_log_distance"": 0.0, ""distance_status"": ""censored_distance_lower_bound"", ""interval_width_tokens"": null, ""interval_log_width"": null, ""width_status"": ""unbounded_log_interval"", ""measured_lower_bound_D_U"": 158391, ""measured_upper_bound_D_U"": null}",0.0
gemma3-4b,200000,qa:TriviaQA,0.5,delta,student_isotonic,158391,above,"[""gemma3-4b-above-r1"", ""gemma3-4b-above-r2"", ""gemma3-4b-above-r3""]","[""gemma3-4b-above-r1"", ""gemma3-4b-above-r2"", ""gemma3-4b-above-r3""]",False,158391,158391,158391,False,False,,0.005597726770689038,"{""status"": ""lower_bound"", ""interval"": [158391, null]}",gemma3-4b|200000|qa:TriviaQA|0.5,0.0,True,0.0,censored_distance_lower_bound,,,unbounded_log_interval,158391,,"{""log_distance"": 0.0, ""inside_interval"": true, ""signed_log_distance"": 0.0, ""distance_status"": ""censored_distance_lower_bound"", ""interval_width_tokens"": null, ""interval_log_width"": null, ""width_status"": ""unbounded_log_interval"", ""measured_lower_bound_D_U"": 158391, ""measured_upper_bound_D_U"": null}",0.0
